
> KabySoft-Backend@1.1.6 start:dev
> nest start --watch

[2J[3J[H[[90m19:30:30[0m] Starting compilation in watch mode...

[[90m19:32:59[0m] Found 0 errors. Watching for file changes.

[32m[Nest] 13524  - [39m30/07/2026 19:33:56 [32m    LOG[39m [38;5;3m[NestFactory] [39m[32mStarting Nest application...[39m
[32m[Nest] 13524  - [39m30/07/2026 19:33:56 [32m    LOG[39m [38;5;3m[InstanceLoader] [39m[32mMulterModule dependencies initialized[39m[38;5;3m +379ms[39m
[32m[Nest] 13524  - [39m30/07/2026 19:33:56 [32m    LOG[39m [38;5;3m[InstanceLoader] [39m[32mTypeOrmModule dependencies initialized[39m[38;5;3m +1ms[39m
[32m[Nest] 13524  - [39m30/07/2026 19:33:56 [32m    LOG[39m [38;5;3m[InstanceLoader] [39m[32mPassportModule dependencies initialized[39m[38;5;3m +1ms[39m
[32m[Nest] 13524  - [39m30/07/2026 19:33:56 [32m    LOG[39m [38;5;3m[InstanceLoader] [39m[32mMailerModule dependencies initialized[39m[38;5;3m +1ms[39m
[32m[Nest] 13524  - [39m30/07/2026 19:33:56 [32m    LOG[39m [38;5;3m[InstanceLoader] [39m[32mClientsModule dependencies initialized[39m[38;5;3m +0ms[39m
[32m[Nest] 13524  - [39m30/07/2026 19:33:56 [32m    LOG[39m [38;5;3m[InstanceLoader] [39m[32mBullModule dependencies initialized[39m[38;5;3m +0ms[39m
[32m[Nest] 13524  - [39m30/07/2026 19:33:56 [32m    LOG[39m [38;5;3m[InstanceLoader] [39m[32mConfigHostModule dependencies initialized[39m[38;5;3m +17ms[39m
[32m[Nest] 13524  - [39m30/07/2026 19:33:56 [32m    LOG[39m [38;5;3m[InstanceLoader] [39m[32mDiscoveryModule dependencies initialized[39m[38;5;3m +3ms[39m
[32m[Nest] 13524  - [39m30/07/2026 19:33:56 [32m    LOG[39m [38;5;3m[InstanceLoader] [39m[32mConfigModule dependencies initialized[39m[38;5;3m +8ms[39m
[32m[Nest] 13524  - [39m30/07/2026 19:33:56 [32m    LOG[39m [38;5;3m[InstanceLoader] [39m[32mConfigModule dependencies initialized[39m[38;5;3m +0ms[39m
[32m[Nest] 13524  - [39m30/07/2026 19:33:56 [32m    LOG[39m [38;5;3m[InstanceLoader] [39m[32mConfigModule dependencies initialized[39m[38;5;3m +0ms[39m
[32m[Nest] 13524  - [39m30/07/2026 19:33:56 [32m    LOG[39m [38;5;3m[InstanceLoader] [39m[32mScheduleModule dependencies initialized[39m[38;5;3m +1ms[39m
[32m[Nest] 13524  - [39m30/07/2026 19:33:56 [32m    LOG[39m [38;5;3m[InstanceLoader] [39m[32mEventEmitterModule dependencies initialized[39m[38;5;3m +1ms[39m
[32m[Nest] 13524  - [39m30/07/2026 19:33:56 [32m    LOG[39m [38;5;3m[InstanceLoader] [39m[32mScheduleModule dependencies initialized[39m[38;5;3m +0ms[39m
[32m[Nest] 13524  - [39m30/07/2026 19:33:56 [32m    LOG[39m [38;5;3m[InstanceLoader] [39m[32mBullModule dependencies initialized[39m[38;5;3m +0ms[39m
[32m[Nest] 13524  - [39m30/07/2026 19:33:59 [32m    LOG[39m [38;5;3m[InstanceLoader] [39m[32mJwtModule dependencies initialized[39m[38;5;3m +2449ms[39m
[32m[Nest] 13524  - [39m30/07/2026 19:33:59 [32m    LOG[39m [38;5;3m[InstanceLoader] [39m[32mMailerCoreModule dependencies initialized[39m[38;5;3m +1ms[39m
[32m[Nest] 13524  - [39m30/07/2026 19:33:59 [32m    LOG[39m [38;5;3m[InstanceLoader] [39m[32mHttpModule dependencies initialized[39m[38;5;3m +2ms[39m
[32m[Nest] 13524  - [39m30/07/2026 19:33:59 [32m    LOG[39m [38;5;3m[InstanceLoader] [39m[32mBullModule dependencies initialized[39m[38;5;3m +3ms[39m
[Function: forwardRef]
[Function: forwardRef]
[Function: forwardRef]
[32m[Nest] 13524  - [39m30/07/2026 19:34:01 [32m    LOG[39m [38;5;3m[InstanceLoader] [39m[32mTypeOrmCoreModule dependencies initialized[39m[38;5;3m +1877ms[39m
[32m[Nest] 13524  - [39m30/07/2026 19:34:01 [32m    LOG[39m [38;5;3m[InstanceLoader] [39m[32mTypeOrmModule dependencies initialized[39m[38;5;3m +0ms[39m
[32m[Nest] 13524  - [39m30/07/2026 19:34:01 [32m    LOG[39m [38;5;3m[InstanceLoader] [39m[32mTypeOrmModule dependencies initialized[39m[38;5;3m +0ms[39m
[32m[Nest] 13524  - [39m30/07/2026 19:34:01 [32m    LOG[39m [38;5;3m[InstanceLoader] [39m[32mTypeOrmModule dependencies initialized[39m[38;5;3m +0ms[39m
[32m[Nest] 13524  - [39m30/07/2026 19:34:01 [32m    LOG[39m [38;5;3m[InstanceLoader] [39m[32mTypeOrmModule dependencies initialized[39m[38;5;3m +1ms[39m
[32m[Nest] 13524  - [39m30/07/2026 19:34:01 [32m    LOG[39m [38;5;3m[InstanceLoader] [39m[32mTypeOrmModule dependencies initialized[39m[38;5;3m +0ms[39m
[32m[Nest] 13524  - [39m30/07/2026 19:34:01 [32m    LOG[39m [38;5;3m[InstanceLoader] [39m[32mTypeOrmModule dependencies initialized[39m[38;5;3m +0ms[39m
[32m[Nest] 13524  - [39m30/07/2026 19:34:01 [32m    LOG[39m [38;5;3m[InstanceLoader] [39m[32mTypeOrmModule dependencies initialized[39m[38;5;3m +0ms[39m
[32m[Nest] 13524  - [39m30/07/2026 19:34:01 [32m    LOG[39m [38;5;3m[InstanceLoader] [39m[32mTypeOrmModule dependencies initialized[39m[38;5;3m +0ms[39m
[32m[Nest] 13524  - [39m30/07/2026 19:34:01 [32m    LOG[39m [38;5;3m[InstanceLoader] [39m[32mTypeOrmModule dependencies initialized[39m[38;5;3m +0ms[39m
[32m[Nest] 13524  - [39m30/07/2026 19:34:01 [32m    LOG[39m [38;5;3m[InstanceLoader] [39m[32mTypeOrmModule dependencies initialized[39m[38;5;3m +1ms[39m
[32m[Nest] 13524  - [39m30/07/2026 19:34:01 [32m    LOG[39m [38;5;3m[InstanceLoader] [39m[32mTypeOrmModule dependencies initialized[39m[38;5;3m +0ms[39m
[32m[Nest] 13524  - [39m30/07/2026 19:34:01 [32m    LOG[39m [38;5;3m[InstanceLoader] [39m[32mTypeOrmModule dependencies initialized[39m[38;5;3m +0ms[39m
[32m[Nest] 13524  - [39m30/07/2026 19:34:01 [32m    LOG[39m [38;5;3m[InstanceLoader] [39m[32mTypeOrmModule dependencies initialized[39m[38;5;3m +0ms[39m
[32m[Nest] 13524  - [39m30/07/2026 19:34:01 [32m    LOG[39m [38;5;3m[InstanceLoader] [39m[32mTypeOrmModule dependencies initialized[39m[38;5;3m +0ms[39m
[32m[Nest] 13524  - [39m30/07/2026 19:34:01 [32m    LOG[39m [38;5;3m[InstanceLoader] [39m[32mTypeOrmModule dependencies initialized[39m[38;5;3m +0ms[39m
[32m[Nest] 13524  - [39m30/07/2026 19:34:01 [32m    LOG[39m [38;5;3m[InstanceLoader] [39m[32mTypeOrmModule dependencies initialized[39m[38;5;3m +0ms[39m
[32m[Nest] 13524  - [39m30/07/2026 19:34:01 [32m    LOG[39m [38;5;3m[InstanceLoader] [39m[32mTypeOrmModule dependencies initialized[39m[38;5;3m +1ms[39m
[32m[Nest] 13524  - [39m30/07/2026 19:34:01 [32m    LOG[39m [38;5;3m[InstanceLoader] [39m[32mTypeOrmModule dependencies initialized[39m[38;5;3m +0ms[39m
[32m[Nest] 13524  - [39m30/07/2026 19:34:01 [32m    LOG[39m [38;5;3m[InstanceLoader] [39m[32mTypeOrmModule dependencies initialized[39m[38;5;3m +0ms[39m
[32m[Nest] 13524  - [39m30/07/2026 19:34:01 [32m    LOG[39m [38;5;3m[InstanceLoader] [39m[32mTypeOrmModule dependencies initialized[39m[38;5;3m +0ms[39m
[32m[Nest] 13524  - [39m30/07/2026 19:34:01 [32m    LOG[39m [38;5;3m[InstanceLoader] [39m[32mTypeOrmModule dependencies initialized[39m[38;5;3m +0ms[39m
[32m[Nest] 13524  - [39m30/07/2026 19:34:01 [32m    LOG[39m [38;5;3m[InstanceLoader] [39m[32mTypeOrmModule dependencies initialized[39m[38;5;3m +0ms[39m
[32m[Nest] 13524  - [39m30/07/2026 19:34:01 [32m    LOG[39m [38;5;3m[InstanceLoader] [39m[32mTypeOrmModule dependencies initialized[39m[38;5;3m +0ms[39m
[32m[Nest] 13524  - [39m30/07/2026 19:34:01 [32m    LOG[39m [38;5;3m[InstanceLoader] [39m[32mTypeOrmModule dependencies initialized[39m[38;5;3m +0ms[39m
[32m[Nest] 13524  - [39m30/07/2026 19:34:01 [32m    LOG[39m [38;5;3m[InstanceLoader] [39m[32mTypeOrmModule dependencies initialized[39m[38;5;3m +0ms[39m
[32m[Nest] 13524  - [39m30/07/2026 19:34:01 [32m    LOG[39m [38;5;3m[InstanceLoader] [39m[32mTypeOrmModule dependencies initialized[39m[38;5;3m +1ms[39m
[32m[Nest] 13524  - [39m30/07/2026 19:34:01 [32m    LOG[39m [38;5;3m[InstanceLoader] [39m[32mTypeOrmModule dependencies initialized[39m[38;5;3m +0ms[39m
[32m[Nest] 13524  - [39m30/07/2026 19:34:01 [32m    LOG[39m [38;5;3m[InstanceLoader] [39m[32mTypeOrmModule dependencies initialized[39m[38;5;3m +0ms[39m
[32m[Nest] 13524  - [39m30/07/2026 19:34:01 [32m    LOG[39m [38;5;3m[InstanceLoader] [39m[32mTypeOrmModule dependencies initialized[39m[38;5;3m +0ms[39m
[32m[Nest] 13524  - [39m30/07/2026 19:34:01 [32m    LOG[39m [38;5;3m[InstanceLoader] [39m[32mTypeOrmModule dependencies initialized[39m[38;5;3m +0ms[39m
[32m[Nest] 13524  - [39m30/07/2026 19:34:01 [32m    LOG[39m [38;5;3m[InstanceLoader] [39m[32mTypeOrmModule dependencies initialized[39m[38;5;3m +0ms[39m
[32m[Nest] 13524  - [39m30/07/2026 19:34:01 [32m    LOG[39m [38;5;3m[InstanceLoader] [39m[32mTypeOrmModule dependencies initialized[39m[38;5;3m +0ms[39m
[32m[Nest] 13524  - [39m30/07/2026 19:34:01 [32m    LOG[39m [38;5;3m[InstanceLoader] [39m[32mTypeOrmModule dependencies initialized[39m[38;5;3m +0ms[39m
[32m[Nest] 13524  - [39m30/07/2026 19:34:01 [32m    LOG[39m [38;5;3m[InstanceLoader] [39m[32mTypeOrmModule dependencies initialized[39m[38;5;3m +1ms[39m
[32m[Nest] 13524  - [39m30/07/2026 19:34:01 [32m    LOG[39m [38;5;3m[InstanceLoader] [39m[32mTypeOrmModule dependencies initialized[39m[38;5;3m +0ms[39m
[32m[Nest] 13524  - [39m30/07/2026 19:34:01 [32m    LOG[39m [38;5;3m[InstanceLoader] [39m[32mTypeOrmModule dependencies initialized[39m[38;5;3m +0ms[39m
[32m[Nest] 13524  - [39m30/07/2026 19:34:01 [32m    LOG[39m [38;5;3m[InstanceLoader] [39m[32mTypeOrmModule dependencies initialized[39m[38;5;3m +0ms[39m
[32m[Nest] 13524  - [39m30/07/2026 19:34:01 [32m    LOG[39m [38;5;3m[InstanceLoader] [39m[32mTypeOrmModule dependencies initialized[39m[38;5;3m +0ms[39m
[32m[Nest] 13524  - [39m30/07/2026 19:34:01 [32m    LOG[39m [38;5;3m[InstanceLoader] [39m[32mBackupModule dependencies initialized[39m[38;5;3m +0ms[39m
[32m[Nest] 13524  - [39m30/07/2026 19:34:01 [32m    LOG[39m [38;5;3m[InstanceLoader] [39m[32mTypeOrmModule dependencies initialized[39m[38;5;3m +0ms[39m
[32m[Nest] 13524  - [39m30/07/2026 19:34:01 [32m    LOG[39m [38;5;3m[InstanceLoader] [39m[32mTypeOrmModule dependencies initialized[39m[38;5;3m +0ms[39m
[32m[Nest] 13524  - [39m30/07/2026 19:34:01 [32m    LOG[39m [38;5;3m[InstanceLoader] [39m[32mOutboxModule dependencies initialized[39m[38;5;3m +12ms[39m
[32m[Nest] 13524  - [39m30/07/2026 19:34:01 [32m    LOG[39m [38;5;3m[InstanceLoader] [39m[32mReminderSchedulerModule dependencies initialized[39m[38;5;3m +11ms[39m
[32m[Nest] 13524  - [39m30/07/2026 19:34:01 [32m    LOG[39m [38;5;3m[InstanceLoader] [39m[32mAiDatabaseProjectModule dependencies initialized[39m[38;5;3m +1ms[39m
[32m[Nest] 13524  - [39m30/07/2026 19:34:01 [32m    LOG[39m [38;5;3m[InstanceLoader] [39m[32mCoreNotificationsModule dependencies initialized[39m[38;5;3m +19ms[39m
[32m[Nest] 13524  - [39m30/07/2026 19:34:01 [32m    LOG[39m [38;5;3m[InstanceLoader] [39m[32mEmailsModule dependencies initialized[39m[38;5;3m +24ms[39m
[32m[Nest] 13524  - [39m30/07/2026 19:34:01 [32m    LOG[39m [38;5;3m[InstanceLoader] [39m[32mOnboardingModule dependencies initialized[39m[38;5;3m +27ms[39m
[Function: forwardRef]
[32m[Nest] 13524  - [39m30/07/2026 19:34:01 [32m    LOG[39m [38;5;3m[InstanceLoader] [39m[32mMailTemplateModule dependencies initialized[39m[38;5;3m +36ms[39m
[32m[Nest] 13524  - [39m30/07/2026 19:34:01 [32m    LOG[39m [38;5;3m[InstanceLoader] [39m[32mDocumentCategoryModule dependencies initialized[39m[38;5;3m +0ms[39m
[32m[Nest] 13524  - [39m30/07/2026 19:34:01 [32m    LOG[39m [38;5;3m[InstanceLoader] [39m[32mAudienceTypeModule dependencies initialized[39m[38;5;3m +0ms[39m
[32m[Nest] 13524  - [39m30/07/2026 19:34:01 [32m    LOG[39m [38;5;3m[InstanceLoader] [39m[32mJurisdictionModule dependencies initialized[39m[38;5;3m +1ms[39m
[32m[Nest] 13524  - [39m30/07/2026 19:34:01 [32m    LOG[39m [38;5;3m[InstanceLoader] [39m[32mInvoiceTypeModule dependencies initialized[39m[38;5;3m +0ms[39m
[32m[Nest] 13524  - [39m30/07/2026 19:34:01 [32m    LOG[39m [38;5;3m[InstanceLoader] [39m[32mPdfTemplatesModule dependencies initialized[39m[38;5;3m +0ms[39m
[32m[Nest] 13524  - [39m30/07/2026 19:34:01 [32m    LOG[39m [38;5;3m[InstanceLoader] [39m[32mTemplateBlocksModule dependencies initialized[39m[38;5;3m +0ms[39m
[32m[Nest] 13524  - [39m30/07/2026 19:34:01 [32m    LOG[39m [38;5;3m[RolePermissionController] [39m[32m[INIT] RolePermissionController instancié ✅[39m
[32m[Nest] 13524  - [39m30/07/2026 19:34:01 [32m    LOG[39m [38;5;3m[InstanceLoader] [39m[32mPaiementModule dependencies initialized[39m[38;5;3m +2ms[39m
[32m[Nest] 13524  - [39m30/07/2026 19:34:01 [32m    LOG[39m [38;5;3m[InstanceLoader] [39m[32mPlansModule dependencies initialized[39m[38;5;3m +2ms[39m
[32m[Nest] 13524  - [39m30/07/2026 19:34:01 [32m    LOG[39m [38;5;3m[InstanceLoader] [39m[32mIamModule dependencies initialized[39m[38;5;3m +0ms[39m
[32m[Nest] 13524  - [39m30/07/2026 19:34:01 [32m    LOG[39m [38;5;3m[InstanceLoader] [39m[32mSubscriptionsModule dependencies initialized[39m[38;5;3m +0ms[39m
[32m[Nest] 13524  - [39m30/07/2026 19:34:01 [32m    LOG[39m [38;5;3m[InstanceLoader] [39m[32mFactureModule dependencies initialized[39m[38;5;3m +1ms[39m
[32m[Nest] 13524  - [39m30/07/2026 19:34:01 [32m    LOG[39m [38;5;3m[InstanceLoader] [39m[32mReportsModule dependencies initialized[39m[38;5;3m +0ms[39m
[32m[Nest] 13524  - [39m30/07/2026 19:34:01 [32m    LOG[39m [38;5;3m[InstanceLoader] [39m[32mNotificationModule dependencies initialized[39m[38;5;3m +2ms[39m
[32m[Nest] 13524  - [39m30/07/2026 19:34:01 [32m    LOG[39m [38;5;3m[InstanceLoader] [39m[32mExportModule dependencies initialized[39m[38;5;3m +0ms[39m
[32m[Nest] 13524  - [39m30/07/2026 19:34:01 [32m    LOG[39m [38;5;3m[InstanceLoader] [39m[32mCabinetModule dependencies initialized[39m[38;5;3m +2ms[39m
[32m[Nest] 13524  - [39m30/07/2026 19:34:01 [32m    LOG[39m [38;5;3m[InstanceLoader] [39m[32mProceduresModule dependencies initialized[39m[38;5;3m +2ms[39m
[32m[Nest] 13524  - [39m30/07/2026 19:34:01 [32m    LOG[39m [38;5;3m[InstanceLoader] [39m[32mSettingsModule dependencies initialized[39m[38;5;3m +7ms[39m
[32m[Nest] 13524  - [39m30/07/2026 19:34:01 [32m    LOG[39m [38;5;3m[InstanceLoader] [39m[32mAppModule dependencies initialized[39m[38;5;3m +1ms[39m
[32m[Nest] 13524  - [39m30/07/2026 19:34:01 [32m    LOG[39m [38;5;3m[InstanceLoader] [39m[32mPayrollModule dependencies initialized[39m[38;5;3m +2ms[39m
[32m[Nest] 13524  - [39m30/07/2026 19:34:01 [32m    LOG[39m [38;5;3m[InstanceLoader] [39m[32mComptabiliteModule dependencies initialized[39m[38;5;3m +1ms[39m
[32m[Nest] 13524  - [39m30/07/2026 19:34:01 [32m    LOG[39m [38;5;3m[InstanceLoader] [39m[32mFindingModule dependencies initialized[39m[38;5;3m +2ms[39m
[32m[Nest] 13524  - [39m30/07/2026 19:34:01 [32m    LOG[39m [38;5;3m[InstanceLoader] [39m[32mChatModule dependencies initialized[39m[38;5;3m +0ms[39m
[32m[Nest] 13524  - [39m30/07/2026 19:34:01 [32m    LOG[39m [38;5;3m[InstanceLoader] [39m[32mProcedureModule dependencies initialized[39m[38;5;3m +1ms[39m
[32m[Nest] 13524  - [39m30/07/2026 19:34:01 [32m    LOG[39m [38;5;3m[InstanceLoader] [39m[32mDiligenceModule dependencies initialized[39m[38;5;3m +0ms[39m
[32m[Nest] 13524  - [39m30/07/2026 19:34:01 [32m    LOG[39m [38;5;3m[InstanceLoader] [39m[32mAudiencesModule dependencies initialized[39m[38;5;3m +1ms[39m
[32m[Nest] 13524  - [39m30/07/2026 19:34:01 [32m    LOG[39m [38;5;3m[InstanceLoader] [39m[32mReferralModule dependencies initialized[39m[38;5;3m +0ms[39m
[32m[Nest] 13524  - [39m30/07/2026 19:34:01 [32m    LOG[39m [38;5;3m[InstanceLoader] [39m[32mGeographyModule dependencies initialized[39m[38;5;3m +0ms[39m
[32m[Nest] 13524  - [39m30/07/2026 19:34:01 [32m    LOG[39m [38;5;3m[InstanceLoader] [39m[32mCoreModule dependencies initialized[39m[38;5;3m +2ms[39m
[32m[Nest] 13524  - [39m30/07/2026 19:34:01 [32m    LOG[39m [38;5;3m[InstanceLoader] [39m[32mSupplierModule dependencies initialized[39m[38;5;3m +0ms[39m
[32m[Nest] 13524  - [39m30/07/2026 19:34:01 [32m    LOG[39m [38;5;3m[InstanceLoader] [39m[32mDashboardModule dependencies initialized[39m[38;5;3m +1ms[39m
[32m[Nest] 13524  - [39m30/07/2026 19:34:01 [32m    LOG[39m [38;5;3m[InstanceLoader] [39m[32mAiDatabaseModule dependencies initialized[39m[38;5;3m +0ms[39m
[32m[Nest] 13524  - [39m30/07/2026 19:34:01 [32m    LOG[39m [38;5;3m[InstanceLoader] [39m[32mAgenciesModule dependencies initialized[39m[38;5;3m +0ms[39m
[32m[Nest] 13524  - [39m30/07/2026 19:34:01 [32m    LOG[39m [38;5;3m[InstanceLoader] [39m[32mDossiersModule dependencies initialized[39m[38;5;3m +1ms[39m
[32m[Nest] 13524  - [39m30/07/2026 19:34:01 [32m    LOG[39m [38;5;3m[InstanceLoader] [39m[32mDocumentsModule dependencies initialized[39m[38;5;3m +0ms[39m
[32m[Nest] 13524  - [39m30/07/2026 19:34:01 [32m    LOG[39m [38;5;3m[InstanceLoader] [39m[32mCustomerModule dependencies initialized[39m[38;5;3m +1ms[39m
[32m[Nest] 13524  - [39m30/07/2026 19:34:03 [32m    LOG[39m [38;5;3m[NestMicroservice] [39m[32mNest microservice successfully started[39m[38;5;3m +2486ms[39m
[32m[Nest] 13524  - [39m30/07/2026 19:34:05 [32m    LOG[39m [38;5;3m[WebSocketsController] [39m[32mMainGateway subscribed to the "join_room" message[39m[38;5;3m +1762ms[39m
[32m[Nest] 13524  - [39m30/07/2026 19:34:05 [32m    LOG[39m [38;5;3m[WebSocketsController] [39m[32mMainGateway subscribed to the "sendMessage" message[39m[38;5;3m +0ms[39m
[32m[Nest] 13524  - [39m30/07/2026 19:34:05 [32m    LOG[39m [38;5;3m[WebSocketsController] [39m[32mMainGateway subscribed to the "typing" message[39m[38;5;3m +0ms[39m
[32m[Nest] 13524  - [39m30/07/2026 19:34:05 [32m    LOG[39m [38;5;3m[WebSocketsController] [39m[32mMainGateway subscribed to the "send_notification" message[39m[38;5;3m +0ms[39m
[32m[Nest] 13524  - [39m30/07/2026 19:34:05 [32m    LOG[39m [38;5;3m[WebSocketsController] [39m[32mMainGateway subscribed to the "broadcast_notification" message[39m[38;5;3m +1ms[39m
[32m[Nest] 13524  - [39m30/07/2026 19:34:05 [32m    LOG[39m [38;5;3m[WebSocketsController] [39m[32mMainGateway subscribed to the "userReadMessage" message[39m[38;5;3m +0ms[39m
[32m[Nest] 13524  - [39m30/07/2026 19:34:05 [32m    LOG[39m [38;5;3m[WebSocketsController] [39m[32mMainGateway subscribed to the "userReceiveMessage" message[39m[38;5;3m +0ms[39m
[32m[Nest] 13524  - [39m30/07/2026 19:34:05 [32m    LOG[39m [38;5;3m[WebSocketsController] [39m[32mMainGateway subscribed to the "messages_read" message[39m[38;5;3m +0ms[39m
[32m[Nest] 13524  - [39m30/07/2026 19:34:05 [32m    LOG[39m [38;5;3m[WebSocketsController] [39m[32mMainGateway subscribed to the "subscribe_to_dossier" message[39m[38;5;3m +0ms[39m
[32m[Nest] 13524  - [39m30/07/2026 19:34:05 [32m    LOG[39m [38;5;3m[WebSocketsController] [39m[32mMainGateway subscribed to the "unsubscribe_from_dossier" message[39m[38;5;3m +0ms[39m
[32m[Nest] 13524  - [39m30/07/2026 19:34:05 [32m    LOG[39m [38;5;3m[WebSocketsController] [39m[32mMainGateway subscribed to the "mark_notifications_read" message[39m[38;5;3m +0ms[39m
[32m[Nest] 13524  - [39m30/07/2026 19:34:05 [32m    LOG[39m [38;5;3m[WebSocketsController] [39m[32mMainGateway subscribed to the "get_notifications" message[39m[38;5;3m +0ms[39m
[32m[Nest] 13524  - [39m30/07/2026 19:34:05 [32m    LOG[39m [38;5;3m[WebSocketsController] [39m[32mMainGateway subscribed to the "get_unread_count" message[39m[38;5;3m +1ms[39m
[32m[Nest] 13524  - [39m30/07/2026 19:34:05 [32m    LOG[39m [38;5;3m[WebSocketsController] [39m[32mMainGateway subscribed to the "get_my_rooms" message[39m[38;5;3m +0ms[39m
[32m[Nest] 13524  - [39m30/07/2026 19:34:05 [32m    LOG[39m [38;5;3m[RoutesResolver] [39m[32mAppController {/}:[39m[38;5;3m +27ms[39m
[32m[Nest] 13524  - [39m30/07/2026 19:34:05 [32m    LOG[39m [38;5;3m[RoutesResolver] [39m[32mAuthController {/auth}:[39m[38;5;3m +1ms[39m
[32m[Nest] 13524  - [39m30/07/2026 19:34:05 [32m    LOG[39m [38;5;3m[RouterExplorer] [39m[32mMapped {/auth/login, POST} route[39m[38;5;3m +6ms[39m
[32m[Nest] 13524  - [39m30/07/2026 19:34:05 [32m    LOG[39m [38;5;3m[RouterExplorer] [39m[32mMapped {/auth/verify-mfa, POST} route[39m[38;5;3m +1ms[39m
[32m[Nest] 13524  - [39m30/07/2026 19:34:05 [32m    LOG[39m [38;5;3m[RouterExplorer] [39m[32mMapped {/auth/mfa/enable, POST} route[39m[38;5;3m +2ms[39m
[32m[Nest] 13524  - [39m30/07/2026 19:34:05 [32m    LOG[39m [38;5;3m[RouterExplorer] [39m[32mMapped {/auth/mfa/disable/challenge, POST} route[39m[38;5;3m +0ms[39m
[32m[Nest] 13524  - [39m30/07/2026 19:34:05 [32m    LOG[39m [38;5;3m[RouterExplorer] [39m[32mMapped {/auth/mfa/disable, POST} route[39m[38;5;3m +2ms[39m
[32m[Nest] 13524  - [39m30/07/2026 19:34:05 [32m    LOG[39m [38;5;3m[RouterExplorer] [39m[32mMapped {/auth/profile, GET} route[39m[38;5;3m +1ms[39m
[32m[Nest] 13524  - [39m30/07/2026 19:34:05 [32m    LOG[39m [38;5;3m[RouterExplorer] [39m[32mMapped {/auth/me/permissions, GET} route[39m[38;5;3m +0ms[39m
[32m[Nest] 13524  - [39m30/07/2026 19:34:05 [32m    LOG[39m [38;5;3m[RouterExplorer] [39m[32mMapped {/auth/refresh, POST} route[39m[38;5;3m +1ms[39m
[32m[Nest] 13524  - [39m30/07/2026 19:34:05 [32m    LOG[39m [38;5;3m[RouterExplorer] [39m[32mMapped {/auth/logout, POST} route[39m[38;5;3m +4ms[39m
[32m[Nest] 13524  - [39m30/07/2026 19:34:05 [32m    LOG[39m [38;5;3m[RouterExplorer] [39m[32mMapped {/auth/forgot-password, POST} route[39m[38;5;3m +2ms[39m
[32m[Nest] 13524  - [39m30/07/2026 19:34:05 [32m    LOG[39m [38;5;3m[RouterExplorer] [39m[32mMapped {/auth/verify-otp, POST} route[39m[38;5;3m +1ms[39m
[32m[Nest] 13524  - [39m30/07/2026 19:34:05 [32m    LOG[39m [38;5;3m[RouterExplorer] [39m[32mMapped {/auth/reset-password, POST} route[39m[38;5;3m +0ms[39m
[32m[Nest] 13524  - [39m30/07/2026 19:34:05 [32m    LOG[39m [38;5;3m[RouterExplorer] [39m[32mMapped {/auth/set-password, POST} route[39m[38;5;3m +1ms[39m
[32m[Nest] 13524  - [39m30/07/2026 19:34:05 [32m    LOG[39m [38;5;3m[RoutesResolver] [39m[32mOtpController {/otp}:[39m[38;5;3m +0ms[39m
[32m[Nest] 13524  - [39m30/07/2026 19:34:05 [32m    LOG[39m [38;5;3m[RouterExplorer] [39m[32mMapped {/otp/send, POST} route[39m[38;5;3m +1ms[39m
[32m[Nest] 13524  - [39m30/07/2026 19:34:05 [32m    LOG[39m [38;5;3m[RouterExplorer] [39m[32mMapped {/otp/verify, POST} route[39m[38;5;3m +1ms[39m
[32m[Nest] 13524  - [39m30/07/2026 19:34:05 [32m    LOG[39m [38;5;3m[RouterExplorer] [39m[32mMapped {/otp/generate/online-link, POST} route[39m[38;5;3m +0ms[39m
[32m[Nest] 13524  - [39m30/07/2026 19:34:05 [32m    LOG[39m [38;5;3m[RouterExplorer] [39m[32mMapped {/otp/validate/online-link, POST} route[39m[38;5;3m +1ms[39m
[32m[Nest] 13524  - [39m30/07/2026 19:34:05 [32m    LOG[39m [38;5;3m[RouterExplorer] [39m[32mMapped {/otp/sendMail, POST} route[39m[38;5;3m +1ms[39m
[32m[Nest] 13524  - [39m30/07/2026 19:34:05 [32m    LOG[39m [38;5;3m[RoutesResolver] [39m[32mMailController {/mails}:[39m[38;5;3m +0ms[39m
[32m[Nest] 13524  - [39m30/07/2026 19:34:05 [32m    LOG[39m [38;5;3m[RouterExplorer] [39m[32mMapped {/mails, POST} route[39m[38;5;3m +1ms[39m
[32m[Nest] 13524  - [39m30/07/2026 19:34:05 [32m    LOG[39m [38;5;3m[RouterExplorer] [39m[32mMapped {/mails, GET} route[39m[38;5;3m +0ms[39m
[32m[Nest] 13524  - [39m30/07/2026 19:34:05 [32m    LOG[39m [38;5;3m[RouterExplorer] [39m[32mMapped {/mails/:id, GET} route[39m[38;5;3m +1ms[39m
[32m[Nest] 13524  - [39m30/07/2026 19:34:05 [32m    LOG[39m [38;5;3m[RouterExplorer] [39m[32mMapped {/mails/:id/cancel, PATCH} route[39m[38;5;3m +1ms[39m
[32m[Nest] 13524  - [39m30/07/2026 19:34:05 [32m    LOG[39m [38;5;3m[RouterExplorer] [39m[32mMapped {/mails/:id/send, POST} route[39m[38;5;3m +0ms[39m
[32m[Nest] 13524  - [39m30/07/2026 19:34:05 [32m    LOG[39m [38;5;3m[RouterExplorer] [39m[32mMapped {/mails/send-direct, POST} route[39m[38;5;3m +0ms[39m
[32m[Nest] 13524  - [39m30/07/2026 19:34:05 [32m    LOG[39m [38;5;3m[RouterExplorer] [39m[32mMapped {/mails/by-entity/:entityType/:entityId, GET} route[39m[38;5;3m +1ms[39m
[32m[Nest] 13524  - [39m30/07/2026 19:34:05 [32m    LOG[39m [38;5;3m[RouterExplorer] [39m[32mMapped {/mails/by-client/:clientId, GET} route[39m[38;5;3m +0ms[39m
[32m[Nest] 13524  - [39m30/07/2026 19:34:05 [32m    LOG[39m [38;5;3m[RoutesResolver] [39m[32mMailTemplateController {/mail-templates}:[39m[38;5;3m +1ms[39m
[32m[Nest] 13524  - [39m30/07/2026 19:34:05 [32m    LOG[39m [38;5;3m[RouterExplorer] [39m[32mMapped {/mail-templates, POST} route[39m[38;5;3m +0ms[39m
[32m[Nest] 13524  - [39m30/07/2026 19:34:05 [32m    LOG[39m [38;5;3m[RouterExplorer] [39m[32mMapped {/mail-templates, GET} route[39m[38;5;3m +2ms[39m
[32m[Nest] 13524  - [39m30/07/2026 19:34:05 [32m    LOG[39m [38;5;3m[RouterExplorer] [39m[32mMapped {/mail-templates/variables, GET} route[39m[38;5;3m +1ms[39m
[32m[Nest] 13524  - [39m30/07/2026 19:34:05 [32m    LOG[39m [38;5;3m[RouterExplorer] [39m[32mMapped {/mail-templates/active, GET} route[39m[38;5;3m +0ms[39m
[32m[Nest] 13524  - [39m30/07/2026 19:34:05 [32m    LOG[39m [38;5;3m[RouterExplorer] [39m[32mMapped {/mail-templates/:id, GET} route[39m[38;5;3m +1ms[39m
[32m[Nest] 13524  - [39m30/07/2026 19:34:05 [32m    LOG[39m [38;5;3m[RouterExplorer] [39m[32mMapped {/mail-templates/:id/preview, POST} route[39m[38;5;3m +0ms[39m
[32m[Nest] 13524  - [39m30/07/2026 19:34:05 [32m    LOG[39m [38;5;3m[RouterExplorer] [39m[32mMapped {/mail-templates/:id, PATCH} route[39m[38;5;3m +1ms[39m
[32m[Nest] 13524  - [39m30/07/2026 19:34:05 [32m    LOG[39m [38;5;3m[RouterExplorer] [39m[32mMapped {/mail-templates/:id, DELETE} route[39m[38;5;3m +1ms[39m
[32m[Nest] 13524  - [39m30/07/2026 19:34:05 [32m    LOG[39m [38;5;3m[RoutesResolver] [39m[32mChatController {/chat}:[39m[38;5;3m +0ms[39m
[32m[Nest] 13524  - [39m30/07/2026 19:34:05 [32m    LOG[39m [38;5;3m[RouterExplorer] [39m[32mMapped {/chat/conversations, POST} route[39m[38;5;3m +1ms[39m
[32m[Nest] 13524  - [39m30/07/2026 19:34:05 [32m    LOG[39m [38;5;3m[RouterExplorer] [39m[32mMapped {/chat/groups, POST} route[39m[38;5;3m +0ms[39m
[32m[Nest] 13524  - [39m30/07/2026 19:34:05 [32m    LOG[39m [38;5;3m[RouterExplorer] [39m[32mMapped {/chat/conversations, GET} route[39m[38;5;3m +0ms[39m
[32m[Nest] 13524  - [39m30/07/2026 19:34:05 [32m    LOG[39m [38;5;3m[RouterExplorer] [39m[32mMapped {/chat/conversations/:id/messages, GET} route[39m[38;5;3m +1ms[39m
[32m[Nest] 13524  - [39m30/07/2026 19:34:05 [32m    LOG[39m [38;5;3m[RouterExplorer] [39m[32mMapped {/chat/conversations/:id, GET} route[39m[38;5;3m +1ms[39m
[32m[Nest] 13524  - [39m30/07/2026 19:34:05 [32m    LOG[39m [38;5;3m[RouterExplorer] [39m[32mMapped {/chat/messages, POST} route[39m[38;5;3m +1ms[39m
[32m[Nest] 13524  - [39m30/07/2026 19:34:05 [32m    LOG[39m [38;5;3m[RouterExplorer] [39m[32mMapped {/chat/send, POST} route[39m[38;5;3m +1ms[39m
[32m[Nest] 13524  - [39m30/07/2026 19:34:05 [32m    LOG[39m [38;5;3m[RouterExplorer] [39m[32mMapped {/chat/send-with-attachement-ids, POST} route[39m[38;5;3m +1ms[39m
[32m[Nest] 13524  - [39m30/07/2026 19:34:05 [32m    LOG[39m [38;5;3m[RouterExplorer] [39m[32mMapped {/chat/upload/attachements, POST} route[39m[38;5;3m +1ms[39m
[32m[Nest] 13524  - [39m30/07/2026 19:34:05 [32m    LOG[39m [38;5;3m[RouterExplorer] [39m[32mMapped {/chat/attachments/:id/content, GET} route[39m[38;5;3m +1ms[39m
[32m[Nest] 13524  - [39m30/07/2026 19:34:05 [32m    LOG[39m [38;5;3m[RouterExplorer] [39m[32mMapped {/chat/conversations/:id/read, POST} route[39m[38;5;3m +0ms[39m
[32m[Nest] 13524  - [39m30/07/2026 19:34:05 [32m    LOG[39m [38;5;3m[RoutesResolver] [39m[32mBranchController {/branch}:[39m[38;5;3m +1ms[39m
[32m[Nest] 13524  - [39m30/07/2026 19:34:05 [32m    LOG[39m [38;5;3m[RouterExplorer] [39m[32mMapped {/branch/stats, GET} route[39m[38;5;3m +0ms[39m
[32m[Nest] 13524  - [39m30/07/2026 19:34:05 [32m    LOG[39m [38;5;3m[RouterExplorer] [39m[32mMapped {/branch/stats/:id, GET} route[39m[38;5;3m +1ms[39m
[32m[Nest] 13524  - [39m30/07/2026 19:34:05 [32m    LOG[39m [38;5;3m[RouterExplorer] [39m[32mMapped {/branch, POST} route[39m[38;5;3m +2ms[39m
[32m[Nest] 13524  - [39m30/07/2026 19:34:05 [32m    LOG[39m [38;5;3m[RouterExplorer] [39m[32mMapped {/branch/search, GET} route[39m[38;5;3m +1ms[39m
[32m[Nest] 13524  - [39m30/07/2026 19:34:05 [32m    LOG[39m [38;5;3m[RouterExplorer] [39m[32mMapped {/branch, GET} route[39m[38;5;3m +0ms[39m
[32m[Nest] 13524  - [39m30/07/2026 19:34:05 [32m    LOG[39m [38;5;3m[RouterExplorer] [39m[32mMapped {/branch/:id, GET} route[39m[38;5;3m +1ms[39m
[32m[Nest] 13524  - [39m30/07/2026 19:34:05 [32m    LOG[39m [38;5;3m[RouterExplorer] [39m[32mMapped {/branch/:id/employees, GET} route[39m[38;5;3m +0ms[39m
[32m[Nest] 13524  - [39m30/07/2026 19:34:05 [32m    LOG[39m [38;5;3m[RouterExplorer] [39m[32mMapped {/branch/:id, PUT} route[39m[38;5;3m +1ms[39m
[32m[Nest] 13524  - [39m30/07/2026 19:34:05 [32m    LOG[39m [38;5;3m[RouterExplorer] [39m[32mMapped {/branch/inactives, GET} route[39m[38;5;3m +0ms[39m
[32m[Nest] 13524  - [39m30/07/2026 19:34:05 [32m    LOG[39m [38;5;3m[RouterExplorer] [39m[32mMapped {/branch/deactivate, GET} route[39m[38;5;3m +1ms[39m
[32m[Nest] 13524  - [39m30/07/2026 19:34:05 [32m    LOG[39m [38;5;3m[RouterExplorer] [39m[32mMapped {/branch/activate, GET} route[39m[38;5;3m +0ms[39m
[32m[Nest] 13524  - [39m30/07/2026 19:34:05 [32m    LOG[39m [38;5;3m[RoutesResolver] [39m[32mEmployeeController {/user}:[39m[38;5;3m +0ms[39m
[32m[Nest] 13524  - [39m30/07/2026 19:34:05 [32m    LOG[39m [38;5;3m[RouterExplorer] [39m[32mMapped {/user/stats, GET} route[39m[38;5;3m +1ms[39m
[32m[Nest] 13524  - [39m30/07/2026 19:34:05 [32m    LOG[39m [38;5;3m[RouterExplorer] [39m[32mMapped {/user/stats/:id, GET} route[39m[38;5;3m +0ms[39m
[32m[Nest] 13524  - [39m30/07/2026 19:34:05 [32m    LOG[39m [38;5;3m[RouterExplorer] [39m[32mMapped {/user/stats/workload, GET} route[39m[38;5;3m +1ms[39m
[32m[Nest] 13524  - [39m30/07/2026 19:34:05 [32m    LOG[39m [38;5;3m[RouterExplorer] [39m[32mMapped {/user/stats/available, GET} route[39m[38;5;3m +0ms[39m
[32m[Nest] 13524  - [39m30/07/2026 19:34:05 [32m    LOG[39m [38;5;3m[RouterExplorer] [39m[32mMapped {/user/stats/top-performers, GET} route[39m[38;5;3m +1ms[39m
[32m[Nest] 13524  - [39m30/07/2026 19:34:05 [32m    LOG[39m [38;5;3m[RouterExplorer] [39m[32mMapped {/user/search, GET} route[39m[38;5;3m +0ms[39m
[32m[Nest] 13524  - [39m30/07/2026 19:34:05 [32m    LOG[39m [38;5;3m[RouterExplorer] [39m[32mMapped {/user, POST} route[39m[38;5;3m +1ms[39m
[32m[Nest] 13524  - [39m30/07/2026 19:34:05 [32m    LOG[39m [38;5;3m[RouterExplorer] [39m[32mMapped {/user, GET} route[39m[38;5;3m +1ms[39m
[32m[Nest] 13524  - [39m30/07/2026 19:34:05 [32m    LOG[39m [38;5;3m[RouterExplorer] [39m[32mMapped {/user/send-new-password, POST} route[39m[38;5;3m +0ms[39m
[32m[Nest] 13524  - [39m30/07/2026 19:34:05 [32m    LOG[39m [38;5;3m[RouterExplorer] [39m[32mMapped {/user/:id, GET} route[39m[38;5;3m +1ms[39m
[32m[Nest] 13524  - [39m30/07/2026 19:34:05 [32m    LOG[39m [38;5;3m[RouterExplorer] [39m[32mMapped {/user/:id/send-new-password, POST} route[39m[38;5;3m +1ms[39m
[32m[Nest] 13524  - [39m30/07/2026 19:34:05 [32m    LOG[39m [38;5;3m[RoutesResolver] [39m[32mRegionController {/region}:[39m[38;5;3m +0ms[39m
[32m[Nest] 13524  - [39m30/07/2026 19:34:05 [32m    LOG[39m [38;5;3m[RouterExplorer] [39m[32mMapped {/region, POST} route[39m[38;5;3m +1ms[39m
[32m[Nest] 13524  - [39m30/07/2026 19:34:05 [32m    LOG[39m [38;5;3m[RouterExplorer] [39m[32mMapped {/region/search, GET} route[39m[38;5;3m +1ms[39m
[32m[Nest] 13524  - [39m30/07/2026 19:34:05 [32m    LOG[39m [38;5;3m[RouterExplorer] [39m[32mMapped {/region, GET} route[39m[38;5;3m +31ms[39m
[32m[Nest] 13524  - [39m30/07/2026 19:34:05 [32m    LOG[39m [38;5;3m[RouterExplorer] [39m[32mMapped {/region/:id/division, GET} route[39m[38;5;3m +1ms[39m
[32m[Nest] 13524  - [39m30/07/2026 19:34:05 [32m    LOG[39m [38;5;3m[RouterExplorer] [39m[32mMapped {/region/:id, GET} route[39m[38;5;3m +1ms[39m
[32m[Nest] 13524  - [39m30/07/2026 19:34:05 [32m    LOG[39m [38;5;3m[RouterExplorer] [39m[32mMapped {/region/:id, PATCH} route[39m[38;5;3m +0ms[39m
[32m[Nest] 13524  - [39m30/07/2026 19:34:05 [32m    LOG[39m [38;5;3m[RouterExplorer] [39m[32mMapped {/region/:id, DELETE} route[39m[38;5;3m +1ms[39m
[32m[Nest] 13524  - [39m30/07/2026 19:34:05 [32m    LOG[39m [38;5;3m[RoutesResolver] [39m[32mDivisionsController {/divisions}:[39m[38;5;3m +0ms[39m
[32m[Nest] 13524  - [39m30/07/2026 19:34:05 [32m    LOG[39m [38;5;3m[RouterExplorer] [39m[32mMapped {/divisions/search, GET} route[39m[38;5;3m +1ms[39m
[32m[Nest] 13524  - [39m30/07/2026 19:34:05 [32m    LOG[39m [38;5;3m[RouterExplorer] [39m[32mMapped {/divisions, POST} route[39m[38;5;3m +0ms[39m
[32m[Nest] 13524  - [39m30/07/2026 19:34:05 [32m    LOG[39m [38;5;3m[RouterExplorer] [39m[32mMapped {/divisions, GET} route[39m[38;5;3m +1ms[39m
[32m[Nest] 13524  - [39m30/07/2026 19:34:05 [32m    LOG[39m [38;5;3m[RouterExplorer] [39m[32mMapped {/divisions/:id, GET} route[39m[38;5;3m +1ms[39m
[32m[Nest] 13524  - [39m30/07/2026 19:34:05 [32m    LOG[39m [38;5;3m[RouterExplorer] [39m[32mMapped {/divisions/:id/district, GET} route[39m[38;5;3m +0ms[39m
[32m[Nest] 13524  - [39m30/07/2026 19:34:05 [32m    LOG[39m [38;5;3m[RouterExplorer] [39m[32mMapped {/divisions/:id, PUT} route[39m[38;5;3m +1ms[39m
[32m[Nest] 13524  - [39m30/07/2026 19:34:05 [32m    LOG[39m [38;5;3m[RouterExplorer] [39m[32mMapped {/divisions/:id, DELETE} route[39m[38;5;3m +0ms[39m
[32m[Nest] 13524  - [39m30/07/2026 19:34:05 [32m    LOG[39m [38;5;3m[RoutesResolver] [39m[32mDistrictsController {/districts}:[39m[38;5;3m +0ms[39m
[32m[Nest] 13524  - [39m30/07/2026 19:34:05 [32m    LOG[39m [38;5;3m[RouterExplorer] [39m[32mMapped {/districts, POST} route[39m[38;5;3m +1ms[39m
[32m[Nest] 13524  - [39m30/07/2026 19:34:05 [32m    LOG[39m [38;5;3m[RouterExplorer] [39m[32mMapped {/districts/search, GET} route[39m[38;5;3m +0ms[39m
[32m[Nest] 13524  - [39m30/07/2026 19:34:05 [32m    LOG[39m [38;5;3m[RouterExplorer] [39m[32mMapped {/districts, GET} route[39m[38;5;3m +1ms[39m
[32m[Nest] 13524  - [39m30/07/2026 19:34:05 [32m    LOG[39m [38;5;3m[RouterExplorer] [39m[32mMapped {/districts/:id, GET} route[39m[38;5;3m +1ms[39m
[32m[Nest] 13524  - [39m30/07/2026 19:34:05 [32m    LOG[39m [38;5;3m[RouterExplorer] [39m[32mMapped {/districts/:id/location-cities, GET} route[39m[38;5;3m +0ms[39m
[32m[Nest] 13524  - [39m30/07/2026 19:34:05 [32m    LOG[39m [38;5;3m[RouterExplorer] [39m[32mMapped {/districts/:id, PUT} route[39m[38;5;3m +1ms[39m
[32m[Nest] 13524  - [39m30/07/2026 19:34:05 [32m    LOG[39m [38;5;3m[RouterExplorer] [39m[32mMapped {/districts/:id, DELETE} route[39m[38;5;3m +0ms[39m
[32m[Nest] 13524  - [39m30/07/2026 19:34:05 [32m    LOG[39m [38;5;3m[RoutesResolver] [39m[32mLocationCitiesController {/location-cities}:[39m[38;5;3m +0ms[39m
[32m[Nest] 13524  - [39m30/07/2026 19:34:05 [32m    LOG[39m [38;5;3m[RouterExplorer] [39m[32mMapped {/location-cities, POST} route[39m[38;5;3m +1ms[39m
[32m[Nest] 13524  - [39m30/07/2026 19:34:05 [32m    LOG[39m [38;5;3m[RouterExplorer] [39m[32mMapped {/location-cities, GET} route[39m[38;5;3m +1ms[39m
[32m[Nest] 13524  - [39m30/07/2026 19:34:05 [32m    LOG[39m [38;5;3m[RouterExplorer] [39m[32mMapped {/location-cities/search, GET} route[39m[38;5;3m +0ms[39m
[32m[Nest] 13524  - [39m30/07/2026 19:34:05 [32m    LOG[39m [38;5;3m[RouterExplorer] [39m[32mMapped {/location-cities/:id, GET} route[39m[38;5;3m +0ms[39m
[32m[Nest] 13524  - [39m30/07/2026 19:34:05 [32m    LOG[39m [38;5;3m[RouterExplorer] [39m[32mMapped {/location-cities/:id, PUT} route[39m[38;5;3m +1ms[39m
[32m[Nest] 13524  - [39m30/07/2026 19:34:05 [32m    LOG[39m [38;5;3m[RouterExplorer] [39m[32mMapped {/location-cities/:id, DELETE} route[39m[38;5;3m +0ms[39m
[32m[Nest] 13524  - [39m30/07/2026 19:34:05 [32m    LOG[39m [38;5;3m[RoutesResolver] [39m[32mCountriesController {/countries}:[39m[38;5;3m +0ms[39m
[32m[Nest] 13524  - [39m30/07/2026 19:34:05 [32m    LOG[39m [38;5;3m[RouterExplorer] [39m[32mMapped {/countries, POST} route[39m[38;5;3m +0ms[39m
[32m[Nest] 13524  - [39m30/07/2026 19:34:05 [32m    LOG[39m [38;5;3m[RouterExplorer] [39m[32mMapped {/countries/search, GET} route[39m[38;5;3m +1ms[39m
[32m[Nest] 13524  - [39m30/07/2026 19:34:05 [32m    LOG[39m [38;5;3m[RouterExplorer] [39m[32mMapped {/countries, GET} route[39m[38;5;3m +0ms[39m
[32m[Nest] 13524  - [39m30/07/2026 19:34:05 [32m    LOG[39m [38;5;3m[RouterExplorer] [39m[32mMapped {/countries/:id, GET} route[39m[38;5;3m +1ms[39m
[32m[Nest] 13524  - [39m30/07/2026 19:34:05 [32m    LOG[39m [38;5;3m[RouterExplorer] [39m[32mMapped {/countries/:id/regions, GET} route[39m[38;5;3m +0ms[39m
[32m[Nest] 13524  - [39m30/07/2026 19:34:05 [32m    LOG[39m [38;5;3m[RouterExplorer] [39m[32mMapped {/countries/:id, PUT} route[39m[38;5;3m +1ms[39m
[32m[Nest] 13524  - [39m30/07/2026 19:34:05 [32m    LOG[39m [38;5;3m[RouterExplorer] [39m[32mMapped {/countries/:id, DELETE} route[39m[38;5;3m +0ms[39m
[32m[Nest] 13524  - [39m30/07/2026 19:34:05 [32m    LOG[39m [38;5;3m[RoutesResolver] [39m[32mPlansController {/plans}:[39m[38;5;3m +1ms[39m
[32m[Nest] 13524  - [39m30/07/2026 19:34:05 [32m    LOG[39m [38;5;3m[RouterExplorer] [39m[32mMapped {/plans, POST} route[39m[38;5;3m +0ms[39m
[32m[Nest] 13524  - [39m30/07/2026 19:34:05 [32m    LOG[39m [38;5;3m[RouterExplorer] [39m[32mMapped {/plans, GET} route[39m[38;5;3m +1ms[39m
[32m[Nest] 13524  - [39m30/07/2026 19:34:05 [32m    LOG[39m [38;5;3m[RouterExplorer] [39m[32mMapped {/plans/active, GET} route[39m[38;5;3m +0ms[39m
[32m[Nest] 13524  - [39m30/07/2026 19:34:05 [32m    LOG[39m [38;5;3m[RouterExplorer] [39m[32mMapped {/plans/quota/status, GET} route[39m[38;5;3m +2ms[39m
[32m[Nest] 13524  - [39m30/07/2026 19:34:05 [32m    LOG[39m [38;5;3m[RouterExplorer] [39m[32mMapped {/plans/cabinet/:cabinetId/assign/:planId, PATCH} route[39m[38;5;3m +1ms[39m
[32m[Nest] 13524  - [39m30/07/2026 19:34:05 [32m    LOG[39m [38;5;3m[RouterExplorer] [39m[32mMapped {/plans/:id, GET} route[39m[38;5;3m +1ms[39m
[32m[Nest] 13524  - [39m30/07/2026 19:34:05 [32m    LOG[39m [38;5;3m[RouterExplorer] [39m[32mMapped {/plans/:id, PATCH} route[39m[38;5;3m +1ms[39m
[32m[Nest] 13524  - [39m30/07/2026 19:34:05 [32m    LOG[39m [38;5;3m[RouterExplorer] [39m[32mMapped {/plans/:id, DELETE} route[39m[38;5;3m +0ms[39m
[32m[Nest] 13524  - [39m30/07/2026 19:34:05 [32m    LOG[39m [38;5;3m[RoutesResolver] [39m[32mNotificationController {/notifications}:[39m[38;5;3m +0ms[39m
[32m[Nest] 13524  - [39m30/07/2026 19:34:05 [32m    LOG[39m [38;5;3m[RouterExplorer] [39m[32mMapped {/notifications, GET} route[39m[38;5;3m +0ms[39m
[32m[Nest] 13524  - [39m30/07/2026 19:34:05 [32m    LOG[39m [38;5;3m[RouterExplorer] [39m[32mMapped {/notifications/unread/count, GET} route[39m[38;5;3m +1ms[39m
[32m[Nest] 13524  - [39m30/07/2026 19:34:05 [32m    LOG[39m [38;5;3m[RouterExplorer] [39m[32mMapped {/notifications/unread, GET} route[39m[38;5;3m +0ms[39m
[32m[Nest] 13524  - [39m30/07/2026 19:34:05 [32m    LOG[39m [38;5;3m[RouterExplorer] [39m[32mMapped {/notifications/stats, GET} route[39m[38;5;3m +1ms[39m
[32m[Nest] 13524  - [39m30/07/2026 19:34:05 [32m    LOG[39m [38;5;3m[RouterExplorer] [39m[32mMapped {/notifications, POST} route[39m[38;5;3m +1ms[39m
[32m[Nest] 13524  - [39m30/07/2026 19:34:05 [32m    LOG[39m [38;5;3m[RouterExplorer] [39m[32mMapped {/notifications/bulk, POST} route[39m[38;5;3m +1ms[39m
[32m[Nest] 13524  - [39m30/07/2026 19:34:05 [32m    LOG[39m [38;5;3m[RouterExplorer] [39m[32mMapped {/notifications/mark-read, PATCH} route[39m[38;5;3m +0ms[39m
[32m[Nest] 13524  - [39m30/07/2026 19:34:05 [32m    LOG[39m [38;5;3m[RouterExplorer] [39m[32mMapped {/notifications/:id/archive, PATCH} route[39m[38;5;3m +0ms[39m
[32m[Nest] 13524  - [39m30/07/2026 19:34:05 [32m    LOG[39m [38;5;3m[RouterExplorer] [39m[32mMapped {/notifications/:id, DELETE} route[39m[38;5;3m +1ms[39m
[32m[Nest] 13524  - [39m30/07/2026 19:34:05 [32m    LOG[39m [38;5;3m[RouterExplorer] [39m[32mMapped {/notifications, DELETE} route[39m[38;5;3m +0ms[39m
[32m[Nest] 13524  - [39m30/07/2026 19:34:05 [32m    LOG[39m [38;5;3m[RoutesResolver] [39m[32mDossiersController {/dossiers}:[39m[38;5;3m +1ms[39m
[32m[Nest] 13524  - [39m30/07/2026 19:34:05 [32m    LOG[39m [38;5;3m[RouterExplorer] [39m[32mMapped {/dossiers/stats, GET} route[39m[38;5;3m +0ms[39m
[32m[Nest] 13524  - [39m30/07/2026 19:34:05 [32m    LOG[39m [38;5;3m[RouterExplorer] [39m[32mMapped {/dossiers/stats/:id, GET} route[39m[38;5;3m +1ms[39m
[32m[Nest] 13524  - [39m30/07/2026 19:34:05 [32m    LOG[39m [38;5;3m[RouterExplorer] [39m[32mMapped {/dossiers/urgent, GET} route[39m[38;5;3m +0ms[39m
[32m[Nest] 13524  - [39m30/07/2026 19:34:05 [32m    LOG[39m [38;5;3m[RouterExplorer] [39m[32mMapped {/dossiers, POST} route[39m[38;5;3m +1ms[39m
[32m[Nest] 13524  - [39m30/07/2026 19:34:05 [32m    LOG[39m [38;5;3m[RouterExplorer] [39m[32mMapped {/dossiers/summary, GET} route[39m[38;5;3m +0ms[39m
[32m[Nest] 13524  - [39m30/07/2026 19:34:05 [32m    LOG[39m [38;5;3m[RouterExplorer] [39m[32mMapped {/dossiers/search, GET} route[39m[38;5;3m +0ms[39m
[32m[Nest] 13524  - [39m30/07/2026 19:34:05 [32m    LOG[39m [38;5;3m[RouterExplorer] [39m[32mMapped {/dossiers, GET} route[39m[38;5;3m +2ms[39m
[32m[Nest] 13524  - [39m30/07/2026 19:34:05 [32m    LOG[39m [38;5;3m[RouterExplorer] [39m[32mMapped {/dossiers/paginated, GET} route[39m[38;5;3m +0ms[39m
[32m[Nest] 13524  - [39m30/07/2026 19:34:05 [32m    LOG[39m [38;5;3m[RouterExplorer] [39m[32mMapped {/dossiers/statistics, GET} route[39m[38;5;3m +1ms[39m
[32m[Nest] 13524  - [39m30/07/2026 19:34:05 [32m    LOG[39m [38;5;3m[RouterExplorer] [39m[32mMapped {/dossiers/:id, GET} route[39m[38;5;3m +3ms[39m
[32m[Nest] 13524  - [39m30/07/2026 19:34:05 [32m    LOG[39m [38;5;3m[RouterExplorer] [39m[32mMapped {/dossiers/:id, PATCH} route[39m[38;5;3m +2ms[39m
[32m[Nest] 13524  - [39m30/07/2026 19:34:05 [32m    LOG[39m [38;5;3m[RouterExplorer] [39m[32mMapped {/dossiers/:id/archive, POST} route[39m[38;5;3m +1ms[39m
[32m[Nest] 13524  - [39m30/07/2026 19:34:05 [32m    LOG[39m [38;5;3m[RouterExplorer] [39m[32mMapped {/dossiers/:id/activate, POST} route[39m[38;5;3m +0ms[39m
[32m[Nest] 13524  - [39m30/07/2026 19:34:05 [32m    LOG[39m [38;5;3m[RouterExplorer] [39m[32mMapped {/dossiers/:id/reopen, POST} route[39m[38;5;3m +1ms[39m
[32m[Nest] 13524  - [39m30/07/2026 19:34:05 [32m    LOG[39m [38;5;3m[RouterExplorer] [39m[32mMapped {/dossiers/:id, DELETE} route[39m[38;5;3m +2ms[39m
[32m[Nest] 13524  - [39m30/07/2026 19:34:05 [32m    LOG[39m [38;5;3m[RouterExplorer] [39m[32mMapped {/dossiers/collaborator/:collaboratorId, GET} route[39m[38;5;3m +1ms[39m
[32m[Nest] 13524  - [39m30/07/2026 19:34:05 [32m    LOG[39m [38;5;3m[RouterExplorer] [39m[32mMapped {/dossiers/:id/documents, GET} route[39m[38;5;3m +0ms[39m
[32m[Nest] 13524  - [39m30/07/2026 19:34:05 [32m    LOG[39m [38;5;3m[RouterExplorer] [39m[32mMapped {/dossiers/:id/audiences, GET} route[39m[38;5;3m +1ms[39m
[32m[Nest] 13524  - [39m30/07/2026 19:34:05 [32m    LOG[39m [38;5;3m[RouterExplorer] [39m[32mMapped {/dossiers/:id/factures, GET} route[39m[38;5;3m +0ms[39m
[32m[Nest] 13524  - [39m30/07/2026 19:34:05 [32m    LOG[39m [38;5;3m[RouterExplorer] [39m[32mMapped {/dossiers/:id/collaborators, POST} route[39m[38;5;3m +1ms[39m
[32m[Nest] 13524  - [39m30/07/2026 19:34:05 [32m    LOG[39m [38;5;3m[RouterExplorer] [39m[32mMapped {/dossiers/:id/collaborators/:employeeId, DELETE} route[39m[38;5;3m +1ms[39m
[32m[Nest] 13524  - [39m30/07/2026 19:34:05 [32m    LOG[39m [38;5;3m[RouterExplorer] [39m[32mMapped {/dossiers/:id/collaborators, PUT} route[39m[38;5;3m +7ms[39m
[32m[Nest] 13524  - [39m30/07/2026 19:34:05 [32m    LOG[39m [38;5;3m[RouterExplorer] [39m[32mMapped {/dossiers/:id/close, POST} route[39m[38;5;3m +0ms[39m
[32m[Nest] 13524  - [39m30/07/2026 19:34:05 [32m    LOG[39m [38;5;3m[RouterExplorer] [39m[32mMapped {/dossiers/:dossierId/stage-visits, GET} route[39m[38;5;3m +1ms[39m
[32m[Nest] 13524  - [39m30/07/2026 19:34:05 [32m    LOG[39m [38;5;3m[RouterExplorer] [39m[32mMapped {/dossiers/:dossierId/stage-visits/select, GET} route[39m[38;5;3m +1ms[39m
[32m[Nest] 13524  - [39m30/07/2026 19:34:05 [32m    LOG[39m [38;5;3m[RouterExplorer] [39m[32mMapped {/dossiers/:dossierId/stage-visits/:stageVisitId/sub-stage-visits, GET} route[39m[38;5;3m +1ms[39m
[32m[Nest] 13524  - [39m30/07/2026 19:34:05 [32m    LOG[39m [38;5;3m[RouterExplorer] [39m[32mMapped {/dossiers/:id/documents/upload, POST} route[39m[38;5;3m +0ms[39m
[32m[Nest] 13524  - [39m30/07/2026 19:34:05 [32m    LOG[39m [38;5;3m[RoutesResolver] [39m[32mTypeCustomersController {/type-customers}:[39m[38;5;3m +0ms[39m
[32m[Nest] 13524  - [39m30/07/2026 19:34:05 [32m    LOG[39m [38;5;3m[RouterExplorer] [39m[32mMapped {/type-customers, POST} route[39m[38;5;3m +1ms[39m
[32m[Nest] 13524  - [39m30/07/2026 19:34:05 [32m    LOG[39m [38;5;3m[RouterExplorer] [39m[32mMapped {/type-customers/stats, GET} route[39m[38;5;3m +0ms[39m
[32m[Nest] 13524  - [39m30/07/2026 19:34:05 [32m    LOG[39m [38;5;3m[RouterExplorer] [39m[32mMapped {/type-customers/stats/:id, GET} route[39m[38;5;3m +1ms[39m
[32m[Nest] 13524  - [39m30/07/2026 19:34:05 [32m    LOG[39m [38;5;3m[RouterExplorer] [39m[32mMapped {/type-customers/search, GET} route[39m[38;5;3m +0ms[39m
[32m[Nest] 13524  - [39m30/07/2026 19:34:05 [32m    LOG[39m [38;5;3m[RouterExplorer] [39m[32mMapped {/type-customers, GET} route[39m[38;5;3m +0ms[39m
[32m[Nest] 13524  - [39m30/07/2026 19:34:05 [32m    LOG[39m [38;5;3m[RouterExplorer] [39m[32mMapped {/type-customers/:id, GET} route[39m[38;5;3m +1ms[39m
[32m[Nest] 13524  - [39m30/07/2026 19:34:05 [32m    LOG[39m [38;5;3m[RouterExplorer] [39m[32mMapped {/type-customers/:id, PUT} route[39m[38;5;3m +0ms[39m
[32m[Nest] 13524  - [39m30/07/2026 19:34:05 [32m    LOG[39m [38;5;3m[RouterExplorer] [39m[32mMapped {/type-customers/:id/assign-documents, POST} route[39m[38;5;3m +2ms[39m
[32m[Nest] 13524  - [39m30/07/2026 19:34:05 [32m    LOG[39m [38;5;3m[RouterExplorer] [39m[32mMapped {/type-customers/:id/documents, GET} route[39m[38;5;3m +0ms[39m
[32m[Nest] 13524  - [39m30/07/2026 19:34:05 [32m    LOG[39m [38;5;3m[RoutesResolver] [39m[32mCustomerController {/customer}:[39m[38;5;3m +1ms[39m
[32m[Nest] 13524  - [39m30/07/2026 19:34:05 [32m    LOG[39m [38;5;3m[RouterExplorer] [39m[32mMapped {/customer/stats, GET} route[39m[38;5;3m +0ms[39m
[32m[Nest] 13524  - [39m30/07/2026 19:34:05 [32m    LOG[39m [38;5;3m[RouterExplorer] [39m[32mMapped {/customer/stats/:id, GET} route[39m[38;5;3m +1ms[39m
[32m[Nest] 13524  - [39m30/07/2026 19:34:05 [32m    LOG[39m [38;5;3m[RouterExplorer] [39m[32mMapped {/customer/stats/top, GET} route[39m[38;5;3m +0ms[39m
[32m[Nest] 13524  - [39m30/07/2026 19:34:05 [32m    LOG[39m [38;5;3m[RouterExplorer] [39m[32mMapped {/customer/stats/without-dossier, GET} route[39m[38;5;3m +1ms[39m
[32m[Nest] 13524  - [39m30/07/2026 19:34:05 [32m    LOG[39m [38;5;3m[RouterExplorer] [39m[32mMapped {/customer, POST} route[39m[38;5;3m +0ms[39m
[32m[Nest] 13524  - [39m30/07/2026 19:34:05 [32m    LOG[39m [38;5;3m[RouterExplorer] [39m[32mMapped {/customer/search, GET} route[39m[38;5;3m +0ms[39m
[32m[Nest] 13524  - [39m30/07/2026 19:34:05 [32m    LOG[39m [38;5;3m[RouterExplorer] [39m[32mMapped {/customer/create-online, POST} route[39m[38;5;3m +4ms[39m
[32m[Nest] 13524  - [39m30/07/2026 19:34:05 [32m    LOG[39m [38;5;3m[RouterExplorer] [39m[32mMapped {/customer, GET} route[39m[38;5;3m +1ms[39m
[32m[Nest] 13524  - [39m30/07/2026 19:34:05 [32m    LOG[39m [38;5;3m[RouterExplorer] [39m[32mMapped {/customer/v2, GET} route[39m[38;5;3m +1ms[39m
[32m[Nest] 13524  - [39m30/07/2026 19:34:05 [32m    LOG[39m [38;5;3m[RouterExplorer] [39m[32mMapped {/customer/:id, GET} route[39m[38;5;3m +0ms[39m
[32m[Nest] 13524  - [39m30/07/2026 19:34:05 [32m    LOG[39m [38;5;3m[RouterExplorer] [39m[32mMapped {/customer/:customer_code/documents, GET} route[39m[38;5;3m +1ms[39m
[32m[Nest] 13524  - [39m30/07/2026 19:34:05 [32m    LOG[39m [38;5;3m[RouterExplorer] [39m[32mMapped {/customer/:id/stats-savings-accounts, GET} route[39m[38;5;3m +1ms[39m
[32m[Nest] 13524  - [39m30/07/2026 19:34:05 [32m    LOG[39m [38;5;3m[RouterExplorer] [39m[32mMapped {/customer/:id, PATCH} route[39m[38;5;3m +0ms[39m
[32m[Nest] 13524  - [39m30/07/2026 19:34:05 [32m    LOG[39m [38;5;3m[RouterExplorer] [39m[32mMapped {/customer/:id, DELETE} route[39m[38;5;3m +1ms[39m
[32m[Nest] 13524  - [39m30/07/2026 19:34:05 [32m    LOG[39m [38;5;3m[RouterExplorer] [39m[32mMapped {/customer/sync-kyc, POST} route[39m[38;5;3m +0ms[39m
[32m[Nest] 13524  - [39m30/07/2026 19:34:05 [32m    LOG[39m [38;5;3m[RouterExplorer] [39m[32mMapped {/customer/contact, POST} route[39m[38;5;3m +1ms[39m
[32m[Nest] 13524  - [39m30/07/2026 19:34:05 [32m    LOG[39m [38;5;3m[RouterExplorer] [39m[32mMapped {/customer/kyc/checkEmail, GET} route[39m[38;5;3m +0ms[39m
[32m[Nest] 13524  - [39m30/07/2026 19:34:05 [32m    LOG[39m [38;5;3m[RouterExplorer] [39m[32mMapped {/customer/kyc/missing, GET} route[39m[38;5;3m +1ms[39m
[32m[Nest] 13524  - [39m30/07/2026 19:34:05 [32m    LOG[39m [38;5;3m[RouterExplorer] [39m[32mMapped {/customer/:id/communications, GET} route[39m[38;5;3m +0ms[39m
[32m[Nest] 13524  - [39m30/07/2026 19:34:05 [32m    LOG[39m [38;5;3m[RouterExplorer] [39m[32mMapped {/customer/:id/communications, POST} route[39m[38;5;3m +1ms[39m
[32m[Nest] 13524  - [39m30/07/2026 19:34:05 [32m    LOG[39m [38;5;3m[RouterExplorer] [39m[32mMapped {/customer/:id/communications/:communicationId, DELETE} route[39m[38;5;3m +2ms[39m
[32m[Nest] 13524  - [39m30/07/2026 19:34:05 [32m    LOG[39m [38;5;3m[RouterExplorer] [39m[32mMapped {/customer/:id/send-access, POST} route[39m[38;5;3m +1ms[39m
[32m[Nest] 13524  - [39m30/07/2026 19:34:05 [32m    LOG[39m [38;5;3m[RoutesResolver] [39m[32mDocumentTypeController {/document-types}:[39m[38;5;3m +0ms[39m
[32m[Nest] 13524  - [39m30/07/2026 19:34:05 [32m    LOG[39m [38;5;3m[RouterExplorer] [39m[32mMapped {/document-types/stats, GET} route[39m[38;5;3m +1ms[39m
[32m[Nest] 13524  - [39m30/07/2026 19:34:05 [32m    LOG[39m [38;5;3m[RouterExplorer] [39m[32mMapped {/document-types/stats/:id, GET} route[39m[38;5;3m +0ms[39m
[32m[Nest] 13524  - [39m30/07/2026 19:34:05 [32m    LOG[39m [38;5;3m[RouterExplorer] [39m[32mMapped {/document-types/stats/by-status, GET} route[39m[38;5;3m +1ms[39m
[32m[Nest] 13524  - [39m30/07/2026 19:34:05 [32m    LOG[39m [38;5;3m[RouterExplorer] [39m[32mMapped {/document-types/stats/by-customer-type, GET} route[39m[38;5;3m +1ms[39m
[32m[Nest] 13524  - [39m30/07/2026 19:34:05 [32m    LOG[39m [38;5;3m[RouterExplorer] [39m[32mMapped {/document-types/stats/top, GET} route[39m[38;5;3m +0ms[39m
[32m[Nest] 13524  - [39m30/07/2026 19:34:05 [32m    LOG[39m [38;5;3m[RouterExplorer] [39m[32mMapped {/document-types/stats/usage, GET} route[39m[38;5;3m +0ms[39m
[32m[Nest] 13524  - [39m30/07/2026 19:34:05 [32m    LOG[39m [38;5;3m[RouterExplorer] [39m[32mMapped {/document-types/stats/mime-types, GET} route[39m[38;5;3m +1ms[39m
[32m[Nest] 13524  - [39m30/07/2026 19:34:05 [32m    LOG[39m [38;5;3m[RouterExplorer] [39m[32mMapped {/document-types/search, GET} route[39m[38;5;3m +1ms[39m
[32m[Nest] 13524  - [39m30/07/2026 19:34:05 [32m    LOG[39m [38;5;3m[RouterExplorer] [39m[32mMapped {/document-types, POST} route[39m[38;5;3m +0ms[39m
[32m[Nest] 13524  - [39m30/07/2026 19:34:05 [32m    LOG[39m [38;5;3m[RouterExplorer] [39m[32mMapped {/document-types, GET} route[39m[38;5;3m +0ms[39m
[32m[Nest] 13524  - [39m30/07/2026 19:34:05 [32m    LOG[39m [38;5;3m[RouterExplorer] [39m[32mMapped {/document-types/get/by/category, GET} route[39m[38;5;3m +1ms[39m
[32m[Nest] 13524  - [39m30/07/2026 19:34:05 [32m    LOG[39m [38;5;3m[RouterExplorer] [39m[32mMapped {/document-types/:id, GET} route[39m[38;5;3m +0ms[39m
[32m[Nest] 13524  - [39m30/07/2026 19:34:05 [32m    LOG[39m [38;5;3m[RouterExplorer] [39m[32mMapped {/document-types/:id, PUT} route[39m[38;5;3m +1ms[39m
[32m[Nest] 13524  - [39m30/07/2026 19:34:05 [32m    LOG[39m [38;5;3m[RouterExplorer] [39m[32mMapped {/document-types/:id, DELETE} route[39m[38;5;3m +0ms[39m
[32m[Nest] 13524  - [39m30/07/2026 19:34:05 [32m    LOG[39m [38;5;3m[RoutesResolver] [39m[32mDocumentCustomerController {/documents}:[39m[38;5;3m +0ms[39m
[32m[Nest] 13524  - [39m30/07/2026 19:34:05 [32m    LOG[39m [38;5;3m[RouterExplorer] [39m[32mMapped {/documents, GET} route[39m[38;5;3m +1ms[39m
[32m[Nest] 13524  - [39m30/07/2026 19:34:05 [32m    LOG[39m [38;5;3m[RouterExplorer] [39m[32mMapped {/documents/:id, GET} route[39m[38;5;3m +0ms[39m
[32m[Nest] 13524  - [39m30/07/2026 19:34:05 [32m    LOG[39m [38;5;3m[RouterExplorer] [39m[32mMapped {/documents, POST} route[39m[38;5;3m +1ms[39m
[32m[Nest] 13524  - [39m30/07/2026 19:34:05 [32m    LOG[39m [38;5;3m[RouterExplorer] [39m[32mMapped {/documents/:id/versions, POST} route[39m[38;5;3m +0ms[39m
[32m[Nest] 13524  - [39m30/07/2026 19:34:05 [32m    LOG[39m [38;5;3m[RouterExplorer] [39m[32mMapped {/documents/:id/versions, GET} route[39m[38;5;3m +1ms[39m
[32m[Nest] 13524  - [39m30/07/2026 19:34:05 [32m    LOG[39m [38;5;3m[RouterExplorer] [39m[32mMapped {/documents/:id/versions/:versionId/content, GET} route[39m[38;5;3m +0ms[39m
[32m[Nest] 13524  - [39m30/07/2026 19:34:05 [32m    LOG[39m [38;5;3m[RouterExplorer] [39m[32mMapped {/documents/:id/versions/:versionId/validate, POST} route[39m[38;5;3m +1ms[39m
[32m[Nest] 13524  - [39m30/07/2026 19:34:05 [32m    LOG[39m [38;5;3m[RouterExplorer] [39m[32mMapped {/documents/:id/versions/:versionId/scan, POST} route[39m[38;5;3m +0ms[39m
[32m[Nest] 13524  - [39m30/07/2026 19:34:05 [32m    LOG[39m [38;5;3m[RouterExplorer] [39m[32mMapped {/documents/:id/versions/:versionId/reject, POST} route[39m[38;5;3m +2ms[39m
[32m[Nest] 13524  - [39m30/07/2026 19:34:05 [32m    LOG[39m [38;5;3m[RouterExplorer] [39m[32mMapped {/documents/:id/versions/:versionId/revoke, POST} route[39m[38;5;3m +2ms[39m
[32m[Nest] 13524  - [39m30/07/2026 19:34:05 [32m    LOG[39m [38;5;3m[RoutesResolver] [39m[32mDocumentCategoryController {/document-categories}:[39m[38;5;3m +0ms[39m
[32m[Nest] 13524  - [39m30/07/2026 19:34:05 [32m    LOG[39m [38;5;3m[RouterExplorer] [39m[32mMapped {/document-categories, POST} route[39m[38;5;3m +1ms[39m
[32m[Nest] 13524  - [39m30/07/2026 19:34:05 [32m    LOG[39m [38;5;3m[RouterExplorer] [39m[32mMapped {/document-categories, GET} route[39m[38;5;3m +0ms[39m
[32m[Nest] 13524  - [39m30/07/2026 19:34:05 [32m    LOG[39m [38;5;3m[RouterExplorer] [39m[32mMapped {/document-categories/search, GET} route[39m[38;5;3m +1ms[39m
[32m[Nest] 13524  - [39m30/07/2026 19:34:05 [32m    LOG[39m [38;5;3m[RouterExplorer] [39m[32mMapped {/document-categories/:id, GET} route[39m[38;5;3m +1ms[39m
[32m[Nest] 13524  - [39m30/07/2026 19:34:05 [32m    LOG[39m [38;5;3m[RouterExplorer] [39m[32mMapped {/document-categories/:id, POST} route[39m[38;5;3m +0ms[39m
[32m[Nest] 13524  - [39m30/07/2026 19:34:05 [32m    LOG[39m [38;5;3m[RoutesResolver] [39m[32mProcedureTemplateController {/procedure-templates}:[39m[38;5;3m +1ms[39m
[32m[Nest] 13524  - [39m30/07/2026 19:34:05 [32m    LOG[39m [38;5;3m[RouterExplorer] [39m[32mMapped {/procedure-templates, POST} route[39m[38;5;3m +3ms[39m
[32m[Nest] 13524  - [39m30/07/2026 19:34:05 [32m    LOG[39m [38;5;3m[RouterExplorer] [39m[32mMapped {/procedure-templates, GET} route[39m[38;5;3m +1ms[39m
[32m[Nest] 13524  - [39m30/07/2026 19:34:05 [32m    LOG[39m [38;5;3m[RouterExplorer] [39m[32mMapped {/procedure-templates/:id, GET} route[39m[38;5;3m +1ms[39m
[32m[Nest] 13524  - [39m30/07/2026 19:34:05 [32m    LOG[39m [38;5;3m[RouterExplorer] [39m[32mMapped {/procedure-templates/:id, PUT} route[39m[38;5;3m +0ms[39m
[32m[Nest] 13524  - [39m30/07/2026 19:34:05 [32m    LOG[39m [38;5;3m[RouterExplorer] [39m[32mMapped {/procedure-templates/:id/duplicate, POST} route[39m[38;5;3m +2ms[39m
[32m[Nest] 13524  - [39m30/07/2026 19:34:05 [32m    LOG[39m [38;5;3m[RouterExplorer] [39m[32mMapped {/procedure-templates/:id/publish, POST} route[39m[38;5;3m +1ms[39m
[32m[Nest] 13524  - [39m30/07/2026 19:34:05 [32m    LOG[39m [38;5;3m[RouterExplorer] [39m[32mMapped {/procedure-templates/:id/retire, POST} route[39m[38;5;3m +6ms[39m
[32m[Nest] 13524  - [39m30/07/2026 19:34:05 [32m    LOG[39m [38;5;3m[RouterExplorer] [39m[32mMapped {/procedure-templates/:id, DELETE} route[39m[38;5;3m +1ms[39m
[32m[Nest] 13524  - [39m30/07/2026 19:34:05 [32m    LOG[39m [38;5;3m[RoutesResolver] [39m[32mProcedureInstanceController {/procedure-instances}:[39m[38;5;3m +0ms[39m
[32m[Nest] 13524  - [39m30/07/2026 19:34:05 [32m    LOG[39m [38;5;3m[RouterExplorer] [39m[32mMapped {/procedure-instances, GET} route[39m[38;5;3m +1ms[39m
[32m[Nest] 13524  - [39m30/07/2026 19:34:05 [32m    LOG[39m [38;5;3m[RouterExplorer] [39m[32mMapped {/procedure-instances/:id, GET} route[39m[38;5;3m +1ms[39m
[32m[Nest] 13524  - [39m30/07/2026 19:34:05 [32m    LOG[39m [38;5;3m[RouterExplorer] [39m[32mMapped {/procedure-instances/:id/workflow, GET} route[39m[38;5;3m +2ms[39m
[32m[Nest] 13524  - [39m30/07/2026 19:34:05 [32m    LOG[39m [38;5;3m[RouterExplorer] [39m[32mMapped {/procedure-instances/:id/stages/:stageId, GET} route[39m[38;5;3m +1ms[39m
[32m[Nest] 13524  - [39m30/07/2026 19:34:05 [32m    LOG[39m [38;5;3m[RouterExplorer] [39m[32mMapped {/procedure-instances/:id/transitions, GET} route[39m[38;5;3m +0ms[39m
[32m[Nest] 13524  - [39m30/07/2026 19:34:05 [32m    LOG[39m [38;5;3m[RouterExplorer] [39m[32mMapped {/procedure-instances/:id/cycles, GET} route[39m[38;5;3m +1ms[39m
[32m[Nest] 13524  - [39m30/07/2026 19:34:05 [32m    LOG[39m [38;5;3m[RouterExplorer] [39m[32mMapped {/procedure-instances/:id/sub-stages/:subStageId/complete, POST} route[39m[38;5;3m +1ms[39m
[32m[Nest] 13524  - [39m30/07/2026 19:34:05 [32m    LOG[39m [38;5;3m[RouterExplorer] [39m[32mMapped {/procedure-instances/:id/sub-stages/:subStageId/start, POST} route[39m[38;5;3m +1ms[39m
[32m[Nest] 13524  - [39m30/07/2026 19:34:05 [32m    LOG[39m [38;5;3m[RouterExplorer] [39m[32mMapped {/procedure-instances/:id/sub-stages/:subStageId/requirements/:requirementId/approve, POST} route[39m[38;5;3m +0ms[39m
[32m[Nest] 13524  - [39m30/07/2026 19:34:05 [32m    LOG[39m [38;5;3m[RouterExplorer] [39m[32mMapped {/procedure-instances/:id/transitions/:transitionId/apply, POST} route[39m[38;5;3m +1ms[39m
[32m[Nest] 13524  - [39m30/07/2026 19:34:05 [32m    LOG[39m [38;5;3m[RouterExplorer] [39m[32mMapped {/procedure-instances/:id/cycles/:cycleId/apply, POST} route[39m[38;5;3m +1ms[39m
[32m[Nest] 13524  - [39m30/07/2026 19:34:05 [32m    LOG[39m [38;5;3m[RouterExplorer] [39m[32mMapped {/procedure-instances/:id/complete, POST} route[39m[38;5;3m +0ms[39m
[32m[Nest] 13524  - [39m30/07/2026 19:34:05 [32m    LOG[39m [38;5;3m[RouterExplorer] [39m[32mMapped {/procedure-instances/:id/cancel, POST} route[39m[38;5;3m +1ms[39m
[32m[Nest] 13524  - [39m30/07/2026 19:34:05 [32m    LOG[39m [38;5;3m[RoutesResolver] [39m[32mTaskController {/tasks}:[39m[38;5;3m +0ms[39m
[32m[Nest] 13524  - [39m30/07/2026 19:34:05 [32m    LOG[39m [38;5;3m[RouterExplorer] [39m[32mMapped {/tasks/instances/:instanceId, POST} route[39m[38;5;3m +1ms[39m
[32m[Nest] 13524  - [39m30/07/2026 19:34:05 [32m    LOG[39m [38;5;3m[RouterExplorer] [39m[32mMapped {/tasks/:id, GET} route[39m[38;5;3m +0ms[39m
[32m[Nest] 13524  - [39m30/07/2026 19:34:05 [32m    LOG[39m [38;5;3m[RouterExplorer] [39m[32mMapped {/tasks/:id/complete, PUT} route[39m[38;5;3m +1ms[39m
[32m[Nest] 13524  - [39m30/07/2026 19:34:05 [32m    LOG[39m [38;5;3m[RouterExplorer] [39m[32mMapped {/tasks/:id/status, PUT} route[39m[38;5;3m +1ms[39m
[32m[Nest] 13524  - [39m30/07/2026 19:34:05 [32m    LOG[39m [38;5;3m[RouterExplorer] [39m[32mMapped {/tasks/:id, DELETE} route[39m[38;5;3m +2ms[39m
[32m[Nest] 13524  - [39m30/07/2026 19:34:05 [32m    LOG[39m [38;5;3m[RoutesResolver] [39m[32mCabinetController {/cabinets}:[39m[38;5;3m +1ms[39m
[32m[Nest] 13524  - [39m30/07/2026 19:34:05 [32m    LOG[39m [38;5;3m[RouterExplorer] [39m[32mMapped {/cabinets/resolve/:code, GET} route[39m[38;5;3m +1ms[39m
[32m[Nest] 13524  - [39m30/07/2026 19:34:05 [32m    LOG[39m [38;5;3m[RouterExplorer] [39m[32mMapped {/cabinets, GET} route[39m[38;5;3m +0ms[39m
[32m[Nest] 13524  - [39m30/07/2026 19:34:05 [32m    LOG[39m [38;5;3m[RouterExplorer] [39m[32mMapped {/cabinets/:id, GET} route[39m[38;5;3m +2ms[39m
[32m[Nest] 13524  - [39m30/07/2026 19:34:05 [32m    LOG[39m [38;5;3m[RouterExplorer] [39m[32mMapped {/cabinets, POST} route[39m[38;5;3m +2ms[39m
[32m[Nest] 13524  - [39m30/07/2026 19:34:05 [32m    LOG[39m [38;5;3m[RouterExplorer] [39m[32mMapped {/cabinets/:id/branding, PATCH} route[39m[38;5;3m +1ms[39m
[32m[Nest] 13524  - [39m30/07/2026 19:34:05 [32m    LOG[39m [38;5;3m[RouterExplorer] [39m[32mMapped {/cabinets/:id/activate, PATCH} route[39m[38;5;3m +1ms[39m
[32m[Nest] 13524  - [39m30/07/2026 19:34:05 [32m    LOG[39m [38;5;3m[RouterExplorer] [39m[32mMapped {/cabinets/:id/suspend, PATCH} route[39m[38;5;3m +0ms[39m
[32m[Nest] 13524  - [39m30/07/2026 19:34:05 [32m    LOG[39m [38;5;3m[RoutesResolver] [39m[32mActivitiesUserController {/activities-user}:[39m[38;5;3m +0ms[39m
[32m[Nest] 13524  - [39m30/07/2026 19:34:05 [32m    LOG[39m [38;5;3m[RouterExplorer] [39m[32mMapped {/activities-user/audit, GET} route[39m[38;5;3m +1ms[39m
[32m[Nest] 13524  - [39m30/07/2026 19:34:05 [32m    LOG[39m [38;5;3m[RouterExplorer] [39m[32mMapped {/activities-user/:userId, GET} route[39m[38;5;3m +1ms[39m
[32m[Nest] 13524  - [39m30/07/2026 19:34:05 [32m    LOG[39m [38;5;3m[RoutesResolver] [39m[32mPermissionsController {/permissions}:[39m[38;5;3m +0ms[39m
[32m[Nest] 13524  - [39m30/07/2026 19:34:05 [32m    LOG[39m [38;5;3m[RouterExplorer] [39m[32mMapped {/permissions, POST} route[39m[38;5;3m +0ms[39m
[32m[Nest] 13524  - [39m30/07/2026 19:34:05 [32m    LOG[39m [38;5;3m[RouterExplorer] [39m[32mMapped {/permissions, GET} route[39m[38;5;3m +1ms[39m
[32m[Nest] 13524  - [39m30/07/2026 19:34:05 [32m    LOG[39m [38;5;3m[RouterExplorer] [39m[32mMapped {/permissions/:id, GET} route[39m[38;5;3m +0ms[39m
[32m[Nest] 13524  - [39m30/07/2026 19:34:05 [32m    LOG[39m [38;5;3m[RouterExplorer] [39m[32mMapped {/permissions/:id, POST} route[39m[38;5;3m +1ms[39m
[32m[Nest] 13524  - [39m30/07/2026 19:34:05 [32m    LOG[39m [38;5;3m[RoutesResolver] [39m[32mUserRolesController {/user-roles}:[39m[38;5;3m +0ms[39m
[32m[Nest] 13524  - [39m30/07/2026 19:34:05 [32m    LOG[39m [38;5;3m[RouterExplorer] [39m[32mMapped {/user-roles, POST} route[39m[38;5;3m +1ms[39m
[32m[Nest] 13524  - [39m30/07/2026 19:34:05 [32m    LOG[39m [38;5;3m[RouterExplorer] [39m[32mMapped {/user-roles, GET} route[39m[38;5;3m +0ms[39m
[32m[Nest] 13524  - [39m30/07/2026 19:34:05 [32m    LOG[39m [38;5;3m[RouterExplorer] [39m[32mMapped {/user-roles/:id, GET} route[39m[38;5;3m +1ms[39m
[32m[Nest] 13524  - [39m30/07/2026 19:34:05 [32m    LOG[39m [38;5;3m[RouterExplorer] [39m[32mMapped {/user-roles/:id, DELETE} route[39m[38;5;3m +0ms[39m
[32m[Nest] 13524  - [39m30/07/2026 19:34:05 [32m    LOG[39m [38;5;3m[RoutesResolver] [39m[32mRolePermissionController {/role-permissions}:[39m[38;5;3m +0ms[39m
[32m[Nest] 13524  - [39m30/07/2026 19:34:05 [32m    LOG[39m [38;5;3m[RouterExplorer] [39m[32mMapped {/role-permissions/assign-roles, POST} route[39m[38;5;3m +1ms[39m
[32m[Nest] 13524  - [39m30/07/2026 19:34:05 [32m    LOG[39m [38;5;3m[RouterExplorer] [39m[32mMapped {/role-permissions/:roleId/:permissionId, DELETE} route[39m[38;5;3m +0ms[39m
[32m[Nest] 13524  - [39m30/07/2026 19:34:05 [32m    LOG[39m [38;5;3m[RouterExplorer] [39m[32mMapped {/role-permissions/:id/permissions, GET} route[39m[38;5;3m +1ms[39m
[32m[Nest] 13524  - [39m30/07/2026 19:34:05 [32m    LOG[39m [38;5;3m[RouterExplorer] [39m[32mMapped {/role-permissions/test-ws/:roleCode, GET} route[39m[38;5;3m +0ms[39m
[32m[Nest] 13524  - [39m30/07/2026 19:34:05 [32m    LOG[39m [38;5;3m[RoutesResolver] [39m[32mUserRoleAssignmentController {/user-role-assignments}:[39m[38;5;3m +0ms[39m
[32m[Nest] 13524  - [39m30/07/2026 19:34:05 [32m    LOG[39m [38;5;3m[RouterExplorer] [39m[32mMapped {/user-role-assignments, POST} route[39m[38;5;3m +1ms[39m
[32m[Nest] 13524  - [39m30/07/2026 19:34:05 [32m    LOG[39m [38;5;3m[RouterExplorer] [39m[32mMapped {/user-role-assignments/:userId/:roleId, DELETE} route[39m[38;5;3m +0ms[39m
[32m[Nest] 13524  - [39m30/07/2026 19:34:05 [32m    LOG[39m [38;5;3m[RouterExplorer] [39m[32mMapped {/user-role-assignments/user/:userId, GET} route[39m[38;5;3m +1ms[39m
[32m[Nest] 13524  - [39m30/07/2026 19:34:05 [32m    LOG[39m [38;5;3m[RoutesResolver] [39m[32mAudiencesController {/audiences}:[39m[38;5;3m +0ms[39m
[32m[Nest] 13524  - [39m30/07/2026 19:34:05 [32m    LOG[39m [38;5;3m[RouterExplorer] [39m[32mMapped {/audiences, POST} route[39m[38;5;3m +1ms[39m
[32m[Nest] 13524  - [39m30/07/2026 19:34:05 [32m    LOG[39m [38;5;3m[RouterExplorer] [39m[32mMapped {/audiences/stats, GET} route[39m[38;5;3m +0ms[39m
[32m[Nest] 13524  - [39m30/07/2026 19:34:05 [32m    LOG[39m [38;5;3m[RouterExplorer] [39m[32mMapped {/audiences/search, GET} route[39m[38;5;3m +2ms[39m
[32m[Nest] 13524  - [39m30/07/2026 19:34:05 [32m    LOG[39m [38;5;3m[RouterExplorer] [39m[32mMapped {/audiences, GET} route[39m[38;5;3m +1ms[39m
[32m[Nest] 13524  - [39m30/07/2026 19:34:05 [32m    LOG[39m [38;5;3m[RouterExplorer] [39m[32mMapped {/audiences/:id, GET} route[39m[38;5;3m +0ms[39m
[32m[Nest] 13524  - [39m30/07/2026 19:34:05 [32m    LOG[39m [38;5;3m[RouterExplorer] [39m[32mMapped {/audiences/:id, PATCH} route[39m[38;5;3m +1ms[39m
[32m[Nest] 13524  - [39m30/07/2026 19:34:05 [32m    LOG[39m [38;5;3m[RouterExplorer] [39m[32mMapped {/audiences/:id, DELETE} route[39m[38;5;3m +0ms[39m
[32m[Nest] 13524  - [39m30/07/2026 19:34:05 [32m    LOG[39m [38;5;3m[RouterExplorer] [39m[32mMapped {/audiences/:id/decision, POST} route[39m[38;5;3m +0ms[39m
[32m[Nest] 13524  - [39m30/07/2026 19:34:05 [32m    LOG[39m [38;5;3m[RouterExplorer] [39m[32mMapped {/audiences/:id/postpone/to, POST} route[39m[38;5;3m +1ms[39m
[32m[Nest] 13524  - [39m30/07/2026 19:34:05 [32m    LOG[39m [38;5;3m[RouterExplorer] [39m[32mMapped {/audiences/:id/decision, PATCH} route[39m[38;5;3m +1ms[39m
[32m[Nest] 13524  - [39m30/07/2026 19:34:05 [32m    LOG[39m [38;5;3m[RouterExplorer] [39m[32mMapped {/audiences/:id/decision/validate, POST} route[39m[38;5;3m +0ms[39m
[32m[Nest] 13524  - [39m30/07/2026 19:34:05 [32m    LOG[39m [38;5;3m[RouterExplorer] [39m[32mMapped {/audiences/:id/decision/seal, POST} route[39m[38;5;3m +1ms[39m
[32m[Nest] 13524  - [39m30/07/2026 19:34:05 [32m    LOG[39m [38;5;3m[RouterExplorer] [39m[32mMapped {/audiences/:id/decision, GET} route[39m[38;5;3m +0ms[39m
[32m[Nest] 13524  - [39m30/07/2026 19:34:05 [32m    LOG[39m [38;5;3m[RouterExplorer] [39m[32mMapped {/audiences/:id/decision/documents/:documentId, DELETE} route[39m[38;5;3m +1ms[39m
[32m[Nest] 13524  - [39m30/07/2026 19:34:05 [32m    LOG[39m [38;5;3m[RouterExplorer] [39m[32mMapped {/audiences/:id/report, POST} route[39m[38;5;3m +0ms[39m
[32m[Nest] 13524  - [39m30/07/2026 19:34:05 [32m    LOG[39m [38;5;3m[RouterExplorer] [39m[32mMapped {/audiences/:id/report, PATCH} route[39m[38;5;3m +1ms[39m
[32m[Nest] 13524  - [39m30/07/2026 19:34:05 [32m    LOG[39m [38;5;3m[RouterExplorer] [39m[32mMapped {/audiences/:id/report/validate, POST} route[39m[38;5;3m +0ms[39m
[32m[Nest] 13524  - [39m30/07/2026 19:34:05 [32m    LOG[39m [38;5;3m[RouterExplorer] [39m[32mMapped {/audiences/:id/report/seal, POST} route[39m[38;5;3m +1ms[39m
[32m[Nest] 13524  - [39m30/07/2026 19:34:05 [32m    LOG[39m [38;5;3m[RouterExplorer] [39m[32mMapped {/audiences/:id/held, POST} route[39m[38;5;3m +0ms[39m
[32m[Nest] 13524  - [39m30/07/2026 19:34:05 [32m    LOG[39m [38;5;3m[RouterExplorer] [39m[32mMapped {/audiences/:id/cancel, POST} route[39m[38;5;3m +1ms[39m
[32m[Nest] 13524  - [39m30/07/2026 19:34:05 [32m    LOG[39m [38;5;3m[RouterExplorer] [39m[32mMapped {/audiences/:id/report, GET} route[39m[38;5;3m +1ms[39m
[32m[Nest] 13524  - [39m30/07/2026 19:34:05 [32m    LOG[39m [38;5;3m[RoutesResolver] [39m[32mLegalDeadlineRuleController {/legal-deadline-rules}:[39m[38;5;3m +0ms[39m
[32m[Nest] 13524  - [39m30/07/2026 19:34:05 [32m    LOG[39m [38;5;3m[RouterExplorer] [39m[32mMapped {/legal-deadline-rules, GET} route[39m[38;5;3m +0ms[39m
[32m[Nest] 13524  - [39m30/07/2026 19:34:05 [32m    LOG[39m [38;5;3m[RouterExplorer] [39m[32mMapped {/legal-deadline-rules/:id, GET} route[39m[38;5;3m +0ms[39m
[32m[Nest] 13524  - [39m30/07/2026 19:34:05 [32m    LOG[39m [38;5;3m[RouterExplorer] [39m[32mMapped {/legal-deadline-rules, POST} route[39m[38;5;3m +1ms[39m
[32m[Nest] 13524  - [39m30/07/2026 19:34:05 [32m    LOG[39m [38;5;3m[RouterExplorer] [39m[32mMapped {/legal-deadline-rules/:id, PATCH} route[39m[38;5;3m +0ms[39m
[32m[Nest] 13524  - [39m30/07/2026 19:34:05 [32m    LOG[39m [38;5;3m[RouterExplorer] [39m[32mMapped {/legal-deadline-rules/:id/activate, POST} route[39m[38;5;3m +1ms[39m
[32m[Nest] 13524  - [39m30/07/2026 19:34:05 [32m    LOG[39m [38;5;3m[RouterExplorer] [39m[32mMapped {/legal-deadline-rules/:id/retire, POST} route[39m[38;5;3m +0ms[39m
[32m[Nest] 13524  - [39m30/07/2026 19:34:05 [32m    LOG[39m [38;5;3m[RoutesResolver] [39m[32mLegalDeadlineController {/legal-deadlines}:[39m[38;5;3m +0ms[39m
[32m[Nest] 13524  - [39m30/07/2026 19:34:05 [32m    LOG[39m [38;5;3m[RouterExplorer] [39m[32mMapped {/legal-deadlines/notifications, POST} route[39m[38;5;3m +1ms[39m
[32m[Nest] 13524  - [39m30/07/2026 19:34:05 [32m    LOG[39m [38;5;3m[RouterExplorer] [39m[32mMapped {/legal-deadlines/audience/:audienceId, GET} route[39m[38;5;3m +0ms[39m
[32m[Nest] 13524  - [39m30/07/2026 19:34:05 [32m    LOG[39m [38;5;3m[RouterExplorer] [39m[32mMapped {/legal-deadlines/:id, GET} route[39m[38;5;3m +2ms[39m
[32m[Nest] 13524  - [39m30/07/2026 19:34:05 [32m    LOG[39m [38;5;3m[RouterExplorer] [39m[32mMapped {/legal-deadlines/:id/complete, POST} route[39m[38;5;3m +1ms[39m
[32m[Nest] 13524  - [39m30/07/2026 19:34:05 [32m    LOG[39m [38;5;3m[RouterExplorer] [39m[32mMapped {/legal-deadlines/:id/cancel, POST} route[39m[38;5;3m +0ms[39m
[32m[Nest] 13524  - [39m30/07/2026 19:34:05 [32m    LOG[39m [38;5;3m[RoutesResolver] [39m[32mAudienceTypeController {/audience-types}:[39m[38;5;3m +1ms[39m
[32m[Nest] 13524  - [39m30/07/2026 19:34:05 [32m    LOG[39m [38;5;3m[RouterExplorer] [39m[32mMapped {/audience-types/search, GET} route[39m[38;5;3m +0ms[39m
[32m[Nest] 13524  - [39m30/07/2026 19:34:05 [32m    LOG[39m [38;5;3m[RouterExplorer] [39m[32mMapped {/audience-types, POST} route[39m[38;5;3m +1ms[39m
[32m[Nest] 13524  - [39m30/07/2026 19:34:05 [32m    LOG[39m [38;5;3m[RouterExplorer] [39m[32mMapped {/audience-types, GET} route[39m[38;5;3m +0ms[39m
[32m[Nest] 13524  - [39m30/07/2026 19:34:05 [32m    LOG[39m [38;5;3m[RouterExplorer] [39m[32mMapped {/audience-types/:id, GET} route[39m[38;5;3m +1ms[39m
[32m[Nest] 13524  - [39m30/07/2026 19:34:05 [32m    LOG[39m [38;5;3m[RouterExplorer] [39m[32mMapped {/audience-types/:id, POST} route[39m[38;5;3m +0ms[39m
[32m[Nest] 13524  - [39m30/07/2026 19:34:05 [32m    LOG[39m [38;5;3m[RoutesResolver] [39m[32mJurisdictionController {/jurisdictions}:[39m[38;5;3m +0ms[39m
[32m[Nest] 13524  - [39m30/07/2026 19:34:05 [32m    LOG[39m [38;5;3m[RouterExplorer] [39m[32mMapped {/jurisdictions/stats, GET} route[39m[38;5;3m +1ms[39m
[32m[Nest] 13524  - [39m30/07/2026 19:34:05 [32m    LOG[39m [38;5;3m[RouterExplorer] [39m[32mMapped {/jurisdictions/stats/:id, GET} route[39m[38;5;3m +0ms[39m
[32m[Nest] 13524  - [39m30/07/2026 19:34:05 [32m    LOG[39m [38;5;3m[RouterExplorer] [39m[32mMapped {/jurisdictions, POST} route[39m[38;5;3m +1ms[39m
[32m[Nest] 13524  - [39m30/07/2026 19:34:05 [32m    LOG[39m [38;5;3m[RouterExplorer] [39m[32mMapped {/jurisdictions, GET} route[39m[38;5;3m +0ms[39m
[32m[Nest] 13524  - [39m30/07/2026 19:34:05 [32m    LOG[39m [38;5;3m[RouterExplorer] [39m[32mMapped {/jurisdictions/search, GET} route[39m[38;5;3m +1ms[39m
[32m[Nest] 13524  - [39m30/07/2026 19:34:05 [32m    LOG[39m [38;5;3m[RouterExplorer] [39m[32mMapped {/jurisdictions/:id, GET} route[39m[38;5;3m +0ms[39m
[32m[Nest] 13524  - [39m30/07/2026 19:34:05 [32m    LOG[39m [38;5;3m[RouterExplorer] [39m[32mMapped {/jurisdictions/:id, PATCH} route[39m[38;5;3m +1ms[39m
[32m[Nest] 13524  - [39m30/07/2026 19:34:05 [32m    LOG[39m [38;5;3m[RouterExplorer] [39m[32mMapped {/jurisdictions/:id, POST} route[39m[38;5;3m +0ms[39m
[32m[Nest] 13524  - [39m30/07/2026 19:34:05 [32m    LOG[39m [38;5;3m[RoutesResolver] [39m[32mDiligencesController {/diligences}:[39m[38;5;3m +0ms[39m
[32m[Nest] 13524  - [39m30/07/2026 19:34:05 [32m    LOG[39m [38;5;3m[RouterExplorer] [39m[32mMapped {/diligences/stats, GET} route[39m[38;5;3m +1ms[39m
[32m[Nest] 13524  - [39m30/07/2026 19:34:05 [32m    LOG[39m [38;5;3m[RouterExplorer] [39m[32mMapped {/diligences/stats/:id, GET} route[39m[38;5;3m +1ms[39m
[32m[Nest] 13524  - [39m30/07/2026 19:34:05 [32m    LOG[39m [38;5;3m[RouterExplorer] [39m[32mMapped {/diligences/upcoming, GET} route[39m[38;5;3m +1ms[39m
[32m[Nest] 13524  - [39m30/07/2026 19:34:05 [32m    LOG[39m [38;5;3m[RouterExplorer] [39m[32mMapped {/diligences/upcoming/deadlines, GET} route[39m[38;5;3m +0ms[39m
[32m[Nest] 13524  - [39m30/07/2026 19:34:05 [32m    LOG[39m [38;5;3m[RouterExplorer] [39m[32mMapped {/diligences/overdue, GET} route[39m[38;5;3m +0ms[39m
[32m[Nest] 13524  - [39m30/07/2026 19:34:05 [32m    LOG[39m [38;5;3m[RouterExplorer] [39m[32mMapped {/diligences/search, GET} route[39m[38;5;3m +1ms[39m
[32m[Nest] 13524  - [39m30/07/2026 19:34:05 [32m    LOG[39m [38;5;3m[RouterExplorer] [39m[32mMapped {/diligences, GET} route[39m[38;5;3m +0ms[39m
[32m[Nest] 13524  - [39m30/07/2026 19:34:05 [32m    LOG[39m [38;5;3m[RouterExplorer] [39m[32mMapped {/diligences, POST} route[39m[38;5;3m +0ms[39m
[32m[Nest] 13524  - [39m30/07/2026 19:34:05 [32m    LOG[39m [38;5;3m[RouterExplorer] [39m[32mMapped {/diligences/:id, GET} route[39m[38;5;3m +1ms[39m
[32m[Nest] 13524  - [39m30/07/2026 19:34:05 [32m    LOG[39m [38;5;3m[RouterExplorer] [39m[32mMapped {/diligences/:id, PATCH} route[39m[38;5;3m +0ms[39m
[32m[Nest] 13524  - [39m30/07/2026 19:34:05 [32m    LOG[39m [38;5;3m[RouterExplorer] [39m[32mMapped {/diligences/:id, DELETE} route[39m[38;5;3m +1ms[39m
[32m[Nest] 13524  - [39m30/07/2026 19:34:05 [32m    LOG[39m [38;5;3m[RouterExplorer] [39m[32mMapped {/diligences/:id/start, POST} route[39m[38;5;3m +1ms[39m
[32m[Nest] 13524  - [39m30/07/2026 19:34:05 [32m    LOG[39m [38;5;3m[RouterExplorer] [39m[32mMapped {/diligences/:id/submit-review, POST} route[39m[38;5;3m +2ms[39m
[32m[Nest] 13524  - [39m30/07/2026 19:34:05 [32m    LOG[39m [38;5;3m[RouterExplorer] [39m[32mMapped {/diligences/:id/complete, POST} route[39m[38;5;3m +1ms[39m
[32m[Nest] 13524  - [39m30/07/2026 19:34:05 [32m    LOG[39m [38;5;3m[RouterExplorer] [39m[32mMapped {/diligences/:id/cancel, POST} route[39m[38;5;3m +1ms[39m
[32m[Nest] 13524  - [39m30/07/2026 19:34:05 [32m    LOG[39m [38;5;3m[RouterExplorer] [39m[32mMapped {/diligences/:id/generate-report, POST} route[39m[38;5;3m +0ms[39m
[32m[Nest] 13524  - [39m30/07/2026 19:34:05 [32m    LOG[39m [38;5;3m[RouterExplorer] [39m[32mMapped {/diligences/:id/documents, POST} route[39m[38;5;3m +1ms[39m
[32m[Nest] 13524  - [39m30/07/2026 19:34:05 [32m    LOG[39m [38;5;3m[RoutesResolver] [39m[32mFactureController {/factures}:[39m[38;5;3m +0ms[39m
[32m[Nest] 13524  - [39m30/07/2026 19:34:05 [32m    LOG[39m [38;5;3m[RouterExplorer] [39m[32mMapped {/factures/stats, GET} route[39m[38;5;3m +0ms[39m
[32m[Nest] 13524  - [39m30/07/2026 19:34:05 [32m    LOG[39m [38;5;3m[RouterExplorer] [39m[32mMapped {/factures/unpaid, GET} route[39m[38;5;3m +1ms[39m
[32m[Nest] 13524  - [39m30/07/2026 19:34:05 [32m    LOG[39m [38;5;3m[RouterExplorer] [39m[32mMapped {/factures/overdue, GET} route[39m[38;5;3m +0ms[39m
[32m[Nest] 13524  - [39m30/07/2026 19:34:05 [32m    LOG[39m [38;5;3m[RouterExplorer] [39m[32mMapped {/factures/search, GET} route[39m[38;5;3m +0ms[39m
[32m[Nest] 13524  - [39m30/07/2026 19:34:05 [32m    LOG[39m [38;5;3m[RouterExplorer] [39m[32mMapped {/factures/analytics/chiffre-affaires, GET} route[39m[38;5;3m +1ms[39m
[32m[Nest] 13524  - [39m30/07/2026 19:34:05 [32m    LOG[39m [38;5;3m[RouterExplorer] [39m[32mMapped {/factures/analytics/montant-encaisse, GET} route[39m[38;5;3m +0ms[39m
[32m[Nest] 13524  - [39m30/07/2026 19:34:05 [32m    LOG[39m [38;5;3m[RouterExplorer] [39m[32mMapped {/factures/analytics/statistiques, GET} route[39m[38;5;3m +0ms[39m
[32m[Nest] 13524  - [39m30/07/2026 19:34:05 [32m    LOG[39m [38;5;3m[RouterExplorer] [39m[32mMapped {/factures/dossier/:dossierId/export, GET} route[39m[38;5;3m +1ms[39m
[32m[Nest] 13524  - [39m30/07/2026 19:34:05 [32m    LOG[39m [38;5;3m[RouterExplorer] [39m[32mMapped {/factures/dossier/:dossierId, GET} route[39m[38;5;3m +0ms[39m
[32m[Nest] 13524  - [39m30/07/2026 19:34:05 [32m    LOG[39m [38;5;3m[RouterExplorer] [39m[32mMapped {/factures/dossier/:dossierId/relance, POST} route[39m[38;5;3m +0ms[39m
[32m[Nest] 13524  - [39m30/07/2026 19:34:05 [32m    LOG[39m [38;5;3m[RouterExplorer] [39m[32mMapped {/factures/client/:clientId, GET} route[39m[38;5;3m +0ms[39m
[32m[Nest] 13524  - [39m30/07/2026 19:34:05 [32m    LOG[39m [38;5;3m[RouterExplorer] [39m[32mMapped {/factures/statut/impayees, GET} route[39m[38;5;3m +1ms[39m
[32m[Nest] 13524  - [39m30/07/2026 19:34:05 [32m    LOG[39m [38;5;3m[RouterExplorer] [39m[32mMapped {/factures/statut/partiellement-payees, GET} route[39m[38;5;3m +0ms[39m
[32m[Nest] 13524  - [39m30/07/2026 19:34:05 [32m    LOG[39m [38;5;3m[RouterExplorer] [39m[32mMapped {/factures, POST} route[39m[38;5;3m +0ms[39m
[32m[Nest] 13524  - [39m30/07/2026 19:34:05 [32m    LOG[39m [38;5;3m[RouterExplorer] [39m[32mMapped {/factures, GET} route[39m[38;5;3m +0ms[39m
[32m[Nest] 13524  - [39m30/07/2026 19:34:05 [32m    LOG[39m [38;5;3m[RouterExplorer] [39m[32mMapped {/factures/:id, GET} route[39m[38;5;3m +1ms[39m
[32m[Nest] 13524  - [39m30/07/2026 19:34:05 [32m    LOG[39m [38;5;3m[RouterExplorer] [39m[32mMapped {/factures/:id, PATCH} route[39m[38;5;3m +1ms[39m
[32m[Nest] 13524  - [39m30/07/2026 19:34:05 [32m    LOG[39m [38;5;3m[RouterExplorer] [39m[32mMapped {/factures/:id/issue, POST} route[39m[38;5;3m +1ms[39m
[32m[Nest] 13524  - [39m30/07/2026 19:34:05 [32m    LOG[39m [38;5;3m[RouterExplorer] [39m[32mMapped {/factures/:id/validate, POST} route[39m[38;5;3m +0ms[39m
[32m[Nest] 13524  - [39m30/07/2026 19:34:05 [32m    LOG[39m [38;5;3m[RouterExplorer] [39m[32mMapped {/factures/:id/cancel, POST} route[39m[38;5;3m +1ms[39m
[32m[Nest] 13524  - [39m30/07/2026 19:34:05 [32m    LOG[39m [38;5;3m[RouterExplorer] [39m[32mMapped {/factures/:id/credit-notes, POST} route[39m[38;5;3m +0ms[39m
[32m[Nest] 13524  - [39m30/07/2026 19:34:05 [32m    LOG[39m [38;5;3m[RouterExplorer] [39m[32mMapped {/factures/:id/waive, POST} route[39m[38;5;3m +1ms[39m
[32m[Nest] 13524  - [39m30/07/2026 19:34:05 [32m    LOG[39m [38;5;3m[RouterExplorer] [39m[32mMapped {/factures/:id/bad-debt, POST} route[39m[38;5;3m +1ms[39m
[32m[Nest] 13524  - [39m30/07/2026 19:34:05 [32m    LOG[39m [38;5;3m[RouterExplorer] [39m[32mMapped {/factures/:id, DELETE} route[39m[38;5;3m +0ms[39m
[32m[Nest] 13524  - [39m30/07/2026 19:34:05 [32m    LOG[39m [38;5;3m[RoutesResolver] [39m[32mAiDatabaseController {/api/ai-database}:[39m[38;5;3m +1ms[39m
[32m[Nest] 13524  - [39m30/07/2026 19:34:05 [32m    LOG[39m [38;5;3m[RouterExplorer] [39m[32mMapped {/api/ai-database/ask, POST} route[39m[38;5;3m +1ms[39m
[32m[Nest] 13524  - [39m30/07/2026 19:34:05 [32m    LOG[39m [38;5;3m[RouterExplorer] [39m[32mMapped {/api/ai-database/ask/stream, POST} route[39m[38;5;3m +2ms[39m
[32m[Nest] 13524  - [39m30/07/2026 19:34:05 [32m    LOG[39m [38;5;3m[RouterExplorer] [39m[32mMapped {/api/ai-database/metrics, GET} route[39m[38;5;3m +0ms[39m
[32m[Nest] 13524  - [39m30/07/2026 19:34:05 [32m    LOG[39m [38;5;3m[RouterExplorer] [39m[32mMapped {/api/ai-database/health, GET} route[39m[38;5;3m +1ms[39m
[32m[Nest] 13524  - [39m30/07/2026 19:34:05 [32m    LOG[39m [38;5;3m[RouterExplorer] [39m[32mMapped {/api/ai-database/schema-json, GET} route[39m[38;5;3m +0ms[39m
[32m[Nest] 13524  - [39m30/07/2026 19:34:05 [32m    LOG[39m [38;5;3m[RouterExplorer] [39m[32mMapped {/api/ai-database/schema, GET} route[39m[38;5;3m +1ms[39m
[32m[Nest] 13524  - [39m30/07/2026 19:34:05 [32m    LOG[39m [38;5;3m[RouterExplorer] [39m[32mMapped {/api/ai-database/analyze, POST} route[39m[38;5;3m +0ms[39m
[32m[Nest] 13524  - [39m30/07/2026 19:34:05 [32m    LOG[39m [38;5;3m[RouterExplorer] [39m[32mMapped {/api/ai-database/conversations, GET} route[39m[38;5;3m +1ms[39m
[32m[Nest] 13524  - [39m30/07/2026 19:34:05 [32m    LOG[39m [38;5;3m[RouterExplorer] [39m[32mMapped {/api/ai-database/conversations, POST} route[39m[38;5;3m +0ms[39m
[32m[Nest] 13524  - [39m30/07/2026 19:34:05 [32m    LOG[39m [38;5;3m[RouterExplorer] [39m[32mMapped {/api/ai-database/conversations/:id/messages, GET} route[39m[38;5;3m +0ms[39m
[32m[Nest] 13524  - [39m30/07/2026 19:34:05 [32m    LOG[39m [38;5;3m[RouterExplorer] [39m[32mMapped {/api/ai-database/prompt-schema, GET} route[39m[38;5;3m +1ms[39m
[32m[Nest] 13524  - [39m30/07/2026 19:34:05 [32m    LOG[39m [38;5;3m[RouterExplorer] [39m[32mMapped {/api/ai-database/visible-tables, GET} route[39m[38;5;3m +0ms[39m
[32m[Nest] 13524  - [39m30/07/2026 19:34:05 [32m    LOG[39m [38;5;3m[RoutesResolver] [39m[32mOnboardingController {/onboarding}:[39m[38;5;3m +0ms[39m
[32m[Nest] 13524  - [39m30/07/2026 19:34:05 [32m    LOG[39m [38;5;3m[RouterExplorer] [39m[32mMapped {/onboarding/register, POST} route[39m[38;5;3m +1ms[39m
[32m[Nest] 13524  - [39m30/07/2026 19:34:05 [32m    LOG[39m [38;5;3m[RouterExplorer] [39m[32mMapped {/onboarding/plans, GET} route[39m[38;5;3m +0ms[39m
[32m[Nest] 13524  - [39m30/07/2026 19:34:05 [32m    LOG[39m [38;5;3m[RoutesResolver] [39m[32mSubscriptionsController {/subscriptions}:[39m[38;5;3m +0ms[39m
[32m[Nest] 13524  - [39m30/07/2026 19:34:05 [32m    LOG[39m [38;5;3m[RouterExplorer] [39m[32mMapped {/subscriptions/current, GET} route[39m[38;5;3m +1ms[39m
[32m[Nest] 13524  - [39m30/07/2026 19:34:05 [32m    LOG[39m [38;5;3m[RouterExplorer] [39m[32mMapped {/subscriptions/payments, GET} route[39m[38;5;3m +0ms[39m
[32m[Nest] 13524  - [39m30/07/2026 19:34:05 [32m    LOG[39m [38;5;3m[RouterExplorer] [39m[32mMapped {/subscriptions/change, PATCH} route[39m[38;5;3m +0ms[39m
[32m[Nest] 13524  - [39m30/07/2026 19:34:05 [32m    LOG[39m [38;5;3m[RouterExplorer] [39m[32mMapped {/subscriptions/renew, PATCH} route[39m[38;5;3m +1ms[39m
[32m[Nest] 13524  - [39m30/07/2026 19:34:05 [32m    LOG[39m [38;5;3m[RouterExplorer] [39m[32mMapped {/subscriptions/pay, POST} route[39m[38;5;3m +0ms[39m
[32m[Nest] 13524  - [39m30/07/2026 19:34:05 [32m    LOG[39m [38;5;3m[RouterExplorer] [39m[32mMapped {/subscriptions/payments/webhook, POST} route[39m[38;5;3m +1ms[39m
[32m[Nest] 13524  - [39m30/07/2026 19:34:05 [32m    LOG[39m [38;5;3m[RouterExplorer] [39m[32mMapped {/subscriptions/payments/simulate, POST} route[39m[38;5;3m +0ms[39m
[32m[Nest] 13524  - [39m30/07/2026 19:34:05 [32m    LOG[39m [38;5;3m[RouterExplorer] [39m[32mMapped {/subscriptions/dev/set-ends-in, PATCH} route[39m[38;5;3m +0ms[39m
[32m[Nest] 13524  - [39m30/07/2026 19:34:05 [32m    LOG[39m [38;5;3m[RouterExplorer] [39m[32mMapped {/subscriptions/dev/end-trial-now, PATCH} route[39m[38;5;3m +1ms[39m
[32m[Nest] 13524  - [39m30/07/2026 19:34:05 [32m    LOG[39m [38;5;3m[RouterExplorer] [39m[32mMapped {/subscriptions/dev/expire-now, PATCH} route[39m[38;5;3m +0ms[39m
[32m[Nest] 13524  - [39m30/07/2026 19:34:05 [32m    LOG[39m [38;5;3m[RouterExplorer] [39m[32mMapped {/subscriptions/dev/reset-trial, PATCH} route[39m[38;5;3m +0ms[39m
[32m[Nest] 13524  - [39m30/07/2026 19:34:05 [32m    LOG[39m [38;5;3m[RoutesResolver] [39m[32mEcrituresController {/comptabilite/ecritures}:[39m[38;5;3m +1ms[39m
[32m[Nest] 13524  - [39m30/07/2026 19:34:05 [32m    LOG[39m [38;5;3m[RouterExplorer] [39m[32mMapped {/comptabilite/ecritures, GET} route[39m[38;5;3m +0ms[39m
[32m[Nest] 13524  - [39m30/07/2026 19:34:05 [32m    LOG[39m [38;5;3m[RouterExplorer] [39m[32mMapped {/comptabilite/ecritures/:id, GET} route[39m[38;5;3m +0ms[39m
[32m[Nest] 13524  - [39m30/07/2026 19:34:05 [32m    LOG[39m [38;5;3m[RouterExplorer] [39m[32mMapped {/comptabilite/ecritures/source/:module/:sourceId, GET} route[39m[38;5;3m +1ms[39m
[32m[Nest] 13524  - [39m30/07/2026 19:34:05 [32m    LOG[39m [38;5;3m[RouterExplorer] [39m[32mMapped {/comptabilite/ecritures, POST} route[39m[38;5;3m +0ms[39m
[32m[Nest] 13524  - [39m30/07/2026 19:34:05 [32m    LOG[39m [38;5;3m[RouterExplorer] [39m[32mMapped {/comptabilite/ecritures/:id/post, POST} route[39m[38;5;3m +0ms[39m
[32m[Nest] 13524  - [39m30/07/2026 19:34:05 [32m    LOG[39m [38;5;3m[RouterExplorer] [39m[32mMapped {/comptabilite/ecritures/:id/reverse, POST} route[39m[38;5;3m +0ms[39m
[32m[Nest] 13524  - [39m30/07/2026 19:34:05 [32m    LOG[39m [38;5;3m[RoutesResolver] [39m[32mComptesController {/comptabilite/comptes}:[39m[38;5;3m +0ms[39m
[32m[Nest] 13524  - [39m30/07/2026 19:34:05 [32m    LOG[39m [38;5;3m[RouterExplorer] [39m[32mMapped {/comptabilite/comptes, GET} route[39m[38;5;3m +1ms[39m
[32m[Nest] 13524  - [39m30/07/2026 19:34:05 [32m    LOG[39m [38;5;3m[RouterExplorer] [39m[32mMapped {/comptabilite/comptes/soldes, GET} route[39m[38;5;3m +0ms[39m
[32m[Nest] 13524  - [39m30/07/2026 19:34:05 [32m    LOG[39m [38;5;3m[RouterExplorer] [39m[32mMapped {/comptabilite/comptes, POST} route[39m[38;5;3m +0ms[39m
[32m[Nest] 13524  - [39m30/07/2026 19:34:05 [32m    LOG[39m [38;5;3m[RoutesResolver] [39m[32mExercicesController {/comptabilite/exercices}:[39m[38;5;3m +0ms[39m
[32m[Nest] 13524  - [39m30/07/2026 19:34:05 [32m    LOG[39m [38;5;3m[RouterExplorer] [39m[32mMapped {/comptabilite/exercices, GET} route[39m[38;5;3m +0ms[39m
[32m[Nest] 13524  - [39m30/07/2026 19:34:05 [32m    LOG[39m [38;5;3m[RouterExplorer] [39m[32mMapped {/comptabilite/exercices/ouvert, GET} route[39m[38;5;3m +1ms[39m
[32m[Nest] 13524  - [39m30/07/2026 19:34:05 [32m    LOG[39m [38;5;3m[RouterExplorer] [39m[32mMapped {/comptabilite/exercices, POST} route[39m[38;5;3m +0ms[39m
[32m[Nest] 13524  - [39m30/07/2026 19:34:05 [32m    LOG[39m [38;5;3m[RouterExplorer] [39m[32mMapped {/comptabilite/exercices/:id/cloturer, PATCH} route[39m[38;5;3m +0ms[39m
[32m[Nest] 13524  - [39m30/07/2026 19:34:05 [32m    LOG[39m [38;5;3m[RoutesResolver] [39m[32mRapportsController {/comptabilite/rapports}:[39m[38;5;3m +0ms[39m
[32m[Nest] 13524  - [39m30/07/2026 19:34:05 [32m    LOG[39m [38;5;3m[RouterExplorer] [39m[32mMapped {/comptabilite/rapports/balance, GET} route[39m[38;5;3m +1ms[39m
[32m[Nest] 13524  - [39m30/07/2026 19:34:05 [32m    LOG[39m [38;5;3m[RouterExplorer] [39m[32mMapped {/comptabilite/rapports/grand-livre/:compteId, GET} route[39m[38;5;3m +0ms[39m
[32m[Nest] 13524  - [39m30/07/2026 19:34:05 [32m    LOG[39m [38;5;3m[RouterExplorer] [39m[32mMapped {/comptabilite/rapports/resultat, GET} route[39m[38;5;3m +0ms[39m
[32m[Nest] 13524  - [39m30/07/2026 19:34:05 [32m    LOG[39m [38;5;3m[RouterExplorer] [39m[32mMapped {/comptabilite/rapports/tva, GET} route[39m[38;5;3m +0ms[39m
[32m[Nest] 13524  - [39m30/07/2026 19:34:05 [32m    LOG[39m [38;5;3m[RoutesResolver] [39m[32mSynchronisationController {/comptabilite/synchronisation}:[39m[38;5;3m +1ms[39m
[32m[Nest] 13524  - [39m30/07/2026 19:34:05 [32m    LOG[39m [38;5;3m[RouterExplorer] [39m[32mMapped {/comptabilite/synchronisation/etat, GET} route[39m[38;5;3m +1ms[39m
[32m[Nest] 13524  - [39m30/07/2026 19:34:05 [32m    LOG[39m [38;5;3m[RouterExplorer] [39m[32mMapped {/comptabilite/synchronisation/initialiser, POST} route[39m[38;5;3m +1ms[39m
[32m[Nest] 13524  - [39m30/07/2026 19:34:05 [32m    LOG[39m [38;5;3m[RouterExplorer] [39m[32mMapped {/comptabilite/synchronisation, POST} route[39m[38;5;3m +0ms[39m
[32m[Nest] 13524  - [39m30/07/2026 19:34:05 [32m    LOG[39m [38;5;3m[RoutesResolver] [39m[32mProceduresController {/procedures}:[39m[38;5;3m +1ms[39m
[32m[Nest] 13524  - [39m30/07/2026 19:34:05 [32m    LOG[39m [38;5;3m[RouterExplorer] [39m[32mMapped {/procedures, POST} route[39m[38;5;3m +0ms[39m
[32m[Nest] 13524  - [39m30/07/2026 19:34:05 [32m    LOG[39m [38;5;3m[RouterExplorer] [39m[32mMapped {/procedures/stats, GET} route[39m[38;5;3m +0ms[39m
[32m[Nest] 13524  - [39m30/07/2026 19:34:05 [32m    LOG[39m [38;5;3m[RouterExplorer] [39m[32mMapped {/procedures/search, GET} route[39m[38;5;3m +1ms[39m
[32m[Nest] 13524  - [39m30/07/2026 19:34:05 [32m    LOG[39m [38;5;3m[RouterExplorer] [39m[32mMapped {/procedures/:id/subtypes, POST} route[39m[38;5;3m +0ms[39m
[32m[Nest] 13524  - [39m30/07/2026 19:34:05 [32m    LOG[39m [38;5;3m[RouterExplorer] [39m[32mMapped {/procedures, GET} route[39m[38;5;3m +1ms[39m
[32m[Nest] 13524  - [39m30/07/2026 19:34:05 [32m    LOG[39m [38;5;3m[RouterExplorer] [39m[32mMapped {/procedures/main-types, GET} route[39m[38;5;3m +0ms[39m
[32m[Nest] 13524  - [39m30/07/2026 19:34:05 [32m    LOG[39m [38;5;3m[RouterExplorer] [39m[32mMapped {/procedures/:id/subtypes, GET} route[39m[38;5;3m +0ms[39m
[32m[Nest] 13524  - [39m30/07/2026 19:34:05 [32m    LOG[39m [38;5;3m[RouterExplorer] [39m[32mMapped {/procedures/statistics, GET} route[39m[38;5;3m +1ms[39m
[32m[Nest] 13524  - [39m30/07/2026 19:34:05 [32m    LOG[39m [38;5;3m[RouterExplorer] [39m[32mMapped {/procedures/:id, GET} route[39m[38;5;3m +0ms[39m
[32m[Nest] 13524  - [39m30/07/2026 19:34:05 [32m    LOG[39m [38;5;3m[RouterExplorer] [39m[32mMapped {/procedures/:id, PATCH} route[39m[38;5;3m +1ms[39m
[32m[Nest] 13524  - [39m30/07/2026 19:34:05 [32m    LOG[39m [38;5;3m[RouterExplorer] [39m[32mMapped {/procedures/:id, DELETE} route[39m[38;5;3m +0ms[39m
[32m[Nest] 13524  - [39m30/07/2026 19:34:05 [32m    LOG[39m [38;5;3m[RouterExplorer] [39m[32mMapped {/procedures/validate/:typeId/:subtypeId, GET} route[39m[38;5;3m +1ms[39m
[32m[Nest] 13524  - [39m30/07/2026 19:34:05 [32m    LOG[39m [38;5;3m[RoutesResolver] [39m[32mPaiementController {/paiements}:[39m[38;5;3m +0ms[39m
[32m[Nest] 13524  - [39m30/07/2026 19:34:05 [32m    LOG[39m [38;5;3m[RouterExplorer] [39m[32mMapped {/paiements, POST} route[39m[38;5;3m +1ms[39m
[32m[Nest] 13524  - [39m30/07/2026 19:34:05 [32m    LOG[39m [38;5;3m[RouterExplorer] [39m[32mMapped {/paiements, GET} route[39m[38;5;3m +0ms[39m
[32m[Nest] 13524  - [39m30/07/2026 19:34:05 [32m    LOG[39m [38;5;3m[RouterExplorer] [39m[32mMapped {/paiements/statut/en-attente, GET} route[39m[38;5;3m +0ms[39m
[32m[Nest] 13524  - [39m30/07/2026 19:34:05 [32m    LOG[39m [38;5;3m[RouterExplorer] [39m[32mMapped {/paiements/analytics/statistiques, GET} route[39m[38;5;3m +0ms[39m
[32m[Nest] 13524  - [39m30/07/2026 19:34:05 [32m    LOG[39m [38;5;3m[RouterExplorer] [39m[32mMapped {/paiements/facture/:factureId, GET} route[39m[38;5;3m +1ms[39m
[32m[Nest] 13524  - [39m30/07/2026 19:34:05 [32m    LOG[39m [38;5;3m[RouterExplorer] [39m[32mMapped {/paiements/client/:clientId, GET} route[39m[38;5;3m +0ms[39m
[32m[Nest] 13524  - [39m30/07/2026 19:34:05 [32m    LOG[39m [38;5;3m[RouterExplorer] [39m[32mMapped {/paiements/:id/preuve, GET} route[39m[38;5;3m +1ms[39m
[32m[Nest] 13524  - [39m30/07/2026 19:34:05 [32m    LOG[39m [38;5;3m[RouterExplorer] [39m[32mMapped {/paiements/:id, GET} route[39m[38;5;3m +0ms[39m
[32m[Nest] 13524  - [39m30/07/2026 19:34:05 [32m    LOG[39m [38;5;3m[RouterExplorer] [39m[32mMapped {/paiements/:id, PATCH} route[39m[38;5;3m +2ms[39m
[32m[Nest] 13524  - [39m30/07/2026 19:34:05 [32m    LOG[39m [38;5;3m[RouterExplorer] [39m[32mMapped {/paiements/:id/validate, POST} route[39m[38;5;3m +0ms[39m
[32m[Nest] 13524  - [39m30/07/2026 19:34:05 [32m    LOG[39m [38;5;3m[RouterExplorer] [39m[32mMapped {/paiements/:id/reject, POST} route[39m[38;5;3m +0ms[39m
[32m[Nest] 13524  - [39m30/07/2026 19:34:05 [32m    LOG[39m [38;5;3m[RouterExplorer] [39m[32mMapped {/paiements/:id/cancel, POST} route[39m[38;5;3m +1ms[39m
[32m[Nest] 13524  - [39m30/07/2026 19:34:05 [32m    LOG[39m [38;5;3m[RouterExplorer] [39m[32mMapped {/paiements/:id, DELETE} route[39m[38;5;3m +0ms[39m
[32m[Nest] 13524  - [39m30/07/2026 19:34:05 [32m    LOG[39m [38;5;3m[RoutesResolver] [39m[32mInvoiceTypeController {/invoice-types}:[39m[38;5;3m +1ms[39m
[32m[Nest] 13524  - [39m30/07/2026 19:34:05 [32m    LOG[39m [38;5;3m[RouterExplorer] [39m[32mMapped {/invoice-types/stats, GET} route[39m[38;5;3m +0ms[39m
[32m[Nest] 13524  - [39m30/07/2026 19:34:05 [32m    LOG[39m [38;5;3m[RouterExplorer] [39m[32mMapped {/invoice-types/stats/:id, GET} route[39m[38;5;3m +0ms[39m
[32m[Nest] 13524  - [39m30/07/2026 19:34:05 [32m    LOG[39m [38;5;3m[RouterExplorer] [39m[32mMapped {/invoice-types/stats/categories, GET} route[39m[38;5;3m +1ms[39m
[32m[Nest] 13524  - [39m30/07/2026 19:34:05 [32m    LOG[39m [38;5;3m[RouterExplorer] [39m[32mMapped {/invoice-types/stats/tax-rates, GET} route[39m[38;5;3m +0ms[39m
[32m[Nest] 13524  - [39m30/07/2026 19:34:05 [32m    LOG[39m [38;5;3m[RouterExplorer] [39m[32mMapped {/invoice-types/stats/top, GET} route[39m[38;5;3m +0ms[39m
[32m[Nest] 13524  - [39m30/07/2026 19:34:05 [32m    LOG[39m [38;5;3m[RouterExplorer] [39m[32mMapped {/invoice-types/stats/usage, GET} route[39m[38;5;3m +2ms[39m
[32m[Nest] 13524  - [39m30/07/2026 19:34:05 [32m    LOG[39m [38;5;3m[RouterExplorer] [39m[32mMapped {/invoice-types, POST} route[39m[38;5;3m +1ms[39m
[32m[Nest] 13524  - [39m30/07/2026 19:34:05 [32m    LOG[39m [38;5;3m[RouterExplorer] [39m[32mMapped {/invoice-types/search, GET} route[39m[38;5;3m +0ms[39m
[32m[Nest] 13524  - [39m30/07/2026 19:34:05 [32m    LOG[39m [38;5;3m[RouterExplorer] [39m[32mMapped {/invoice-types, GET} route[39m[38;5;3m +0ms[39m
[32m[Nest] 13524  - [39m30/07/2026 19:34:05 [32m    LOG[39m [38;5;3m[RouterExplorer] [39m[32mMapped {/invoice-types/:id, GET} route[39m[38;5;3m +0ms[39m
[32m[Nest] 13524  - [39m30/07/2026 19:34:05 [32m    LOG[39m [38;5;3m[RouterExplorer] [39m[32mMapped {/invoice-types/:id, POST} route[39m[38;5;3m +1ms[39m
[32m[Nest] 13524  - [39m30/07/2026 19:34:05 [32m    LOG[39m [38;5;3m[RoutesResolver] [39m[32mFindingsController {/findings}:[39m[38;5;3m +0ms[39m
[32m[Nest] 13524  - [39m30/07/2026 19:34:05 [32m    LOG[39m [38;5;3m[RouterExplorer] [39m[32mMapped {/findings/search, GET} route[39m[38;5;3m +0ms[39m
[32m[Nest] 13524  - [39m30/07/2026 19:34:05 [32m    LOG[39m [38;5;3m[RouterExplorer] [39m[32mMapped {/findings/stats/by-severity, GET} route[39m[38;5;3m +0ms[39m
[32m[Nest] 13524  - [39m30/07/2026 19:34:05 [32m    LOG[39m [38;5;3m[RouterExplorer] [39m[32mMapped {/findings/diligence/:diligenceId, GET} route[39m[38;5;3m +1ms[39m
[32m[Nest] 13524  - [39m30/07/2026 19:34:05 [32m    LOG[39m [38;5;3m[RouterExplorer] [39m[32mMapped {/findings, GET} route[39m[38;5;3m +0ms[39m
[32m[Nest] 13524  - [39m30/07/2026 19:34:05 [32m    LOG[39m [38;5;3m[RouterExplorer] [39m[32mMapped {/findings, POST} route[39m[38;5;3m +0ms[39m
[32m[Nest] 13524  - [39m30/07/2026 19:34:05 [32m    LOG[39m [38;5;3m[RouterExplorer] [39m[32mMapped {/findings/:id, GET} route[39m[38;5;3m +0ms[39m
[32m[Nest] 13524  - [39m30/07/2026 19:34:05 [32m    LOG[39m [38;5;3m[RouterExplorer] [39m[32mMapped {/findings/:id, PATCH} route[39m[38;5;3m +1ms[39m
[32m[Nest] 13524  - [39m30/07/2026 19:34:05 [32m    LOG[39m [38;5;3m[RouterExplorer] [39m[32mMapped {/findings/:id, DELETE} route[39m[38;5;3m +0ms[39m
[32m[Nest] 13524  - [39m30/07/2026 19:34:05 [32m    LOG[39m [38;5;3m[RouterExplorer] [39m[32mMapped {/findings/:id/start-analysis, POST} route[39m[38;5;3m +0ms[39m
[32m[Nest] 13524  - [39m30/07/2026 19:34:05 [32m    LOG[39m [38;5;3m[RouterExplorer] [39m[32mMapped {/findings/:id/validate, POST} route[39m[38;5;3m +0ms[39m
[32m[Nest] 13524  - [39m30/07/2026 19:34:05 [32m    LOG[39m [38;5;3m[RouterExplorer] [39m[32mMapped {/findings/:id/resolve, POST} route[39m[38;5;3m +0ms[39m
[32m[Nest] 13524  - [39m30/07/2026 19:34:05 [32m    LOG[39m [38;5;3m[RouterExplorer] [39m[32mMapped {/findings/:id/waive, POST} route[39m[38;5;3m +0ms[39m
[32m[Nest] 13524  - [39m30/07/2026 19:34:05 [32m    LOG[39m [38;5;3m[RoutesResolver] [39m[32mDashboardController {/dashboard}:[39m[38;5;3m +1ms[39m
[32m[Nest] 13524  - [39m30/07/2026 19:34:05 [32m    LOG[39m [38;5;3m[RouterExplorer] [39m[32mMapped {/dashboard/overview, GET} route[39m[38;5;3m +0ms[39m
[32m[Nest] 13524  - [39m30/07/2026 19:34:05 [32m    LOG[39m [38;5;3m[RoutesResolver] [39m[32mDossierReferralsController {/dossier-referrals}:[39m[38;5;3m +0ms[39m
[32m[Nest] 13524  - [39m30/07/2026 19:34:05 [32m    LOG[39m [38;5;3m[RouterExplorer] [39m[32mMapped {/dossier-referrals, POST} route[39m[38;5;3m +1ms[39m
[32m[Nest] 13524  - [39m30/07/2026 19:34:05 [32m    LOG[39m [38;5;3m[RouterExplorer] [39m[32mMapped {/dossier-referrals/search, GET} route[39m[38;5;3m +1ms[39m
[32m[Nest] 13524  - [39m30/07/2026 19:34:05 [32m    LOG[39m [38;5;3m[RouterExplorer] [39m[32mMapped {/dossier-referrals/dossier/:dossierId, GET} route[39m[38;5;3m +0ms[39m
[32m[Nest] 13524  - [39m30/07/2026 19:34:05 [32m    LOG[39m [38;5;3m[RouterExplorer] [39m[32mMapped {/dossier-referrals/referrer/:referrerId, GET} route[39m[38;5;3m +0ms[39m
[32m[Nest] 13524  - [39m30/07/2026 19:34:05 [32m    LOG[39m [38;5;3m[RouterExplorer] [39m[32mMapped {/dossier-referrals, GET} route[39m[38;5;3m +1ms[39m
[32m[Nest] 13524  - [39m30/07/2026 19:34:05 [32m    LOG[39m [38;5;3m[RouterExplorer] [39m[32mMapped {/dossier-referrals/:id, GET} route[39m[38;5;3m +0ms[39m
[32m[Nest] 13524  - [39m30/07/2026 19:34:05 [32m    LOG[39m [38;5;3m[RouterExplorer] [39m[32mMapped {/dossier-referrals/:id, PATCH} route[39m[38;5;3m +0ms[39m
[32m[Nest] 13524  - [39m30/07/2026 19:34:05 [32m    LOG[39m [38;5;3m[RouterExplorer] [39m[32mMapped {/dossier-referrals/:id, DELETE} route[39m[38;5;3m +1ms[39m
[32m[Nest] 13524  - [39m30/07/2026 19:34:05 [32m    LOG[39m [38;5;3m[RoutesResolver] [39m[32mReferralCommissionsController {/referral-commissions}:[39m[38;5;3m +0ms[39m
[32m[Nest] 13524  - [39m30/07/2026 19:34:05 [32m    LOG[39m [38;5;3m[RouterExplorer] [39m[32mMapped {/referral-commissions, POST} route[39m[38;5;3m +0ms[39m
[32m[Nest] 13524  - [39m30/07/2026 19:34:05 [32m    LOG[39m [38;5;3m[RouterExplorer] [39m[32mMapped {/referral-commissions/search, GET} route[39m[38;5;3m +1ms[39m
[32m[Nest] 13524  - [39m30/07/2026 19:34:05 [32m    LOG[39m [38;5;3m[RouterExplorer] [39m[32mMapped {/referral-commissions/referral/:referralId, GET} route[39m[38;5;3m +0ms[39m
[32m[Nest] 13524  - [39m30/07/2026 19:34:05 [32m    LOG[39m [38;5;3m[RouterExplorer] [39m[32mMapped {/referral-commissions/referrer/:referrerId, GET} route[39m[38;5;3m +1ms[39m
[32m[Nest] 13524  - [39m30/07/2026 19:34:05 [32m    LOG[39m [38;5;3m[RouterExplorer] [39m[32mMapped {/referral-commissions, GET} route[39m[38;5;3m +0ms[39m
[32m[Nest] 13524  - [39m30/07/2026 19:34:05 [32m    LOG[39m [38;5;3m[RouterExplorer] [39m[32mMapped {/referral-commissions/:id, GET} route[39m[38;5;3m +1ms[39m
[32m[Nest] 13524  - [39m30/07/2026 19:34:05 [32m    LOG[39m [38;5;3m[RouterExplorer] [39m[32mMapped {/referral-commissions/:id/approve, POST} route[39m[38;5;3m +0ms[39m
[32m[Nest] 13524  - [39m30/07/2026 19:34:05 [32m    LOG[39m [38;5;3m[RouterExplorer] [39m[32mMapped {/referral-commissions/:id/pay, POST} route[39m[38;5;3m +1ms[39m
[32m[Nest] 13524  - [39m30/07/2026 19:34:05 [32m    LOG[39m [38;5;3m[RouterExplorer] [39m[32mMapped {/referral-commissions/:id/cancel, POST} route[39m[38;5;3m +0ms[39m
[32m[Nest] 13524  - [39m30/07/2026 19:34:05 [32m    LOG[39m [38;5;3m[RouterExplorer] [39m[32mMapped {/referral-commissions/:id, PATCH} route[39m[38;5;3m +0ms[39m
[32m[Nest] 13524  - [39m30/07/2026 19:34:05 [32m    LOG[39m [38;5;3m[RouterExplorer] [39m[32mMapped {/referral-commissions/:id, DELETE} route[39m[38;5;3m +1ms[39m
[32m[Nest] 13524  - [39m30/07/2026 19:34:05 [32m    LOG[39m [38;5;3m[RoutesResolver] [39m[32mReferrersController {/referrers}:[39m[38;5;3m +0ms[39m
[32m[Nest] 13524  - [39m30/07/2026 19:34:05 [32m    LOG[39m [38;5;3m[RouterExplorer] [39m[32mMapped {/referrers, POST} route[39m[38;5;3m +4ms[39m
[32m[Nest] 13524  - [39m30/07/2026 19:34:05 [32m    LOG[39m [38;5;3m[RouterExplorer] [39m[32mMapped {/referrers/search, GET} route[39m[38;5;3m +0ms[39m
[32m[Nest] 13524  - [39m30/07/2026 19:34:05 [32m    LOG[39m [38;5;3m[RouterExplorer] [39m[32mMapped {/referrers, GET} route[39m[38;5;3m +1ms[39m
[32m[Nest] 13524  - [39m30/07/2026 19:34:05 [32m    LOG[39m [38;5;3m[RouterExplorer] [39m[32mMapped {/referrers/:id, GET} route[39m[38;5;3m +0ms[39m
[32m[Nest] 13524  - [39m30/07/2026 19:34:05 [32m    LOG[39m [38;5;3m[RouterExplorer] [39m[32mMapped {/referrers/:id, PATCH} route[39m[38;5;3m +1ms[39m
[32m[Nest] 13524  - [39m30/07/2026 19:34:05 [32m    LOG[39m [38;5;3m[RouterExplorer] [39m[32mMapped {/referrers/:id, DELETE} route[39m[38;5;3m +0ms[39m
[32m[Nest] 13524  - [39m30/07/2026 19:34:05 [32m    LOG[39m [38;5;3m[RoutesResolver] [39m[32mPayrollPeriodsController {/payroll-periods}:[39m[38;5;3m +1ms[39m
[32m[Nest] 13524  - [39m30/07/2026 19:34:05 [32m    LOG[39m [38;5;3m[RouterExplorer] [39m[32mMapped {/payroll-periods, POST} route[39m[38;5;3m +0ms[39m
[32m[Nest] 13524  - [39m30/07/2026 19:34:05 [32m    LOG[39m [38;5;3m[RouterExplorer] [39m[32mMapped {/payroll-periods/search, GET} route[39m[38;5;3m +1ms[39m
[32m[Nest] 13524  - [39m30/07/2026 19:34:05 [32m    LOG[39m [38;5;3m[RouterExplorer] [39m[32mMapped {/payroll-periods, GET} route[39m[38;5;3m +0ms[39m
[32m[Nest] 13524  - [39m30/07/2026 19:34:05 [32m    LOG[39m [38;5;3m[RouterExplorer] [39m[32mMapped {/payroll-periods/:id, GET} route[39m[38;5;3m +0ms[39m
[32m[Nest] 13524  - [39m30/07/2026 19:34:05 [32m    LOG[39m [38;5;3m[RouterExplorer] [39m[32mMapped {/payroll-periods/:id, PATCH} route[39m[38;5;3m +1ms[39m
[32m[Nest] 13524  - [39m30/07/2026 19:34:05 [32m    LOG[39m [38;5;3m[RouterExplorer] [39m[32mMapped {/payroll-periods/:id/generate, POST} route[39m[38;5;3m +0ms[39m
[32m[Nest] 13524  - [39m30/07/2026 19:34:05 [32m    LOG[39m [38;5;3m[RouterExplorer] [39m[32mMapped {/payroll-periods/:id/close, POST} route[39m[38;5;3m +0ms[39m
[32m[Nest] 13524  - [39m30/07/2026 19:34:05 [32m    LOG[39m [38;5;3m[RouterExplorer] [39m[32mMapped {/payroll-periods/:id/mark-paid, POST} route[39m[38;5;3m +1ms[39m
[32m[Nest] 13524  - [39m30/07/2026 19:34:05 [32m    LOG[39m [38;5;3m[RouterExplorer] [39m[32mMapped {/payroll-periods/:id, DELETE} route[39m[38;5;3m +0ms[39m
[32m[Nest] 13524  - [39m30/07/2026 19:34:05 [32m    LOG[39m [38;5;3m[RoutesResolver] [39m[32mPayslipsController {/payslips}:[39m[38;5;3m +0ms[39m
[32m[Nest] 13524  - [39m30/07/2026 19:34:05 [32m    LOG[39m [38;5;3m[RouterExplorer] [39m[32mMapped {/payslips, POST} route[39m[38;5;3m +1ms[39m
[32m[Nest] 13524  - [39m30/07/2026 19:34:05 [32m    LOG[39m [38;5;3m[RouterExplorer] [39m[32mMapped {/payslips/me, GET} route[39m[38;5;3m +0ms[39m
[32m[Nest] 13524  - [39m30/07/2026 19:34:05 [32m    LOG[39m [38;5;3m[RouterExplorer] [39m[32mMapped {/payslips/me/:id, GET} route[39m[38;5;3m +0ms[39m
[32m[Nest] 13524  - [39m30/07/2026 19:34:05 [32m    LOG[39m [38;5;3m[RouterExplorer] [39m[32mMapped {/payslips/search, GET} route[39m[38;5;3m +1ms[39m
[32m[Nest] 13524  - [39m30/07/2026 19:34:05 [32m    LOG[39m [38;5;3m[RouterExplorer] [39m[32mMapped {/payslips/stats, GET} route[39m[38;5;3m +0ms[39m
[32m[Nest] 13524  - [39m30/07/2026 19:34:05 [32m    LOG[39m [38;5;3m[RouterExplorer] [39m[32mMapped {/payslips/stats/by-period, GET} route[39m[38;5;3m +0ms[39m
[32m[Nest] 13524  - [39m30/07/2026 19:34:05 [32m    LOG[39m [38;5;3m[RouterExplorer] [39m[32mMapped {/payslips/period/:periodId, GET} route[39m[38;5;3m +1ms[39m
[32m[Nest] 13524  - [39m30/07/2026 19:34:05 [32m    LOG[39m [38;5;3m[RouterExplorer] [39m[32mMapped {/payslips/employee/:employeeId, GET} route[39m[38;5;3m +0ms[39m
[32m[Nest] 13524  - [39m30/07/2026 19:34:05 [32m    LOG[39m [38;5;3m[RouterExplorer] [39m[32mMapped {/payslips, GET} route[39m[38;5;3m +0ms[39m
[32m[Nest] 13524  - [39m30/07/2026 19:34:05 [32m    LOG[39m [38;5;3m[RouterExplorer] [39m[32mMapped {/payslips/:id, GET} route[39m[38;5;3m +1ms[39m
[32m[Nest] 13524  - [39m30/07/2026 19:34:05 [32m    LOG[39m [38;5;3m[RouterExplorer] [39m[32mMapped {/payslips/:id, PATCH} route[39m[38;5;3m +0ms[39m
[32m[Nest] 13524  - [39m30/07/2026 19:34:05 [32m    LOG[39m [38;5;3m[RouterExplorer] [39m[32mMapped {/payslips/:id/validate, POST} route[39m[38;5;3m +0ms[39m
[32m[Nest] 13524  - [39m30/07/2026 19:34:05 [32m    LOG[39m [38;5;3m[RouterExplorer] [39m[32mMapped {/payslips/:id/pay, POST} route[39m[38;5;3m +0ms[39m
[32m[Nest] 13524  - [39m30/07/2026 19:34:05 [32m    LOG[39m [38;5;3m[RouterExplorer] [39m[32mMapped {/payslips/:id/revert, POST} route[39m[38;5;3m +0ms[39m
[32m[Nest] 13524  - [39m30/07/2026 19:34:05 [32m    LOG[39m [38;5;3m[RouterExplorer] [39m[32mMapped {/payslips/:id/commissions, POST} route[39m[38;5;3m +1ms[39m
[32m[Nest] 13524  - [39m30/07/2026 19:34:05 [32m    LOG[39m [38;5;3m[RouterExplorer] [39m[32mMapped {/payslips/:id, DELETE} route[39m[38;5;3m +0ms[39m
[32m[Nest] 13524  - [39m30/07/2026 19:34:05 [32m    LOG[39m [38;5;3m[RoutesResolver] [39m[32mPayslipLinesController {/payslip-lines}:[39m[38;5;3m +0ms[39m
[32m[Nest] 13524  - [39m30/07/2026 19:34:05 [32m    LOG[39m [38;5;3m[RouterExplorer] [39m[32mMapped {/payslip-lines, POST} route[39m[38;5;3m +0ms[39m
[32m[Nest] 13524  - [39m30/07/2026 19:34:05 [32m    LOG[39m [38;5;3m[RouterExplorer] [39m[32mMapped {/payslip-lines/payslip/:payslipId, GET} route[39m[38;5;3m +1ms[39m
[32m[Nest] 13524  - [39m30/07/2026 19:34:05 [32m    LOG[39m [38;5;3m[RouterExplorer] [39m[32mMapped {/payslip-lines/:id, GET} route[39m[38;5;3m +1ms[39m
[32m[Nest] 13524  - [39m30/07/2026 19:34:05 [32m    LOG[39m [38;5;3m[RouterExplorer] [39m[32mMapped {/payslip-lines/:id, PATCH} route[39m[38;5;3m +0ms[39m
[32m[Nest] 13524  - [39m30/07/2026 19:34:05 [32m    LOG[39m [38;5;3m[RouterExplorer] [39m[32mMapped {/payslip-lines/:id, DELETE} route[39m[38;5;3m +1ms[39m
[32m[Nest] 13524  - [39m30/07/2026 19:34:05 [32m    LOG[39m [38;5;3m[RoutesResolver] [39m[32mPayrollContributionsController {/payroll-contributions}:[39m[38;5;3m +0ms[39m
[32m[Nest] 13524  - [39m30/07/2026 19:34:05 [32m    LOG[39m [38;5;3m[RouterExplorer] [39m[32mMapped {/payroll-contributions, POST} route[39m[38;5;3m +1ms[39m
[32m[Nest] 13524  - [39m30/07/2026 19:34:05 [32m    LOG[39m [38;5;3m[RouterExplorer] [39m[32mMapped {/payroll-contributions/seed-defaults, POST} route[39m[38;5;3m +1ms[39m
[32m[Nest] 13524  - [39m30/07/2026 19:34:05 [32m    LOG[39m [38;5;3m[RouterExplorer] [39m[32mMapped {/payroll-contributions, GET} route[39m[38;5;3m +0ms[39m
[32m[Nest] 13524  - [39m30/07/2026 19:34:05 [32m    LOG[39m [38;5;3m[RouterExplorer] [39m[32mMapped {/payroll-contributions/:id, GET} route[39m[38;5;3m +0ms[39m
[32m[Nest] 13524  - [39m30/07/2026 19:34:05 [32m    LOG[39m [38;5;3m[RouterExplorer] [39m[32mMapped {/payroll-contributions/:id, PATCH} route[39m[38;5;3m +1ms[39m
[32m[Nest] 13524  - [39m30/07/2026 19:34:05 [32m    LOG[39m [38;5;3m[RouterExplorer] [39m[32mMapped {/payroll-contributions/:id/publish, POST} route[39m[38;5;3m +0ms[39m
[32m[Nest] 13524  - [39m30/07/2026 19:34:05 [32m    LOG[39m [38;5;3m[RouterExplorer] [39m[32mMapped {/payroll-contributions/:id/retire, POST} route[39m[38;5;3m +1ms[39m
[32m[Nest] 13524  - [39m30/07/2026 19:34:05 [32m    LOG[39m [38;5;3m[RouterExplorer] [39m[32mMapped {/payroll-contributions/:id, DELETE} route[39m[38;5;3m +0ms[39m
[32m[Nest] 13524  - [39m30/07/2026 19:34:05 [32m    LOG[39m [38;5;3m[RoutesResolver] [39m[32mSalaryAdvancesController {/salary-advances}:[39m[38;5;3m +0ms[39m
[32m[Nest] 13524  - [39m30/07/2026 19:34:05 [32m    LOG[39m [38;5;3m[RouterExplorer] [39m[32mMapped {/salary-advances, POST} route[39m[38;5;3m +0ms[39m
[32m[Nest] 13524  - [39m30/07/2026 19:34:05 [32m    LOG[39m [38;5;3m[RouterExplorer] [39m[32mMapped {/salary-advances/search, GET} route[39m[38;5;3m +1ms[39m
[32m[Nest] 13524  - [39m30/07/2026 19:34:05 [32m    LOG[39m [38;5;3m[RouterExplorer] [39m[32mMapped {/salary-advances/me, GET} route[39m[38;5;3m +0ms[39m
[32m[Nest] 13524  - [39m30/07/2026 19:34:05 [32m    LOG[39m [38;5;3m[RouterExplorer] [39m[32mMapped {/salary-advances/me/:id, GET} route[39m[38;5;3m +0ms[39m
[32m[Nest] 13524  - [39m30/07/2026 19:34:05 [32m    LOG[39m [38;5;3m[RouterExplorer] [39m[32mMapped {/salary-advances/employee/:employeeId, GET} route[39m[38;5;3m +0ms[39m
[32m[Nest] 13524  - [39m30/07/2026 19:34:05 [32m    LOG[39m [38;5;3m[RouterExplorer] [39m[32mMapped {/salary-advances, GET} route[39m[38;5;3m +0ms[39m
[32m[Nest] 13524  - [39m30/07/2026 19:34:05 [32m    LOG[39m [38;5;3m[RouterExplorer] [39m[32mMapped {/salary-advances/:id, GET} route[39m[38;5;3m +0ms[39m
[32m[Nest] 13524  - [39m30/07/2026 19:34:05 [32m    LOG[39m [38;5;3m[RouterExplorer] [39m[32mMapped {/salary-advances/:id, PATCH} route[39m[38;5;3m +1ms[39m
[32m[Nest] 13524  - [39m30/07/2026 19:34:05 [32m    LOG[39m [38;5;3m[RouterExplorer] [39m[32mMapped {/salary-advances/:id/approve, POST} route[39m[38;5;3m +0ms[39m
[32m[Nest] 13524  - [39m30/07/2026 19:34:05 [32m    LOG[39m [38;5;3m[RouterExplorer] [39m[32mMapped {/salary-advances/:id/pay, POST} route[39m[38;5;3m +0ms[39m
[32m[Nest] 13524  - [39m30/07/2026 19:34:05 [32m    LOG[39m [38;5;3m[RouterExplorer] [39m[32mMapped {/salary-advances/:id/cancel, POST} route[39m[38;5;3m +1ms[39m
[32m[Nest] 13524  - [39m30/07/2026 19:34:05 [32m    LOG[39m [38;5;3m[RouterExplorer] [39m[32mMapped {/salary-advances/:id, DELETE} route[39m[38;5;3m +0ms[39m
[32m[Nest] 13524  - [39m30/07/2026 19:34:05 [32m    LOG[39m [38;5;3m[RoutesResolver] [39m[32mSuppliersController {/suppliers}:[39m[38;5;3m +0ms[39m
[32m[Nest] 13524  - [39m30/07/2026 19:34:05 [32m    LOG[39m [38;5;3m[RouterExplorer] [39m[32mMapped {/suppliers, POST} route[39m[38;5;3m +0ms[39m
[32m[Nest] 13524  - [39m30/07/2026 19:34:05 [32m    LOG[39m [38;5;3m[RouterExplorer] [39m[32mMapped {/suppliers/search, GET} route[39m[38;5;3m +1ms[39m
[32m[Nest] 13524  - [39m30/07/2026 19:34:05 [32m    LOG[39m [38;5;3m[RouterExplorer] [39m[32mMapped {/suppliers, GET} route[39m[38;5;3m +0ms[39m
[32m[Nest] 13524  - [39m30/07/2026 19:34:05 [32m    LOG[39m [38;5;3m[RouterExplorer] [39m[32mMapped {/suppliers/:id, GET} route[39m[38;5;3m +0ms[39m
[32m[Nest] 13524  - [39m30/07/2026 19:34:05 [32m    LOG[39m [38;5;3m[RouterExplorer] [39m[32mMapped {/suppliers/:id, PATCH} route[39m[38;5;3m +1ms[39m
[32m[Nest] 13524  - [39m30/07/2026 19:34:05 [32m    LOG[39m [38;5;3m[RouterExplorer] [39m[32mMapped {/suppliers/:id, DELETE} route[39m[38;5;3m +0ms[39m
[32m[Nest] 13524  - [39m30/07/2026 19:34:05 [32m    LOG[39m [38;5;3m[RoutesResolver] [39m[32mSupplierInvoicesController {/supplier-invoices}:[39m[38;5;3m +0ms[39m
[32m[Nest] 13524  - [39m30/07/2026 19:34:05 [32m    LOG[39m [38;5;3m[RouterExplorer] [39m[32mMapped {/supplier-invoices, POST} route[39m[38;5;3m +0ms[39m
[32m[Nest] 13524  - [39m30/07/2026 19:34:05 [32m    LOG[39m [38;5;3m[RouterExplorer] [39m[32mMapped {/supplier-invoices/search, GET} route[39m[38;5;3m +0ms[39m
[32m[Nest] 13524  - [39m30/07/2026 19:34:05 [32m    LOG[39m [38;5;3m[RouterExplorer] [39m[32mMapped {/supplier-invoices/supplier/:supplierId, GET} route[39m[38;5;3m +1ms[39m
[32m[Nest] 13524  - [39m30/07/2026 19:34:05 [32m    LOG[39m [38;5;3m[RouterExplorer] [39m[32mMapped {/supplier-invoices, GET} route[39m[38;5;3m +0ms[39m
[32m[Nest] 13524  - [39m30/07/2026 19:34:05 [32m    LOG[39m [38;5;3m[RouterExplorer] [39m[32mMapped {/supplier-invoices/:id, GET} route[39m[38;5;3m +0ms[39m
[32m[Nest] 13524  - [39m30/07/2026 19:34:05 [32m    LOG[39m [38;5;3m[RouterExplorer] [39m[32mMapped {/supplier-invoices/:id/attachment, POST} route[39m[38;5;3m +1ms[39m
[32m[Nest] 13524  - [39m30/07/2026 19:34:05 [32m    LOG[39m [38;5;3m[RouterExplorer] [39m[32mMapped {/supplier-invoices/:id/attachment, GET} route[39m[38;5;3m +0ms[39m
[32m[Nest] 13524  - [39m30/07/2026 19:34:05 [32m    LOG[39m [38;5;3m[RouterExplorer] [39m[32mMapped {/supplier-invoices/:id/approve, POST} route[39m[38;5;3m +0ms[39m
[32m[Nest] 13524  - [39m30/07/2026 19:34:05 [32m    LOG[39m [38;5;3m[RouterExplorer] [39m[32mMapped {/supplier-invoices/:id/pay, POST} route[39m[38;5;3m +0ms[39m
[32m[Nest] 13524  - [39m30/07/2026 19:34:05 [32m    LOG[39m [38;5;3m[RouterExplorer] [39m[32mMapped {/supplier-invoices/:id, PATCH} route[39m[38;5;3m +1ms[39m
[32m[Nest] 13524  - [39m30/07/2026 19:34:05 [32m    LOG[39m [38;5;3m[RouterExplorer] [39m[32mMapped {/supplier-invoices/:id, DELETE} route[39m[38;5;3m +0ms[39m
[32m[Nest] 13524  - [39m30/07/2026 19:34:05 [32m    LOG[39m [38;5;3m[RoutesResolver] [39m[32mExpenseReportsController {/expense-reports}:[39m[38;5;3m +0ms[39m
[32m[Nest] 13524  - [39m30/07/2026 19:34:05 [32m    LOG[39m [38;5;3m[RouterExplorer] [39m[32mMapped {/expense-reports, POST} route[39m[38;5;3m +0ms[39m
[32m[Nest] 13524  - [39m30/07/2026 19:34:05 [32m    LOG[39m [38;5;3m[RouterExplorer] [39m[32mMapped {/expense-reports/search, GET} route[39m[38;5;3m +1ms[39m
[32m[Nest] 13524  - [39m30/07/2026 19:34:05 [32m    LOG[39m [38;5;3m[RouterExplorer] [39m[32mMapped {/expense-reports/employee/:employeeId, GET} route[39m[38;5;3m +0ms[39m
[32m[Nest] 13524  - [39m30/07/2026 19:34:05 [32m    LOG[39m [38;5;3m[RouterExplorer] [39m[32mMapped {/expense-reports, GET} route[39m[38;5;3m +0ms[39m
[32m[Nest] 13524  - [39m30/07/2026 19:34:05 [32m    LOG[39m [38;5;3m[RouterExplorer] [39m[32mMapped {/expense-reports/:id, GET} route[39m[38;5;3m +1ms[39m
[32m[Nest] 13524  - [39m30/07/2026 19:34:05 [32m    LOG[39m [38;5;3m[RouterExplorer] [39m[32mMapped {/expense-reports/:id/submit, POST} route[39m[38;5;3m +1ms[39m
[32m[Nest] 13524  - [39m30/07/2026 19:34:05 [32m    LOG[39m [38;5;3m[RouterExplorer] [39m[32mMapped {/expense-reports/:id/approve, POST} route[39m[38;5;3m +0ms[39m
[32m[Nest] 13524  - [39m30/07/2026 19:34:05 [32m    LOG[39m [38;5;3m[RouterExplorer] [39m[32mMapped {/expense-reports/:id/reject, POST} route[39m[38;5;3m +1ms[39m
[32m[Nest] 13524  - [39m30/07/2026 19:34:05 [32m    LOG[39m [38;5;3m[RouterExplorer] [39m[32mMapped {/expense-reports/:id/reimburse, POST} route[39m[38;5;3m +1ms[39m
[32m[Nest] 13524  - [39m30/07/2026 19:34:05 [32m    LOG[39m [38;5;3m[RouterExplorer] [39m[32mMapped {/expense-reports/:id, PATCH} route[39m[38;5;3m +0ms[39m
[32m[Nest] 13524  - [39m30/07/2026 19:34:05 [32m    LOG[39m [38;5;3m[RouterExplorer] [39m[32mMapped {/expense-reports/:id, DELETE} route[39m[38;5;3m +1ms[39m
[32m[Nest] 13524  - [39m30/07/2026 19:34:05 [32m    LOG[39m [38;5;3m[RoutesResolver] [39m[32mExpenseLinesController {/expense-lines}:[39m[38;5;3m +0ms[39m
[32m[Nest] 13524  - [39m30/07/2026 19:34:05 [32m    LOG[39m [38;5;3m[RouterExplorer] [39m[32mMapped {/expense-lines, POST} route[39m[38;5;3m +0ms[39m
[32m[Nest] 13524  - [39m30/07/2026 19:34:05 [32m    LOG[39m [38;5;3m[RouterExplorer] [39m[32mMapped {/expense-lines/report/:reportId, GET} route[39m[38;5;3m +0ms[39m
[32m[Nest] 13524  - [39m30/07/2026 19:34:05 [32m    LOG[39m [38;5;3m[RouterExplorer] [39m[32mMapped {/expense-lines/:id, GET} route[39m[38;5;3m +0ms[39m
[32m[Nest] 13524  - [39m30/07/2026 19:34:05 [32m    LOG[39m [38;5;3m[RouterExplorer] [39m[32mMapped {/expense-lines/:id/attachment, POST} route[39m[38;5;3m +0ms[39m
[32m[Nest] 13524  - [39m30/07/2026 19:34:05 [32m    LOG[39m [38;5;3m[RouterExplorer] [39m[32mMapped {/expense-lines/:id/attachment, GET} route[39m[38;5;3m +1ms[39m
[32m[Nest] 13524  - [39m30/07/2026 19:34:05 [32m    LOG[39m [38;5;3m[RouterExplorer] [39m[32mMapped {/expense-lines/:id, PATCH} route[39m[38;5;3m +0ms[39m
[32m[Nest] 13524  - [39m30/07/2026 19:34:05 [32m    LOG[39m [38;5;3m[RouterExplorer] [39m[32mMapped {/expense-lines/:id, DELETE} route[39m[38;5;3m +0ms[39m
[32m[Nest] 13524  - [39m30/07/2026 19:34:05 [32m    LOG[39m [38;5;3m[RoutesResolver] [39m[32mAppSettingsController {/api/settings/app}:[39m[38;5;3m +1ms[39m
[32m[Nest] 13524  - [39m30/07/2026 19:34:05 [32m    LOG[39m [38;5;3m[RouterExplorer] [39m[32mMapped {/api/settings/app, GET} route[39m[38;5;3m +0ms[39m
[32m[Nest] 13524  - [39m30/07/2026 19:34:05 [32m    LOG[39m [38;5;3m[RouterExplorer] [39m[32mMapped {/api/settings/app, PUT} route[39m[38;5;3m +0ms[39m
[32m[Nest] 13524  - [39m30/07/2026 19:34:05 [32m    LOG[39m [38;5;3m[RouterExplorer] [39m[32mMapped {/api/settings/app/reset, POST} route[39m[38;5;3m +0ms[39m
[32m[Nest] 13524  - [39m30/07/2026 19:34:05 [32m    LOG[39m [38;5;3m[RouterExplorer] [39m[32mMapped {/api/settings/app/smtp/test, POST} route[39m[38;5;3m +1ms[39m
[32m[Nest] 13524  - [39m30/07/2026 19:34:05 [32m    LOG[39m [38;5;3m[RoutesResolver] [39m[32mUserSettingsController {/api/settings/user}:[39m[38;5;3m +0ms[39m
[32m[Nest] 13524  - [39m30/07/2026 19:34:05 [32m    LOG[39m [38;5;3m[RouterExplorer] [39m[32mMapped {/api/settings/user, GET} route[39m[38;5;3m +0ms[39m
[32m[Nest] 13524  - [39m30/07/2026 19:34:05 [32m    LOG[39m [38;5;3m[RouterExplorer] [39m[32mMapped {/api/settings/user, PUT} route[39m[38;5;3m +0ms[39m
[32m[Nest] 13524  - [39m30/07/2026 19:34:05 [32m    LOG[39m [38;5;3m[RoutesResolver] [39m[32mPdfTemplatesController {/pdf-templates}:[39m[38;5;3m +0ms[39m
[32m[Nest] 13524  - [39m30/07/2026 19:34:05 [32m    LOG[39m [38;5;3m[RouterExplorer] [39m[32mMapped {/pdf-templates, POST} route[39m[38;5;3m +1ms[39m
[32m[Nest] 13524  - [39m30/07/2026 19:34:05 [32m    LOG[39m [38;5;3m[RouterExplorer] [39m[32mMapped {/pdf-templates, GET} route[39m[38;5;3m +0ms[39m
[32m[Nest] 13524  - [39m30/07/2026 19:34:05 [32m    LOG[39m [38;5;3m[RouterExplorer] [39m[32mMapped {/pdf-templates/active, GET} route[39m[38;5;3m +0ms[39m
[32m[Nest] 13524  - [39m30/07/2026 19:34:05 [32m    LOG[39m [38;5;3m[RouterExplorer] [39m[32mMapped {/pdf-templates/by-entity/:entityType, GET} route[39m[38;5;3m +1ms[39m
[32m[Nest] 13524  - [39m30/07/2026 19:34:05 [32m    LOG[39m [38;5;3m[RouterExplorer] [39m[32mMapped {/pdf-templates/:id, GET} route[39m[38;5;3m +0ms[39m
[32m[Nest] 13524  - [39m30/07/2026 19:34:05 [32m    LOG[39m [38;5;3m[RouterExplorer] [39m[32mMapped {/pdf-templates/:id, PATCH} route[39m[38;5;3m +0ms[39m
[32m[Nest] 13524  - [39m30/07/2026 19:34:05 [32m    LOG[39m [38;5;3m[RouterExplorer] [39m[32mMapped {/pdf-templates/:id, DELETE} route[39m[38;5;3m +0ms[39m
[32m[Nest] 13524  - [39m30/07/2026 19:34:05 [32m    LOG[39m [38;5;3m[RoutesResolver] [39m[32mTemplateBlocksController {/template-blocks}:[39m[38;5;3m +0ms[39m
[32m[Nest] 13524  - [39m30/07/2026 19:34:05 [32m    LOG[39m [38;5;3m[RouterExplorer] [39m[32mMapped {/template-blocks, POST} route[39m[38;5;3m +1ms[39m
[32m[Nest] 13524  - [39m30/07/2026 19:34:05 [32m    LOG[39m [38;5;3m[RouterExplorer] [39m[32mMapped {/template-blocks, GET} route[39m[38;5;3m +0ms[39m
[32m[Nest] 13524  - [39m30/07/2026 19:34:05 [32m    LOG[39m [38;5;3m[RouterExplorer] [39m[32mMapped {/template-blocks/active, GET} route[39m[38;5;3m +0ms[39m
[32m[Nest] 13524  - [39m30/07/2026 19:34:05 [32m    LOG[39m [38;5;3m[RouterExplorer] [39m[32mMapped {/template-blocks/:id, GET} route[39m[38;5;3m +1ms[39m
[32m[Nest] 13524  - [39m30/07/2026 19:34:05 [32m    LOG[39m [38;5;3m[RouterExplorer] [39m[32mMapped {/template-blocks/:id, PATCH} route[39m[38;5;3m +0ms[39m
[32m[Nest] 13524  - [39m30/07/2026 19:34:05 [32m    LOG[39m [38;5;3m[RouterExplorer] [39m[32mMapped {/template-blocks/:id, DELETE} route[39m[38;5;3m +0ms[39m
[32m[Nest] 13524  - [39m30/07/2026 19:34:05 [32m    LOG[39m [38;5;3m[RoutesResolver] [39m[32mReportsController {/reports}:[39m[38;5;3m +0ms[39m
[32m[Nest] 13524  - [39m30/07/2026 19:34:05 [32m    LOG[39m [38;5;3m[RouterExplorer] [39m[32mMapped {/reports/advanced, GET} route[39m[38;5;3m +0ms[39m
[32m[Nest] 13524  - [39m30/07/2026 19:34:05 [32m    LOG[39m [38;5;3m[RoutesResolver] [39m[32mExportController {/exports}:[39m[38;5;3m +0ms[39m
[32m[Nest] 13524  - [39m30/07/2026 19:34:05 [32m    LOG[39m [38;5;3m[RouterExplorer] [39m[32mMapped {/exports/dossiers/:id, GET} route[39m[38;5;3m +1ms[39m
[32m[Nest] 13524  - [39m30/07/2026 19:34:05 [32m    LOG[39m [38;5;3m[RouterExplorer] [39m[32mMapped {/exports/dossiers, GET} route[39m[38;5;3m +0ms[39m
[32m[Nest] 13524  - [39m30/07/2026 19:34:05 [32m    LOG[39m [38;5;3m[TenantRepositoryPatch] [39m[32m✅ Repository.prototype patché — filtre tenant_id automatique actif (lecture + écriture)[39m
[33m[Nest] 13524  - [39m30/07/2026 19:34:09 [33m   WARN[39m [38;5;3m[CabinetService] [39m[33mCabinet #1 : plan "pro" non trouvé dans la table plans[39m
[33m[Nest] 13524  - [39m30/07/2026 19:34:09 [33m   WARN[39m [38;5;3m[CabinetService] [39m[33mCabinet #2 : plan "starter" non trouvé dans la table plans[39m
[33m[Nest] 13524  - [39m30/07/2026 19:34:09 [33m   WARN[39m [38;5;3m[CabinetService] [39m[33mCabinet #5 : plan "starter" non trouvé dans la table plans[39m
[33m[Nest] 13524  - [39m30/07/2026 19:34:09 [33m   WARN[39m [38;5;3m[CabinetService] [39m[33mCabinet #6 : plan "starter" non trouvé dans la table plans[39m
[33m[Nest] 13524  - [39m30/07/2026 19:34:09 [33m   WARN[39m [38;5;3m[CabinetService] [39m[33mCabinet #7 : plan "starter" non trouvé dans la table plans[39m
[33m[Nest] 13524  - [39m30/07/2026 19:34:09 [33m   WARN[39m [38;5;3m[CabinetService] [39m[33mCabinet #8 : plan "starter" non trouvé dans la table plans[39m
[33m[Nest] 13524  - [39m30/07/2026 19:34:09 [33m   WARN[39m [38;5;3m[CabinetService] [39m[33mCabinet #9 : plan "starter" non trouvé dans la table plans[39m
[32m[Nest] 13524  - [39m30/07/2026 19:34:09 [32m    LOG[39m [38;5;3m[AiModelRouterService] [39m[32mModele IA fast pret: deepseek-v4-flash (64 tokens)[39m
[32m[Nest] 13524  - [39m30/07/2026 19:34:09 [32m    LOG[39m [38;5;3m[AiModelRouterService] [39m[32mModele IA quality pret: deepseek-v4-pro (1200 tokens)[39m
[32m[Nest] 13524  - [39m30/07/2026 19:34:09 [32m    LOG[39m [38;5;3m[AiModelRouterService] [39m[32mModele IA streaming pret: GLM-5.2 (1800 tokens)[39m
[32m[Nest] 13524  - [39m30/07/2026 19:34:09 [32m    LOG[39m [38;5;3m[AiDatabaseService] [39m[32m🔄 Chargement automatique des relations...[39m
[32m[Nest] 13524  - [39m30/07/2026 19:34:11 [32m    LOG[39m [38;5;3m[AiDatabaseService] [39m[32m✅ 210 relations chargées[39m
[95m[Nest] 13524  - [39m30/07/2026 19:34:11 [95m  DEBUG[39m [38;5;3m[SchemaMetadataService] [39m[95m📋 Table: audience_types → Types d'audience[39m
[95m[Nest] 13524  - [39m30/07/2026 19:34:11 [95m  DEBUG[39m [38;5;3m[SchemaMetadataService] [39m[95m📝 Colonne: audience_types.created_at → "Date de création"[39m
[95m[Nest] 13524  - [39m30/07/2026 19:34:11 [95m  DEBUG[39m [38;5;3m[SchemaMetadataService] [39m[95m📝 Colonne: audience_types.updated_at → "Date de modification"[39m
[95m[Nest] 13524  - [39m30/07/2026 19:34:11 [95m  DEBUG[39m [38;5;3m[SchemaMetadataService] [39m[95m⏭️ Colonne ignorée (mais en cache): audience_types.deleted_at[39m
[95m[Nest] 13524  - [39m30/07/2026 19:34:11 [95m  DEBUG[39m [38;5;3m[SchemaMetadataService] [39m[95m📝 Colonne (par défaut): audience_types.tenant_id → "Tenant Id"[39m
[95m[Nest] 13524  - [39m30/07/2026 19:34:11 [95m  DEBUG[39m [38;5;3m[SchemaMetadataService] [39m[95m⏭️ Colonne ignorée (mais en cache): audience_types.id[39m
[95m[Nest] 13524  - [39m30/07/2026 19:34:11 [95m  DEBUG[39m [38;5;3m[SchemaMetadataService] [39m[95m📝 Colonne: audience_types.code → "Code"[39m
[95m[Nest] 13524  - [39m30/07/2026 19:34:11 [95m  DEBUG[39m [38;5;3m[SchemaMetadataService] [39m[95m📝 Colonne: audience_types.name → "Nom"[39m
[95m[Nest] 13524  - [39m30/07/2026 19:34:11 [95m  DEBUG[39m [38;5;3m[SchemaMetadataService] [39m[95m📝 Colonne: audience_types.description → "Description"[39m
[95m[Nest] 13524  - [39m30/07/2026 19:34:11 [95m  DEBUG[39m [38;5;3m[SchemaMetadataService] [39m[95m📝 Colonne: audience_types.category → "Catégorie"[39m
[95m[Nest] 13524  - [39m30/07/2026 19:34:11 [95m  DEBUG[39m [38;5;3m[SchemaMetadataService] [39m[95m📝 Colonne: audience_types.default_duration_minutes → "Durée par défaut"[39m
[95m[Nest] 13524  - [39m30/07/2026 19:34:11 [95m  DEBUG[39m [38;5;3m[SchemaMetadataService] [39m[95m📝 Colonne: audience_types.is_public → "Public"[39m
[95m[Nest] 13524  - [39m30/07/2026 19:34:11 [95m  DEBUG[39m [38;5;3m[SchemaMetadataService] [39m[95m📝 Colonne: audience_types.requires_lawyer → "Nécessite un avocat"[39m
[95m[Nest] 13524  - [39m30/07/2026 19:34:11 [95m  DEBUG[39m [38;5;3m[SchemaMetadataService] [39m[95m📝 Colonne: audience_types.allows_remote → "Permet le distanciel"[39m
[95m[Nest] 13524  - [39m30/07/2026 19:34:11 [95m  DEBUG[39m [38;5;3m[SchemaMetadataService] [39m[95m📝 Colonne: audience_types.is_active → "Actif"[39m
[95m[Nest] 13524  - [39m30/07/2026 19:34:11 [95m  DEBUG[39m [38;5;3m[SchemaMetadataService] [39m[95m⏭️ Colonne ignorée (mais en cache): audience_types.metadata[39m
[32m[Nest] 13524  - [39m30/07/2026 19:34:11 [32m    LOG[39m [38;5;3m[SchemaMetadataService] [39m[32m✅ audience_types: 15 colonnes chargées (dont 3 ignorées)[39m
[95m[Nest] 13524  - [39m30/07/2026 19:34:11 [95m  DEBUG[39m [38;5;3m[SchemaMetadataService] [39m[95m⏭️ Table sans décorateur BusinessTable (ignorée): permission[39m
[95m[Nest] 13524  - [39m30/07/2026 19:34:11 [95m  DEBUG[39m [38;5;3m[SchemaMetadataService] [39m[95m⏭️ Table sans décorateur BusinessTable (ignorée): role_permission[39m
[95m[Nest] 13524  - [39m30/07/2026 19:34:11 [95m  DEBUG[39m [38;5;3m[SchemaMetadataService] [39m[95m⏭️ Table sans décorateur BusinessTable (ignorée): user_role[39m
[95m[Nest] 13524  - [39m30/07/2026 19:34:11 [95m  DEBUG[39m [38;5;3m[SchemaMetadataService] [39m[95m⏭️ Table sans décorateur BusinessTable (ignorée): user_role_assignment[39m
[95m[Nest] 13524  - [39m30/07/2026 19:34:11 [95m  DEBUG[39m [38;5;3m[SchemaMetadataService] [39m[95m⏭️ Table ignorée: user[39m
[95m[Nest] 13524  - [39m30/07/2026 19:34:11 [95m  DEBUG[39m [38;5;3m[SchemaMetadataService] [39m[95m📋 Table: findings → Constats / Anomalies[39m
[95m[Nest] 13524  - [39m30/07/2026 19:34:11 [95m  DEBUG[39m [38;5;3m[SchemaMetadataService] [39m[95m📝 Colonne: findings.created_at → "Date de création"[39m
[95m[Nest] 13524  - [39m30/07/2026 19:34:11 [95m  DEBUG[39m [38;5;3m[SchemaMetadataService] [39m[95m📝 Colonne: findings.updated_at → "Date de modification"[39m
[95m[Nest] 13524  - [39m30/07/2026 19:34:11 [95m  DEBUG[39m [38;5;3m[SchemaMetadataService] [39m[95m⏭️ Colonne ignorée (mais en cache): findings.deleted_at[39m
[95m[Nest] 13524  - [39m30/07/2026 19:34:11 [95m  DEBUG[39m [38;5;3m[SchemaMetadataService] [39m[95m📝 Colonne (par défaut): findings.tenant_id → "Tenant Id"[39m
[95m[Nest] 13524  - [39m30/07/2026 19:34:11 [95m  DEBUG[39m [38;5;3m[SchemaMetadataService] [39m[95m⏭️ Colonne ignorée (mais en cache): findings.id[39m
[95m[Nest] 13524  - [39m30/07/2026 19:34:11 [95m  DEBUG[39m [38;5;3m[SchemaMetadataService] [39m[95m📝 Colonne: findings.title → "Titre"[39m
[95m[Nest] 13524  - [39m30/07/2026 19:34:11 [95m  DEBUG[39m [38;5;3m[SchemaMetadataService] [39m[95m📝 Colonne: findings.description → "Description"[39m
[95m[Nest] 13524  - [39m30/07/2026 19:34:11 [95m  DEBUG[39m [38;5;3m[SchemaMetadataService] [39m[95m📝 Colonne: findings.severity → "Sévérité"[39m
[95m[Nest] 13524  - [39m30/07/2026 19:34:11 [95m  DEBUG[39m [38;5;3m[SchemaMetadataService] [39m[95m📝 Colonne: findings.status → "Statut"[39m
[95m[Nest] 13524  - [39m30/07/2026 19:34:11 [95m  DEBUG[39m [38;5;3m[SchemaMetadataService] [39m[95m📝 Colonne: findings.category → "Catégorie"[39m
[95m[Nest] 13524  - [39m30/07/2026 19:34:11 [95m  DEBUG[39m [38;5;3m[SchemaMetadataService] [39m[95m📝 Colonne (par défaut): findings.diligence_id → "Diligence Id"[39m
[95m[Nest] 13524  - [39m30/07/2026 19:34:11 [95m  DEBUG[39m [38;5;3m[SchemaMetadataService] [39m[95m📝 Colonne (par défaut): findings.document_id → "Document Id"[39m
[95m[Nest] 13524  - [39m30/07/2026 19:34:11 [95m  DEBUG[39m [38;5;3m[SchemaMetadataService] [39m[95m📝 Colonne (par défaut): findings.created_by_id → "Created By Id"[39m
[95m[Nest] 13524  - [39m30/07/2026 19:34:11 [95m  DEBUG[39m [38;5;3m[SchemaMetadataService] [39m[95m📝 Colonne (par défaut): findings.validated_by_id → "Validated By Id"[39m
[95m[Nest] 13524  - [39m30/07/2026 19:34:11 [95m  DEBUG[39m [38;5;3m[SchemaMetadataService] [39m[95m📝 Colonne: findings.validated_at → "Date de validation"[39m
[95m[Nest] 13524  - [39m30/07/2026 19:34:11 [95m  DEBUG[39m [38;5;3m[SchemaMetadataService] [39m[95m📝 Colonne: findings.resolved_at → "Date de résolution"[39m
[95m[Nest] 13524  - [39m30/07/2026 19:34:11 [95m  DEBUG[39m [38;5;3m[SchemaMetadataService] [39m[95m📝 Colonne: findings.impact → "Impact"[39m
[95m[Nest] 13524  - [39m30/07/2026 19:34:11 [95m  DEBUG[39m [38;5;3m[SchemaMetadataService] [39m[95m📝 Colonne: findings.recommendation → "Recommandation"[39m
[95m[Nest] 13524  - [39m30/07/2026 19:34:11 [95m  DEBUG[39m [38;5;3m[SchemaMetadataService] [39m[95m📝 Colonne: findings.client_comment → "Commentaire client"[39m
[95m[Nest] 13524  - [39m30/07/2026 19:34:11 [95m  DEBUG[39m [38;5;3m[SchemaMetadataService] [39m[95m📝 Colonne: findings.legal_basis → "Base légale"[39m
[95m[Nest] 13524  - [39m30/07/2026 19:34:11 [95m  DEBUG[39m [38;5;3m[SchemaMetadataService] [39m[95m📝 Colonne: findings.estimated_risk_amount → "Montant estimé du risque"[39m
[95m[Nest] 13524  - [39m30/07/2026 19:34:11 [95m  DEBUG[39m [38;5;3m[SchemaMetadataService] [39m[95m📝 Colonne: findings.due_date → "Date butoir"[39m
[95m[Nest] 13524  - [39m30/07/2026 19:34:11 [95m  DEBUG[39m [38;5;3m[SchemaMetadataService] [39m[95m📝 Colonne: findings.confidential → "Confidentiel"[39m
[32m[Nest] 13524  - [39m30/07/2026 19:34:11 [32m    LOG[39m [38;5;3m[SchemaMetadataService] [39m[32m✅ findings: 23 colonnes chargées (dont 2 ignorées)[39m
[95m[Nest] 13524  - [39m30/07/2026 19:34:11 [95m  DEBUG[39m [38;5;3m[SchemaMetadataService] [39m[95m📋 Table: transitions → Transitions[39m
[95m[Nest] 13524  - [39m30/07/2026 19:34:11 [95m  DEBUG[39m [38;5;3m[SchemaMetadataService] [39m[95m📝 Colonne: transitions.created_at → "Date de création"[39m
[95m[Nest] 13524  - [39m30/07/2026 19:34:11 [95m  DEBUG[39m [38;5;3m[SchemaMetadataService] [39m[95m📝 Colonne: transitions.updated_at → "Date de modification"[39m
[95m[Nest] 13524  - [39m30/07/2026 19:34:11 [95m  DEBUG[39m [38;5;3m[SchemaMetadataService] [39m[95m⏭️ Colonne ignorée (mais en cache): transitions.deleted_at[39m
[95m[Nest] 13524  - [39m30/07/2026 19:34:11 [95m  DEBUG[39m [38;5;3m[SchemaMetadataService] [39m[95m📝 Colonne (par défaut): transitions.tenant_id → "Tenant Id"[39m
[95m[Nest] 13524  - [39m30/07/2026 19:34:11 [95m  DEBUG[39m [38;5;3m[SchemaMetadataService] [39m[95m📝 Colonne: transitions.id → "Identifiant"[39m
[95m[Nest] 13524  - [39m30/07/2026 19:34:11 [95m  DEBUG[39m [38;5;3m[SchemaMetadataService] [39m[95m📝 Colonne: transitions.fromStageId → "Étape source"[39m
[95m[Nest] 13524  - [39m30/07/2026 19:34:11 [95m  DEBUG[39m [38;5;3m[SchemaMetadataService] [39m[95m📝 Colonne: transitions.toStageId → "Étape destination"[39m
[95m[Nest] 13524  - [39m30/07/2026 19:34:11 [95m  DEBUG[39m [38;5;3m[SchemaMetadataService] [39m[95m📝 Colonne: transitions.type → "Type"[39m
[95m[Nest] 13524  - [39m30/07/2026 19:34:11 [95m  DEBUG[39m [38;5;3m[SchemaMetadataService] [39m[95m📝 Colonne: transitions.label → "Libellé"[39m
[95m[Nest] 13524  - [39m30/07/2026 19:34:11 [95m  DEBUG[39m [38;5;3m[SchemaMetadataService] [39m[95m📝 Colonne: transitions.condition → "Condition"[39m
[95m[Nest] 13524  - [39m30/07/2026 19:34:11 [95m  DEBUG[39m [38;5;3m[SchemaMetadataService] [39m[95m📝 Colonne (par défaut): transitions.triggerEvent → "TriggerEvent"[39m
[95m[Nest] 13524  - [39m30/07/2026 19:34:11 [95m  DEBUG[39m [38;5;3m[SchemaMetadataService] [39m[95m📝 Colonne (par défaut): transitions.triggerCondition → "TriggerCondition"[39m
[95m[Nest] 13524  - [39m30/07/2026 19:34:11 [95m  DEBUG[39m [38;5;3m[SchemaMetadataService] [39m[95m📝 Colonne: transitions.templateId → "Modèle"[39m
[95m[Nest] 13524  - [39m30/07/2026 19:34:11 [95m  DEBUG[39m [38;5;3m[SchemaMetadataService] [39m[95m📝 Colonne: transitions.isDefault → "Par défaut"[39m
[95m[Nest] 13524  - [39m30/07/2026 19:34:11 [95m  DEBUG[39m [38;5;3m[SchemaMetadataService] [39m[95m📝 Colonne: transitions.requiresDecision → "Nécessite décision"[39m
[95m[Nest] 13524  - [39m30/07/2026 19:34:11 [95m  DEBUG[39m [38;5;3m[SchemaMetadataService] [39m[95m📝 Colonne: transitions.requiresValidation → "Nécessite validation"[39m
[95m[Nest] 13524  - [39m30/07/2026 19:34:11 [95m  DEBUG[39m [38;5;3m[SchemaMetadataService] [39m[95m📝 Colonne (par défaut): transitions.onTransition → "OnTransition"[39m
[95m[Nest] 13524  - [39m30/07/2026 19:34:11 [95m  DEBUG[39m [38;5;3m[SchemaMetadataService] [39m[95m📝 Colonne (par défaut): transitions.expectsUserInput → "ExpectsUserInput"[39m
[95m[Nest] 13524  - [39m30/07/2026 19:34:11 [95m  DEBUG[39m [38;5;3m[SchemaMetadataService] [39m[95m📝 Colonne (par défaut): transitions.userInputs → "UserInputs"[39m
[95m[Nest] 13524  - [39m30/07/2026 19:34:11 [95m  DEBUG[39m [38;5;3m[SchemaMetadataService] [39m[95m📝 Colonne (par défaut): transitions.preTransitionActions → "PreTransitionActions"[39m
[95m[Nest] 13524  - [39m30/07/2026 19:34:11 [95m  DEBUG[39m [38;5;3m[SchemaMetadataService] [39m[95m📝 Colonne (par défaut): transitions.postTransitionActions → "PostTransitionActions"[39m
[95m[Nest] 13524  - [39m30/07/2026 19:34:11 [95m  DEBUG[39m [38;5;3m[SchemaMetadataService] [39m[95m📝 Colonne (par défaut): transitions.createdAt → "CreatedAt"[39m
[95m[Nest] 13524  - [39m30/07/2026 19:34:11 [95m  DEBUG[39m [38;5;3m[SchemaMetadataService] [39m[95m📝 Colonne (par défaut): transitions.updatedAt → "UpdatedAt"[39m
[32m[Nest] 13524  - [39m30/07/2026 19:34:11 [32m    LOG[39m [38;5;3m[SchemaMetadataService] [39m[32m✅ transitions: 23 colonnes chargées (dont 1 ignorées)[39m
[95m[Nest] 13524  - [39m30/07/2026 19:34:11 [95m  DEBUG[39m [38;5;3m[SchemaMetadataService] [39m[95m📋 Table: cycles → Cycles[39m
[95m[Nest] 13524  - [39m30/07/2026 19:34:11 [95m  DEBUG[39m [38;5;3m[SchemaMetadataService] [39m[95m📝 Colonne: cycles.created_at → "Date de création"[39m
[95m[Nest] 13524  - [39m30/07/2026 19:34:11 [95m  DEBUG[39m [38;5;3m[SchemaMetadataService] [39m[95m📝 Colonne: cycles.updated_at → "Date de modification"[39m
[95m[Nest] 13524  - [39m30/07/2026 19:34:11 [95m  DEBUG[39m [38;5;3m[SchemaMetadataService] [39m[95m⏭️ Colonne ignorée (mais en cache): cycles.deleted_at[39m
[95m[Nest] 13524  - [39m30/07/2026 19:34:11 [95m  DEBUG[39m [38;5;3m[SchemaMetadataService] [39m[95m📝 Colonne (par défaut): cycles.tenant_id → "Tenant Id"[39m
[95m[Nest] 13524  - [39m30/07/2026 19:34:11 [95m  DEBUG[39m [38;5;3m[SchemaMetadataService] [39m[95m⏭️ Colonne ignorée (mais en cache): cycles.id[39m
[95m[Nest] 13524  - [39m30/07/2026 19:34:11 [95m  DEBUG[39m [38;5;3m[SchemaMetadataService] [39m[95m⏭️ Colonne ignorée (mais en cache): cycles.templateId[39m
[95m[Nest] 13524  - [39m30/07/2026 19:34:11 [95m  DEBUG[39m [38;5;3m[SchemaMetadataService] [39m[95m⏭️ Colonne ignorée (mais en cache): cycles.fromStageId[39m
[95m[Nest] 13524  - [39m30/07/2026 19:34:11 [95m  DEBUG[39m [38;5;3m[SchemaMetadataService] [39m[95m⏭️ Colonne ignorée (mais en cache): cycles.toStageId[39m
[95m[Nest] 13524  - [39m30/07/2026 19:34:11 [95m  DEBUG[39m [38;5;3m[SchemaMetadataService] [39m[95m📝 Colonne: cycles.label → "Libellé"[39m
[95m[Nest] 13524  - [39m30/07/2026 19:34:11 [95m  DEBUG[39m [38;5;3m[SchemaMetadataService] [39m[95m⏭️ Colonne ignorée (mais en cache): cycles.condition[39m
[95m[Nest] 13524  - [39m30/07/2026 19:34:11 [95m  DEBUG[39m [38;5;3m[SchemaMetadataService] [39m[95m📝 Colonne: cycles.maxLoops → "Nombre max de cycles"[39m
[95m[Nest] 13524  - [39m30/07/2026 19:34:11 [95m  DEBUG[39m [38;5;3m[SchemaMetadataService] [39m[95m📝 Colonne (par défaut): cycles.createdAt → "CreatedAt"[39m
[95m[Nest] 13524  - [39m30/07/2026 19:34:11 [95m  DEBUG[39m [38;5;3m[SchemaMetadataService] [39m[95m📝 Colonne (par défaut): cycles.updatedAt → "UpdatedAt"[39m
[32m[Nest] 13524  - [39m30/07/2026 19:34:11 [32m    LOG[39m [38;5;3m[SchemaMetadataService] [39m[32m✅ cycles: 13 colonnes chargées (dont 6 ignorées)[39m
[95m[Nest] 13524  - [39m30/07/2026 19:34:11 [95m  DEBUG[39m [38;5;3m[SchemaMetadataService] [39m[95m📋 Table: procedure_templates → Modèles de procédure[39m
[95m[Nest] 13524  - [39m30/07/2026 19:34:11 [95m  DEBUG[39m [38;5;3m[SchemaMetadataService] [39m[95m📝 Colonne: procedure_templates.created_at → "Date de création"[39m
[95m[Nest] 13524  - [39m30/07/2026 19:34:11 [95m  DEBUG[39m [38;5;3m[SchemaMetadataService] [39m[95m📝 Colonne: procedure_templates.updated_at → "Date de modification"[39m
[95m[Nest] 13524  - [39m30/07/2026 19:34:11 [95m  DEBUG[39m [38;5;3m[SchemaMetadataService] [39m[95m⏭️ Colonne ignorée (mais en cache): procedure_templates.deleted_at[39m
[95m[Nest] 13524  - [39m30/07/2026 19:34:11 [95m  DEBUG[39m [38;5;3m[SchemaMetadataService] [39m[95m📝 Colonne (par défaut): procedure_templates.tenant_id → "Tenant Id"[39m
[95m[Nest] 13524  - [39m30/07/2026 19:34:11 [95m  DEBUG[39m [38;5;3m[SchemaMetadataService] [39m[95m⏭️ Colonne ignorée (mais en cache): procedure_templates.id[39m
[95m[Nest] 13524  - [39m30/07/2026 19:34:11 [95m  DEBUG[39m [38;5;3m[SchemaMetadataService] [39m[95m📝 Colonne (par défaut): procedure_templates.family_id → "Family Id"[39m
[95m[Nest] 13524  - [39m30/07/2026 19:34:11 [95m  DEBUG[39m [38;5;3m[SchemaMetadataService] [39m[95m📝 Colonne: procedure_templates.name → "Nom"[39m
[95m[Nest] 13524  - [39m30/07/2026 19:34:11 [95m  DEBUG[39m [38;5;3m[SchemaMetadataService] [39m[95m📝 Colonne: procedure_templates.description → "Description"[39m
[95m[Nest] 13524  - [39m30/07/2026 19:34:11 [95m  DEBUG[39m [38;5;3m[SchemaMetadataService] [39m[95m📝 Colonne: procedure_templates.version → "Version"[39m
[95m[Nest] 13524  - [39m30/07/2026 19:34:11 [95m  DEBUG[39m [38;5;3m[SchemaMetadataService] [39m[95m📝 Colonne (par défaut): procedure_templates.lifecycle_status → "Lifecycle Status"[39m
[95m[Nest] 13524  - [39m30/07/2026 19:34:11 [95m  DEBUG[39m [38;5;3m[SchemaMetadataService] [39m[95m📝 Colonne (par défaut): procedure_templates.published_at → "Published At"[39m
[95m[Nest] 13524  - [39m30/07/2026 19:34:11 [95m  DEBUG[39m [38;5;3m[SchemaMetadataService] [39m[95m📝 Colonne (par défaut): procedure_templates.retired_at → "Retired At"[39m
[95m[Nest] 13524  - [39m30/07/2026 19:34:11 [95m  DEBUG[39m [38;5;3m[SchemaMetadataService] [39m[95m📝 Colonne (par défaut): procedure_templates.content_hash → "Content Hash"[39m
[32m[Nest] 13524  - [39m30/07/2026 19:34:11 [32m    LOG[39m [38;5;3m[SchemaMetadataService] [39m[32m✅ procedure_templates: 13 colonnes chargées (dont 2 ignorées)[39m
[95m[Nest] 13524  - [39m30/07/2026 19:34:11 [95m  DEBUG[39m [38;5;3m[SchemaMetadataService] [39m[95m📋 Table: invoice_types → Types d'honoraires[39m
[95m[Nest] 13524  - [39m30/07/2026 19:34:11 [95m  DEBUG[39m [38;5;3m[SchemaMetadataService] [39m[95m📝 Colonne: invoice_types.created_at → "Date de création"[39m
[95m[Nest] 13524  - [39m30/07/2026 19:34:11 [95m  DEBUG[39m [38;5;3m[SchemaMetadataService] [39m[95m📝 Colonne: invoice_types.updated_at → "Date de modification"[39m
[95m[Nest] 13524  - [39m30/07/2026 19:34:11 [95m  DEBUG[39m [38;5;3m[SchemaMetadataService] [39m[95m⏭️ Colonne ignorée (mais en cache): invoice_types.deleted_at[39m
[95m[Nest] 13524  - [39m30/07/2026 19:34:11 [95m  DEBUG[39m [38;5;3m[SchemaMetadataService] [39m[95m📝 Colonne (par défaut): invoice_types.tenant_id → "Tenant Id"[39m
[95m[Nest] 13524  - [39m30/07/2026 19:34:11 [95m  DEBUG[39m [38;5;3m[SchemaMetadataService] [39m[95m⏭️ Colonne ignorée (mais en cache): invoice_types.id[39m
[95m[Nest] 13524  - [39m30/07/2026 19:34:11 [95m  DEBUG[39m [38;5;3m[SchemaMetadataService] [39m[95m📝 Colonne: invoice_types.code → "Code"[39m
[95m[Nest] 13524  - [39m30/07/2026 19:34:11 [95m  DEBUG[39m [38;5;3m[SchemaMetadataService] [39m[95m📝 Colonne: invoice_types.name → "Nom"[39m
[95m[Nest] 13524  - [39m30/07/2026 19:34:11 [95m  DEBUG[39m [38;5;3m[SchemaMetadataService] [39m[95m📝 Colonne: invoice_types.description → "Description"[39m
[95m[Nest] 13524  - [39m30/07/2026 19:34:11 [95m  DEBUG[39m [38;5;3m[SchemaMetadataService] [39m[95m📝 Colonne: invoice_types.category → "Catégorie"[39m
[95m[Nest] 13524  - [39m30/07/2026 19:34:11 [95m  DEBUG[39m [38;5;3m[SchemaMetadataService] [39m[95m📝 Colonne: invoice_types.default_tax_rate → "Taux TVA par défaut"[39m
[95m[Nest] 13524  - [39m30/07/2026 19:34:11 [95m  DEBUG[39m [38;5;3m[SchemaMetadataService] [39m[95m📝 Colonne: invoice_types.is_billable → "Facturable"[39m
[95m[Nest] 13524  - [39m30/07/2026 19:34:11 [95m  DEBUG[39m [38;5;3m[SchemaMetadataService] [39m[95m📝 Colonne: invoice_types.requires_approval → "Nécessite approbation"[39m
[95m[Nest] 13524  - [39m30/07/2026 19:34:11 [95m  DEBUG[39m [38;5;3m[SchemaMetadataService] [39m[95m📝 Colonne: invoice_types.default_payment_days → "Délai paiement par défaut"[39m
[95m[Nest] 13524  - [39m30/07/2026 19:34:11 [95m  DEBUG[39m [38;5;3m[SchemaMetadataService] [39m[95m📝 Colonne: invoice_types.is_active → "Actif"[39m
[95m[Nest] 13524  - [39m30/07/2026 19:34:11 [95m  DEBUG[39m [38;5;3m[SchemaMetadataService] [39m[95m⏭️ Colonne ignorée (mais en cache): invoice_types.metadata[39m
[32m[Nest] 13524  - [39m30/07/2026 19:34:11 [32m    LOG[39m [38;5;3m[SchemaMetadataService] [39m[32m✅ invoice_types: 15 colonnes chargées (dont 3 ignorées)[39m
[95m[Nest] 13524  - [39m30/07/2026 19:34:11 [95m  DEBUG[39m [38;5;3m[SchemaMetadataService] [39m[95m⏭️ Table ignorée: sub_stage_visits[39m
[95m[Nest] 13524  - [39m30/07/2026 19:34:11 [95m  DEBUG[39m [38;5;3m[SchemaMetadataService] [39m[95m⏭️ Table ignorée: stage_visits[39m
[95m[Nest] 13524  - [39m30/07/2026 19:34:11 [95m  DEBUG[39m [38;5;3m[SchemaMetadataService] [39m[95m📋 Table: paiements → Paiements[39m
[95m[Nest] 13524  - [39m30/07/2026 19:34:11 [95m  DEBUG[39m [38;5;3m[SchemaMetadataService] [39m[95m📝 Colonne: paiements.created_at → "Date de création"[39m
[95m[Nest] 13524  - [39m30/07/2026 19:34:11 [95m  DEBUG[39m [38;5;3m[SchemaMetadataService] [39m[95m📝 Colonne: paiements.updated_at → "Date de modification"[39m
[95m[Nest] 13524  - [39m30/07/2026 19:34:11 [95m  DEBUG[39m [38;5;3m[SchemaMetadataService] [39m[95m⏭️ Colonne ignorée (mais en cache): paiements.deleted_at[39m
[95m[Nest] 13524  - [39m30/07/2026 19:34:11 [95m  DEBUG[39m [38;5;3m[SchemaMetadataService] [39m[95m📝 Colonne (par défaut): paiements.tenant_id → "Tenant Id"[39m
[95m[Nest] 13524  - [39m30/07/2026 19:34:11 [95m  DEBUG[39m [38;5;3m[SchemaMetadataService] [39m[95m📝 Colonne (par défaut): paiements.notify_client_requested → "Notify Client Requested"[39m
[95m[Nest] 13524  - [39m30/07/2026 19:34:11 [95m  DEBUG[39m [38;5;3m[SchemaMetadataService] [39m[95m⏭️ Colonne ignorée (mais en cache): paiements.id[39m
[95m[Nest] 13524  - [39m30/07/2026 19:34:11 [95m  DEBUG[39m [38;5;3m[SchemaMetadataService] [39m[95m⏭️ Colonne ignorée (mais en cache): paiements.facture_id[39m
[95m[Nest] 13524  - [39m30/07/2026 19:34:11 [95m  DEBUG[39m [38;5;3m[SchemaMetadataService] [39m[95m📝 Colonne: paiements.montant → "Montant"[39m
[95m[Nest] 13524  - [39m30/07/2026 19:34:11 [95m  DEBUG[39m [38;5;3m[SchemaMetadataService] [39m[95m📝 Colonne: paiements.modePaiement → "Mode de paiement"[39m
[95m[Nest] 13524  - [39m30/07/2026 19:34:11 [95m  DEBUG[39m [38;5;3m[SchemaMetadataService] [39m[95m📝 Colonne: paiements.date_paiement → "Date de paiement"[39m
[95m[Nest] 13524  - [39m30/07/2026 19:34:11 [95m  DEBUG[39m [38;5;3m[SchemaMetadataService] [39m[95m📝 Colonne: paiements.date_valeur → "Date de valeur"[39m
[95m[Nest] 13524  - [39m30/07/2026 19:34:11 [95m  DEBUG[39m [38;5;3m[SchemaMetadataService] [39m[95m📝 Colonne: paiements.reference → "Référence"[39m
[95m[Nest] 13524  - [39m30/07/2026 19:34:11 [95m  DEBUG[39m [38;5;3m[SchemaMetadataService] [39m[95m📝 Colonne: paiements.numero_cheque → "Numéro de chèque"[39m
[95m[Nest] 13524  - [39m30/07/2026 19:34:11 [95m  DEBUG[39m [38;5;3m[SchemaMetadataService] [39m[95m📝 Colonne: paiements.banque → "Banque"[39m
[95m[Nest] 13524  - [39m30/07/2026 19:34:11 [95m  DEBUG[39m [38;5;3m[SchemaMetadataService] [39m[95m📝 Colonne: paiements.titulaire → "Titulaire"[39m
[95m[Nest] 13524  - [39m30/07/2026 19:34:11 [95m  DEBUG[39m [38;5;3m[SchemaMetadataService] [39m[95m📝 Colonne: paiements.status → "Statut"[39m
[95m[Nest] 13524  - [39m30/07/2026 19:34:11 [95m  DEBUG[39m [38;5;3m[SchemaMetadataService] [39m[95m📝 Colonne: paiements.notes → "Notes"[39m
[95m[Nest] 13524  - [39m30/07/2026 19:34:11 [95m  DEBUG[39m [38;5;3m[SchemaMetadataService] [39m[95m⏭️ Colonne ignorée (mais en cache): paiements.preuve_paiement[39m
[95m[Nest] 13524  - [39m30/07/2026 19:34:11 [95m  DEBUG[39m [38;5;3m[SchemaMetadataService] [39m[95m📝 Colonne (par défaut): paiements.preuve_original_name → "Preuve Original Name"[39m
[95m[Nest] 13524  - [39m30/07/2026 19:34:11 [95m  DEBUG[39m [38;5;3m[SchemaMetadataService] [39m[95m📝 Colonne (par défaut): paiements.preuve_mime_type → "Preuve Mime Type"[39m
[95m[Nest] 13524  - [39m30/07/2026 19:34:11 [95m  DEBUG[39m [38;5;3m[SchemaMetadataService] [39m[95m📝 Colonne (par défaut): paiements.preuve_size → "Preuve Size"[39m
[95m[Nest] 13524  - [39m30/07/2026 19:34:11 [95m  DEBUG[39m [38;5;3m[SchemaMetadataService] [39m[95m📝 Colonne (par défaut): paiements.preuve_sha256 → "Preuve Sha256"[39m
[32m[Nest] 13524  - [39m30/07/2026 19:34:11 [32m    LOG[39m [38;5;3m[SchemaMetadataService] [39m[32m✅ paiements: 22 colonnes chargées (dont 4 ignorées)[39m
[95m[Nest] 13524  - [39m30/07/2026 19:34:11 [95m  DEBUG[39m [38;5;3m[SchemaMetadataService] [39m[95m📋 Table: factures → Factures[39m
[95m[Nest] 13524  - [39m30/07/2026 19:34:11 [95m  DEBUG[39m [38;5;3m[SchemaMetadataService] [39m[95m📝 Colonne: factures.created_at → "Date de création"[39m
[95m[Nest] 13524  - [39m30/07/2026 19:34:11 [95m  DEBUG[39m [38;5;3m[SchemaMetadataService] [39m[95m📝 Colonne: factures.updated_at → "Date de modification"[39m
[95m[Nest] 13524  - [39m30/07/2026 19:34:11 [95m  DEBUG[39m [38;5;3m[SchemaMetadataService] [39m[95m⏭️ Colonne ignorée (mais en cache): factures.deleted_at[39m
[95m[Nest] 13524  - [39m30/07/2026 19:34:11 [95m  DEBUG[39m [38;5;3m[SchemaMetadataService] [39m[95m📝 Colonne (par défaut): factures.tenant_id → "Tenant Id"[39m
[95m[Nest] 13524  - [39m30/07/2026 19:34:11 [95m  DEBUG[39m [38;5;3m[SchemaMetadataService] [39m[95m📝 Colonne (par défaut): factures.notify_client_requested → "Notify Client Requested"[39m
[95m[Nest] 13524  - [39m30/07/2026 19:34:11 [95m  DEBUG[39m [38;5;3m[SchemaMetadataService] [39m[95m⏭️ Colonne ignorée (mais en cache): factures.id[39m
[95m[Nest] 13524  - [39m30/07/2026 19:34:11 [95m  DEBUG[39m [38;5;3m[SchemaMetadataService] [39m[95m⏭️ Colonne ignorée (mais en cache): factures.dossier_id[39m
[95m[Nest] 13524  - [39m30/07/2026 19:34:11 [95m  DEBUG[39m [38;5;3m[SchemaMetadataService] [39m[95m⏭️ Colonne ignorée (mais en cache): factures.client_id[39m
[95m[Nest] 13524  - [39m30/07/2026 19:34:11 [95m  DEBUG[39m [38;5;3m[SchemaMetadataService] [39m[95m📝 Colonne: factures.type → "Type de facture"[39m
[95m[Nest] 13524  - [39m30/07/2026 19:34:11 [95m  DEBUG[39m [38;5;3m[SchemaMetadataService] [39m[95m📝 Colonne: factures.numero → "Numéro de facture"[39m
[95m[Nest] 13524  - [39m30/07/2026 19:34:11 [95m  DEBUG[39m [38;5;3m[SchemaMetadataService] [39m[95m📝 Colonne: factures.date_facture → "Date de facture"[39m
[95m[Nest] 13524  - [39m30/07/2026 19:34:11 [95m  DEBUG[39m [38;5;3m[SchemaMetadataService] [39m[95m📝 Colonne: factures.date_echeance → "Date d'échéance"[39m
[95m[Nest] 13524  - [39m30/07/2026 19:34:11 [95m  DEBUG[39m [38;5;3m[SchemaMetadataService] [39m[95m📝 Colonne: factures.montant_ht → "Montant HT"[39m
[95m[Nest] 13524  - [39m30/07/2026 19:34:11 [95m  DEBUG[39m [38;5;3m[SchemaMetadataService] [39m[95m📝 Colonne: factures.taux_tva → "Taux TVA"[39m
[95m[Nest] 13524  - [39m30/07/2026 19:34:11 [95m  DEBUG[39m [38;5;3m[SchemaMetadataService] [39m[95m📝 Colonne: factures.montant_tva → "Montant TVA"[39m
[95m[Nest] 13524  - [39m30/07/2026 19:34:11 [95m  DEBUG[39m [38;5;3m[SchemaMetadataService] [39m[95m📝 Colonne: factures.montant_ttc → "Montant TTC"[39m
[95m[Nest] 13524  - [39m30/07/2026 19:34:11 [95m  DEBUG[39m [38;5;3m[SchemaMetadataService] [39m[95m📝 Colonne: factures.description → "Description"[39m
[95m[Nest] 13524  - [39m30/07/2026 19:34:11 [95m  DEBUG[39m [38;5;3m[SchemaMetadataService] [39m[95m📝 Colonne: factures.status → "Statut"[39m
[95m[Nest] 13524  - [39m30/07/2026 19:34:11 [95m  DEBUG[39m [38;5;3m[SchemaMetadataService] [39m[95m📝 Colonne (par défaut): factures.nature → "Nature"[39m
[95m[Nest] 13524  - [39m30/07/2026 19:34:11 [95m  DEBUG[39m [38;5;3m[SchemaMetadataService] [39m[95m📝 Colonne (par défaut): factures.settlement_disposition → "Settlement Disposition"[39m
[95m[Nest] 13524  - [39m30/07/2026 19:34:11 [95m  DEBUG[39m [38;5;3m[SchemaMetadataService] [39m[95m📝 Colonne (par défaut): factures.original_invoice_id → "Original Invoice Id"[39m
[95m[Nest] 13524  - [39m30/07/2026 19:34:11 [95m  DEBUG[39m [38;5;3m[SchemaMetadataService] [39m[95m📝 Colonne (par défaut): factures.disposition_reason → "Disposition Reason"[39m
[95m[Nest] 13524  - [39m30/07/2026 19:34:11 [95m  DEBUG[39m [38;5;3m[SchemaMetadataService] [39m[95m📝 Colonne (par défaut): factures.disposition_at → "Disposition At"[39m
[95m[Nest] 13524  - [39m30/07/2026 19:34:11 [95m  DEBUG[39m [38;5;3m[SchemaMetadataService] [39m[95m📝 Colonne (par défaut): factures.disposition_by → "Disposition By"[39m
[95m[Nest] 13524  - [39m30/07/2026 19:34:11 [95m  DEBUG[39m [38;5;3m[SchemaMetadataService] [39m[95m📝 Colonne: factures.notes_internes → "Notes internes"[39m
[95m[Nest] 13524  - [39m30/07/2026 19:34:11 [95m  DEBUG[39m [38;5;3m[SchemaMetadataService] [39m[95m📝 Colonne: factures.currency → "Devise"[39m
[95m[Nest] 13524  - [39m30/07/2026 19:34:11 [95m  DEBUG[39m [38;5;3m[SchemaMetadataService] [39m[95m📝 Colonne (par défaut): factures.sub_stage_id → "Sub Stage Id"[39m
[95m[Nest] 13524  - [39m30/07/2026 19:34:11 [95m  DEBUG[39m [38;5;3m[SchemaMetadataService] [39m[95m📝 Colonne (par défaut): factures.sub_stage_visit_id → "Sub Stage Visit Id"[39m
[95m[Nest] 13524  - [39m30/07/2026 19:34:11 [95m  DEBUG[39m [38;5;3m[SchemaMetadataService] [39m[95m📝 Colonne (par défaut): factures.stageVisit_id → "StageVisit Id"[39m
[95m[Nest] 13524  - [39m30/07/2026 19:34:11 [95m  DEBUG[39m [38;5;3m[SchemaMetadataService] [39m[95m📝 Colonne (par défaut): factures.procedure_instance_id → "Procedure Instance Id"[39m
[95m[Nest] 13524  - [39m30/07/2026 19:34:11 [95m  DEBUG[39m [38;5;3m[SchemaMetadataService] [39m[95m📝 Colonne: factures.invoice_type_id → "Type d'honoraire"[39m
[32m[Nest] 13524  - [39m30/07/2026 19:34:11 [32m    LOG[39m [38;5;3m[SchemaMetadataService] [39m[32m✅ factures: 31 colonnes chargées (dont 4 ignorées)[39m
[95m[Nest] 13524  - [39m30/07/2026 19:34:11 [95m  DEBUG[39m [38;5;3m[SchemaMetadataService] [39m[95m📋 Table: sub_stages → Sous-étapes[39m
[95m[Nest] 13524  - [39m30/07/2026 19:34:11 [95m  DEBUG[39m [38;5;3m[SchemaMetadataService] [39m[95m📝 Colonne: sub_stages.created_at → "Date de création"[39m
[95m[Nest] 13524  - [39m30/07/2026 19:34:11 [95m  DEBUG[39m [38;5;3m[SchemaMetadataService] [39m[95m📝 Colonne: sub_stages.updated_at → "Date de modification"[39m
[95m[Nest] 13524  - [39m30/07/2026 19:34:11 [95m  DEBUG[39m [38;5;3m[SchemaMetadataService] [39m[95m⏭️ Colonne ignorée (mais en cache): sub_stages.deleted_at[39m
[95m[Nest] 13524  - [39m30/07/2026 19:34:11 [95m  DEBUG[39m [38;5;3m[SchemaMetadataService] [39m[95m📝 Colonne (par défaut): sub_stages.tenant_id → "Tenant Id"[39m
[95m[Nest] 13524  - [39m30/07/2026 19:34:11 [95m  DEBUG[39m [38;5;3m[SchemaMetadataService] [39m[95m📝 Colonne: sub_stages.id → "Identifiant"[39m
[95m[Nest] 13524  - [39m30/07/2026 19:34:11 [95m  DEBUG[39m [38;5;3m[SchemaMetadataService] [39m[95m📝 Colonne: sub_stages.stageId → "Étape"[39m
[95m[Nest] 13524  - [39m30/07/2026 19:34:11 [95m  DEBUG[39m [38;5;3m[SchemaMetadataService] [39m[95m📝 Colonne: sub_stages.order → "Ordre"[39m
[95m[Nest] 13524  - [39m30/07/2026 19:34:11 [95m  DEBUG[39m [38;5;3m[SchemaMetadataService] [39m[95m📝 Colonne: sub_stages.name → "Nom"[39m
[95m[Nest] 13524  - [39m30/07/2026 19:34:11 [95m  DEBUG[39m [38;5;3m[SchemaMetadataService] [39m[95m📝 Colonne: sub_stages.description → "Description"[39m
[95m[Nest] 13524  - [39m30/07/2026 19:34:11 [95m  DEBUG[39m [38;5;3m[SchemaMetadataService] [39m[95m📝 Colonne: sub_stages.isMandatory → "Obligatoire"[39m
[95m[Nest] 13524  - [39m30/07/2026 19:34:11 [95m  DEBUG[39m [38;5;3m[SchemaMetadataService] [39m[95m📝 Colonne: sub_stages.requirements → "Exigences"[39m
[95m[Nest] 13524  - [39m30/07/2026 19:34:11 [95m  DEBUG[39m [38;5;3m[SchemaMetadataService] [39m[95m📝 Colonne (par défaut): sub_stages.createdAt → "CreatedAt"[39m
[95m[Nest] 13524  - [39m30/07/2026 19:34:11 [95m  DEBUG[39m [38;5;3m[SchemaMetadataService] [39m[95m📝 Colonne (par défaut): sub_stages.updatedAt → "UpdatedAt"[39m
[32m[Nest] 13524  - [39m30/07/2026 19:34:11 [32m    LOG[39m [38;5;3m[SchemaMetadataService] [39m[32m✅ sub_stages: 13 colonnes chargées (dont 1 ignorées)[39m
[95m[Nest] 13524  - [39m30/07/2026 19:34:11 [95m  DEBUG[39m [38;5;3m[SchemaMetadataService] [39m[95m⏭️ Table ignorée: stage_configs[39m
[95m[Nest] 13524  - [39m30/07/2026 19:34:11 [95m  DEBUG[39m [38;5;3m[SchemaMetadataService] [39m[95m📋 Table: stages → Étapes[39m
[95m[Nest] 13524  - [39m30/07/2026 19:34:11 [95m  DEBUG[39m [38;5;3m[SchemaMetadataService] [39m[95m📝 Colonne: stages.created_at → "Date de création"[39m
[95m[Nest] 13524  - [39m30/07/2026 19:34:11 [95m  DEBUG[39m [38;5;3m[SchemaMetadataService] [39m[95m📝 Colonne: stages.updated_at → "Date de modification"[39m
[95m[Nest] 13524  - [39m30/07/2026 19:34:11 [95m  DEBUG[39m [38;5;3m[SchemaMetadataService] [39m[95m⏭️ Colonne ignorée (mais en cache): stages.deleted_at[39m
[95m[Nest] 13524  - [39m30/07/2026 19:34:11 [95m  DEBUG[39m [38;5;3m[SchemaMetadataService] [39m[95m📝 Colonne (par défaut): stages.tenant_id → "Tenant Id"[39m
[95m[Nest] 13524  - [39m30/07/2026 19:34:11 [95m  DEBUG[39m [38;5;3m[SchemaMetadataService] [39m[95m📝 Colonne: stages.id → "Identifiant"[39m
[95m[Nest] 13524  - [39m30/07/2026 19:34:11 [95m  DEBUG[39m [38;5;3m[SchemaMetadataService] [39m[95m📝 Colonne: stages.templateId → "Modèle"[39m
[95m[Nest] 13524  - [39m30/07/2026 19:34:11 [95m  DEBUG[39m [38;5;3m[SchemaMetadataService] [39m[95m📝 Colonne: stages.order → "Ordre"[39m
[95m[Nest] 13524  - [39m30/07/2026 19:34:11 [95m  DEBUG[39m [38;5;3m[SchemaMetadataService] [39m[95m📝 Colonne: stages.name → "Nom"[39m
[95m[Nest] 13524  - [39m30/07/2026 19:34:11 [95m  DEBUG[39m [38;5;3m[SchemaMetadataService] [39m[95m📝 Colonne: stages.description → "Description"[39m
[95m[Nest] 13524  - [39m30/07/2026 19:34:11 [95m  DEBUG[39m [38;5;3m[SchemaMetadataService] [39m[95m📝 Colonne: stages.canBeSkipped → "Peut être sautée"[39m
[95m[Nest] 13524  - [39m30/07/2026 19:34:11 [95m  DEBUG[39m [38;5;3m[SchemaMetadataService] [39m[95m📝 Colonne: stages.canBeReentered → "Réentrable"[39m
[95m[Nest] 13524  - [39m30/07/2026 19:34:11 [95m  DEBUG[39m [38;5;3m[SchemaMetadataService] [39m[95m📝 Colonne (par défaut): stages.createdAt → "CreatedAt"[39m
[95m[Nest] 13524  - [39m30/07/2026 19:34:11 [95m  DEBUG[39m [38;5;3m[SchemaMetadataService] [39m[95m📝 Colonne (par défaut): stages.updatedAt → "UpdatedAt"[39m
[32m[Nest] 13524  - [39m30/07/2026 19:34:11 [32m    LOG[39m [38;5;3m[SchemaMetadataService] [39m[32m✅ stages: 13 colonnes chargées (dont 1 ignorées)[39m
[95m[Nest] 13524  - [39m30/07/2026 19:34:11 [95m  DEBUG[39m [38;5;3m[SchemaMetadataService] [39m[95m⏭️ Table sans décorateur BusinessTable (ignorée): decisions[39m
[95m[Nest] 13524  - [39m30/07/2026 19:34:11 [95m  DEBUG[39m [38;5;3m[SchemaMetadataService] [39m[95m⏭️ Table ignorée: history_entries[39m
[95m[Nest] 13524  - [39m30/07/2026 19:34:11 [95m  DEBUG[39m [38;5;3m[SchemaMetadataService] [39m[95m📋 Table: tasks → Tâches[39m
[95m[Nest] 13524  - [39m30/07/2026 19:34:11 [95m  DEBUG[39m [38;5;3m[SchemaMetadataService] [39m[95m📝 Colonne: tasks.created_at → "Date de création"[39m
[95m[Nest] 13524  - [39m30/07/2026 19:34:11 [95m  DEBUG[39m [38;5;3m[SchemaMetadataService] [39m[95m📝 Colonne: tasks.updated_at → "Date de modification"[39m
[95m[Nest] 13524  - [39m30/07/2026 19:34:11 [95m  DEBUG[39m [38;5;3m[SchemaMetadataService] [39m[95m⏭️ Colonne ignorée (mais en cache): tasks.deleted_at[39m
[95m[Nest] 13524  - [39m30/07/2026 19:34:11 [95m  DEBUG[39m [38;5;3m[SchemaMetadataService] [39m[95m📝 Colonne (par défaut): tasks.tenant_id → "Tenant Id"[39m
[95m[Nest] 13524  - [39m30/07/2026 19:34:11 [95m  DEBUG[39m [38;5;3m[SchemaMetadataService] [39m[95m⏭️ Colonne ignorée (mais en cache): tasks.id[39m
[95m[Nest] 13524  - [39m30/07/2026 19:34:11 [95m  DEBUG[39m [38;5;3m[SchemaMetadataService] [39m[95m⏭️ Colonne ignorée (mais en cache): tasks.instanceId[39m
[95m[Nest] 13524  - [39m30/07/2026 19:34:11 [95m  DEBUG[39m [38;5;3m[SchemaMetadataService] [39m[95m📝 Colonne: tasks.title → "Titre"[39m
[95m[Nest] 13524  - [39m30/07/2026 19:34:11 [95m  DEBUG[39m [38;5;3m[SchemaMetadataService] [39m[95m📝 Colonne: tasks.description → "Description"[39m
[95m[Nest] 13524  - [39m30/07/2026 19:34:11 [95m  DEBUG[39m [38;5;3m[SchemaMetadataService] [39m[95m📝 Colonne: tasks.dueDate → "Date d'échéance"[39m
[95m[Nest] 13524  - [39m30/07/2026 19:34:11 [95m  DEBUG[39m [38;5;3m[SchemaMetadataService] [39m[95m📝 Colonne: tasks.assignedTo → "Assigné à"[39m
[95m[Nest] 13524  - [39m30/07/2026 19:34:11 [95m  DEBUG[39m [38;5;3m[SchemaMetadataService] [39m[95m📝 Colonne: tasks.status → "Statut"[39m
[95m[Nest] 13524  - [39m30/07/2026 19:34:11 [95m  DEBUG[39m [38;5;3m[SchemaMetadataService] [39m[95m📝 Colonne: tasks.completedAt → "Date de complétion"[39m
[95m[Nest] 13524  - [39m30/07/2026 19:34:11 [95m  DEBUG[39m [38;5;3m[SchemaMetadataService] [39m[95m📝 Colonne (par défaut): tasks.createdAt → "CreatedAt"[39m
[95m[Nest] 13524  - [39m30/07/2026 19:34:11 [95m  DEBUG[39m [38;5;3m[SchemaMetadataService] [39m[95m📝 Colonne (par défaut): tasks.updatedAt → "UpdatedAt"[39m
[32m[Nest] 13524  - [39m30/07/2026 19:34:11 [32m    LOG[39m [38;5;3m[SchemaMetadataService] [39m[32m✅ tasks: 14 colonnes chargées (dont 3 ignorées)[39m
[95m[Nest] 13524  - [39m30/07/2026 19:34:11 [95m  DEBUG[39m [38;5;3m[SchemaMetadataService] [39m[95m📋 Table: procedure_instances → Instances de procédure[39m
[95m[Nest] 13524  - [39m30/07/2026 19:34:11 [95m  DEBUG[39m [38;5;3m[SchemaMetadataService] [39m[95m📝 Colonne: procedure_instances.created_at → "Date de création"[39m
[95m[Nest] 13524  - [39m30/07/2026 19:34:11 [95m  DEBUG[39m [38;5;3m[SchemaMetadataService] [39m[95m📝 Colonne: procedure_instances.updated_at → "Date de modification"[39m
[95m[Nest] 13524  - [39m30/07/2026 19:34:11 [95m  DEBUG[39m [38;5;3m[SchemaMetadataService] [39m[95m⏭️ Colonne ignorée (mais en cache): procedure_instances.deleted_at[39m
[95m[Nest] 13524  - [39m30/07/2026 19:34:11 [95m  DEBUG[39m [38;5;3m[SchemaMetadataService] [39m[95m📝 Colonne (par défaut): procedure_instances.tenant_id → "Tenant Id"[39m
[95m[Nest] 13524  - [39m30/07/2026 19:34:11 [95m  DEBUG[39m [38;5;3m[SchemaMetadataService] [39m[95m⏭️ Colonne ignorée (mais en cache): procedure_instances.id[39m
[95m[Nest] 13524  - [39m30/07/2026 19:34:11 [95m  DEBUG[39m [38;5;3m[SchemaMetadataService] [39m[95m⏭️ Colonne ignorée (mais en cache): procedure_instances.templateId[39m
[95m[Nest] 13524  - [39m30/07/2026 19:34:11 [95m  DEBUG[39m [38;5;3m[SchemaMetadataService] [39m[95m📝 Colonne (par défaut): procedure_instances.template_family_id → "Template Family Id"[39m
[95m[Nest] 13524  - [39m30/07/2026 19:34:11 [95m  DEBUG[39m [38;5;3m[SchemaMetadataService] [39m[95m📝 Colonne (par défaut): procedure_instances.template_version_id → "Template Version Id"[39m
[95m[Nest] 13524  - [39m30/07/2026 19:34:11 [95m  DEBUG[39m [38;5;3m[SchemaMetadataService] [39m[95m📝 Colonne (par défaut): procedure_instances.template_snapshot → "Template Snapshot"[39m
[95m[Nest] 13524  - [39m30/07/2026 19:34:11 [95m  DEBUG[39m [38;5;3m[SchemaMetadataService] [39m[95m📝 Colonne (par défaut): procedure_instances.template_snapshot_hash → "Template Snapshot Hash"[39m
[95m[Nest] 13524  - [39m30/07/2026 19:34:11 [95m  DEBUG[39m [38;5;3m[SchemaMetadataService] [39m[95m📝 Colonne: procedure_instances.title → "Titre"[39m
[95m[Nest] 13524  - [39m30/07/2026 19:34:11 [95m  DEBUG[39m [38;5;3m[SchemaMetadataService] [39m[95m📝 Colonne: procedure_instances.status → "Statut"[39m
[95m[Nest] 13524  - [39m30/07/2026 19:34:11 [95m  DEBUG[39m [38;5;3m[SchemaMetadataService] [39m[95m⏭️ Colonne ignorée (mais en cache): procedure_instances.currentStageId[39m
[32m[Nest] 13524  - [39m30/07/2026 19:34:11 [32m    LOG[39m [38;5;3m[SchemaMetadataService] [39m[32m✅ procedure_instances: 13 colonnes chargées (dont 4 ignorées)[39m
[95m[Nest] 13524  - [39m30/07/2026 19:34:11 [95m  DEBUG[39m [38;5;3m[SchemaMetadataService] [39m[95m📋 Table: diligences → Diligences[39m
[95m[Nest] 13524  - [39m30/07/2026 19:34:11 [95m  DEBUG[39m [38;5;3m[SchemaMetadataService] [39m[95m📝 Colonne: diligences.created_at → "Date de création"[39m
[95m[Nest] 13524  - [39m30/07/2026 19:34:11 [95m  DEBUG[39m [38;5;3m[SchemaMetadataService] [39m[95m📝 Colonne: diligences.updated_at → "Date de modification"[39m
[95m[Nest] 13524  - [39m30/07/2026 19:34:11 [95m  DEBUG[39m [38;5;3m[SchemaMetadataService] [39m[95m⏭️ Colonne ignorée (mais en cache): diligences.deleted_at[39m
[95m[Nest] 13524  - [39m30/07/2026 19:34:11 [95m  DEBUG[39m [38;5;3m[SchemaMetadataService] [39m[95m📝 Colonne (par défaut): diligences.tenant_id → "Tenant Id"[39m
[95m[Nest] 13524  - [39m30/07/2026 19:34:11 [95m  DEBUG[39m [38;5;3m[SchemaMetadataService] [39m[95m⏭️ Colonne ignorée (mais en cache): diligences.id[39m
[95m[Nest] 13524  - [39m30/07/2026 19:34:11 [95m  DEBUG[39m [38;5;3m[SchemaMetadataService] [39m[95m📝 Colonne: diligences.title → "Titre"[39m
[95m[Nest] 13524  - [39m30/07/2026 19:34:11 [95m  DEBUG[39m [38;5;3m[SchemaMetadataService] [39m[95m📝 Colonne: diligences.description → "Description"[39m
[95m[Nest] 13524  - [39m30/07/2026 19:34:11 [95m  DEBUG[39m [38;5;3m[SchemaMetadataService] [39m[95m📝 Colonne: diligences.type → "Type d'investigation"[39m
[95m[Nest] 13524  - [39m30/07/2026 19:34:11 [95m  DEBUG[39m [38;5;3m[SchemaMetadataService] [39m[95m📝 Colonne: diligences.status → "Statut"[39m
[95m[Nest] 13524  - [39m30/07/2026 19:34:11 [95m  DEBUG[39m [38;5;3m[SchemaMetadataService] [39m[95m📝 Colonne: diligences.priority → "Priorité"[39m
[95m[Nest] 13524  - [39m30/07/2026 19:34:11 [95m  DEBUG[39m [38;5;3m[SchemaMetadataService] [39m[95m📝 Colonne: diligences.start_date → "Date de début"[39m
[95m[Nest] 13524  - [39m30/07/2026 19:34:11 [95m  DEBUG[39m [38;5;3m[SchemaMetadataService] [39m[95m📝 Colonne: diligences.deadline → "Date limite"[39m
[95m[Nest] 13524  - [39m30/07/2026 19:34:11 [95m  DEBUG[39m [38;5;3m[SchemaMetadataService] [39m[95m📝 Colonne: diligences.completion_date → "Date de completion"[39m
[95m[Nest] 13524  - [39m30/07/2026 19:34:11 [95m  DEBUG[39m [38;5;3m[SchemaMetadataService] [39m[95m📝 Colonne (par défaut): diligences.dossier_id → "Dossier Id"[39m
[95m[Nest] 13524  - [39m30/07/2026 19:34:11 [95m  DEBUG[39m [38;5;3m[SchemaMetadataService] [39m[95m📝 Colonne (par défaut): diligences.assigned_lawyer_id → "Assigned Lawyer Id"[39m
[95m[Nest] 13524  - [39m30/07/2026 19:34:11 [95m  DEBUG[39m [38;5;3m[SchemaMetadataService] [39m[95m📝 Colonne: diligences.client_reference → "Référence client"[39m
[95m[Nest] 13524  - [39m30/07/2026 19:34:11 [95m  DEBUG[39m [38;5;3m[SchemaMetadataService] [39m[95m📝 Colonne: diligences.budget_hours → "Budget heures"[39m
[95m[Nest] 13524  - [39m30/07/2026 19:34:11 [95m  DEBUG[39m [38;5;3m[SchemaMetadataService] [39m[95m📝 Colonne: diligences.actual_hours → "Heures réelles"[39m
[95m[Nest] 13524  - [39m30/07/2026 19:34:11 [95m  DEBUG[39m [38;5;3m[SchemaMetadataService] [39m[95m📝 Colonne: diligences.scope → "Périmètre"[39m
[95m[Nest] 13524  - [39m30/07/2026 19:34:11 [95m  DEBUG[39m [38;5;3m[SchemaMetadataService] [39m[95m📝 Colonne: diligences.findings_summary → "Résumé des constats"[39m
[95m[Nest] 13524  - [39m30/07/2026 19:34:11 [95m  DEBUG[39m [38;5;3m[SchemaMetadataService] [39m[95m📝 Colonne: diligences.recommendations → "Recommandations"[39m
[95m[Nest] 13524  - [39m30/07/2026 19:34:11 [95m  DEBUG[39m [38;5;3m[SchemaMetadataService] [39m[95m📝 Colonne (par défaut): diligences.report_generated → "Report Generated"[39m
[95m[Nest] 13524  - [39m30/07/2026 19:34:11 [95m  DEBUG[39m [38;5;3m[SchemaMetadataService] [39m[95m📝 Colonne (par défaut): diligences.report_url → "Report Url"[39m
[95m[Nest] 13524  - [39m30/07/2026 19:34:11 [95m  DEBUG[39m [38;5;3m[SchemaMetadataService] [39m[95m📝 Colonne: diligences.confidential → "Confidentiel"[39m
[95m[Nest] 13524  - [39m30/07/2026 19:34:11 [95m  DEBUG[39m [38;5;3m[SchemaMetadataService] [39m[95m📝 Colonne (par défaut): diligences.sub_stage_id → "Sub Stage Id"[39m
[95m[Nest] 13524  - [39m30/07/2026 19:34:11 [95m  DEBUG[39m [38;5;3m[SchemaMetadataService] [39m[95m📝 Colonne (par défaut): diligences.sub_stage_visit_id → "Sub Stage Visit Id"[39m
[95m[Nest] 13524  - [39m30/07/2026 19:34:11 [95m  DEBUG[39m [38;5;3m[SchemaMetadataService] [39m[95m📝 Colonne (par défaut): diligences.stageVisit_id → "StageVisit Id"[39m
[95m[Nest] 13524  - [39m30/07/2026 19:34:11 [95m  DEBUG[39m [38;5;3m[SchemaMetadataService] [39m[95m📝 Colonne (par défaut): diligences.procedure_instance_id → "Procedure Instance Id"[39m
[32m[Nest] 13524  - [39m30/07/2026 19:34:11 [32m    LOG[39m [38;5;3m[SchemaMetadataService] [39m[32m✅ diligences: 28 colonnes chargées (dont 2 ignorées)[39m
[95m[Nest] 13524  - [39m30/07/2026 19:34:11 [95m  DEBUG[39m [38;5;3m[SchemaMetadataService] [39m[95m📋 Table: employee → Collaborateurs[39m
[95m[Nest] 13524  - [39m30/07/2026 19:34:11 [95m  DEBUG[39m [38;5;3m[SchemaMetadataService] [39m[95m📝 Colonne: employee.created_at → "Date de création"[39m
[95m[Nest] 13524  - [39m30/07/2026 19:34:11 [95m  DEBUG[39m [38;5;3m[SchemaMetadataService] [39m[95m📝 Colonne: employee.updated_at → "Date de modification"[39m
[95m[Nest] 13524  - [39m30/07/2026 19:34:11 [95m  DEBUG[39m [38;5;3m[SchemaMetadataService] [39m[95m⏭️ Colonne ignorée (mais en cache): employee.deleted_at[39m
[95m[Nest] 13524  - [39m30/07/2026 19:34:11 [95m  DEBUG[39m [38;5;3m[SchemaMetadataService] [39m[95m📝 Colonne (par défaut): employee.tenant_id → "Tenant Id"[39m
[95m[Nest] 13524  - [39m30/07/2026 19:34:11 [95m  DEBUG[39m [38;5;3m[SchemaMetadataService] [39m[95m⏭️ Colonne ignorée (mais en cache): employee.id[39m
[95m[Nest] 13524  - [39m30/07/2026 19:34:11 [95m  DEBUG[39m [38;5;3m[SchemaMetadataService] [39m[95m📝 Colonne (par défaut): employee.branch_id → "Branch Id"[39m
[95m[Nest] 13524  - [39m30/07/2026 19:34:11 [95m  DEBUG[39m [38;5;3m[SchemaMetadataService] [39m[95m📝 Colonne: employee.position → "Fonction"[39m
[95m[Nest] 13524  - [39m30/07/2026 19:34:11 [95m  DEBUG[39m [38;5;3m[SchemaMetadataService] [39m[95m📝 Colonne: employee.hire_date → "Date d'embauche"[39m
[95m[Nest] 13524  - [39m30/07/2026 19:34:11 [95m  DEBUG[39m [38;5;3m[SchemaMetadataService] [39m[95m📝 Colonne: employee.status → "Statut"[39m
[95m[Nest] 13524  - [39m30/07/2026 19:34:11 [95m  DEBUG[39m [38;5;3m[SchemaMetadataService] [39m[95m📝 Colonne: employee.specialization → "Spécialisation"[39m
[95m[Nest] 13524  - [39m30/07/2026 19:34:11 [95m  DEBUG[39m [38;5;3m[SchemaMetadataService] [39m[95m📝 Colonne: employee.bar_association_number → "Numéro d'avocat (Barreau)"[39m
[95m[Nest] 13524  - [39m30/07/2026 19:34:11 [95m  DEBUG[39m [38;5;3m[SchemaMetadataService] [39m[95m📝 Colonne: employee.bar_association_city → "Ville du barreau"[39m
[95m[Nest] 13524  - [39m30/07/2026 19:34:11 [95m  DEBUG[39m [38;5;3m[SchemaMetadataService] [39m[95m📝 Colonne: employee.years_of_experience → "Années d'expérience"[39m
[95m[Nest] 13524  - [39m30/07/2026 19:34:11 [95m  DEBUG[39m [38;5;3m[SchemaMetadataService] [39m[95m📝 Colonne: employee.hourly_rate → "Taux horaire"[39m
[95m[Nest] 13524  - [39m30/07/2026 19:34:11 [95m  DEBUG[39m [38;5;3m[SchemaMetadataService] [39m[95m📝 Colonne: employee.salary → "Salaire mensuel"[39m
[95m[Nest] 13524  - [39m30/07/2026 19:34:11 [95m  DEBUG[39m [38;5;3m[SchemaMetadataService] [39m[95m📝 Colonne: employee.is_available → "Disponible"[39m
[95m[Nest] 13524  - [39m30/07/2026 19:34:11 [95m  DEBUG[39m [38;5;3m[SchemaMetadataService] [39m[95m📝 Colonne: employee.max_dossiers → "Capacité max"[39m
[95m[Nest] 13524  - [39m30/07/2026 19:34:11 [95m  DEBUG[39m [38;5;3m[SchemaMetadataService] [39m[95m📝 Colonne: employee.bio → "Biographie"[39m
[95m[Nest] 13524  - [39m30/07/2026 19:34:11 [95m  DEBUG[39m [38;5;3m[SchemaMetadataService] [39m[95m📝 Colonne: employee.languages → "Langues"[39m
[95m[Nest] 13524  - [39m30/07/2026 19:34:11 [95m  DEBUG[39m [38;5;3m[SchemaMetadataService] [39m[95m📝 Colonne: employee.expertise_areas → "Domaines d'expertise"[39m
[95m[Nest] 13524  - [39m30/07/2026 19:34:11 [95m  DEBUG[39m [38;5;3m[SchemaMetadataService] [39m[95m📝 Colonne: employee.employee_number → "Matricule"[39m
[95m[Nest] 13524  - [39m30/07/2026 19:34:11 [95m  DEBUG[39m [38;5;3m[SchemaMetadataService] [39m[95m📝 Colonne: employee.birth_date → "Date de naissance"[39m
[95m[Nest] 13524  - [39m30/07/2026 19:34:11 [95m  DEBUG[39m [38;5;3m[SchemaMetadataService] [39m[95m📝 Colonne: employee.professional_address → "Adresse professionnelle"[39m
[95m[Nest] 13524  - [39m30/07/2026 19:34:11 [95m  DEBUG[39m [38;5;3m[SchemaMetadataService] [39m[95m📝 Colonne: employee.professional_phone → "Téléphone professionnel"[39m
[95m[Nest] 13524  - [39m30/07/2026 19:34:11 [95m  DEBUG[39m [38;5;3m[SchemaMetadataService] [39m[95m⏭️ Colonne ignorée (mais en cache): employee.siret_number[39m
[95m[Nest] 13524  - [39m30/07/2026 19:34:11 [95m  DEBUG[39m [38;5;3m[SchemaMetadataService] [39m[95m⏭️ Colonne ignorée (mais en cache): employee.tva_number[39m
[32m[Nest] 13524  - [39m30/07/2026 19:34:11 [32m    LOG[39m [38;5;3m[SchemaMetadataService] [39m[32m✅ employee: 26 colonnes chargées (dont 4 ignorées)[39m
[95m[Nest] 13524  - [39m30/07/2026 19:34:11 [95m  DEBUG[39m [38;5;3m[SchemaMetadataService] [39m[95m⏭️ Table sans décorateur BusinessTable (ignorée): message_read[39m
[95m[Nest] 13524  - [39m30/07/2026 19:34:11 [95m  DEBUG[39m [38;5;3m[SchemaMetadataService] [39m[95m⏭️ Table sans décorateur BusinessTable (ignorée): attachment[39m
[95m[Nest] 13524  - [39m30/07/2026 19:34:11 [95m  DEBUG[39m [38;5;3m[SchemaMetadataService] [39m[95m⏭️ Table sans décorateur BusinessTable (ignorée): message[39m
[95m[Nest] 13524  - [39m30/07/2026 19:34:11 [95m  DEBUG[39m [38;5;3m[SchemaMetadataService] [39m[95m⏭️ Table sans décorateur BusinessTable (ignorée): conversation[39m
[95m[Nest] 13524  - [39m30/07/2026 19:34:11 [95m  DEBUG[39m [38;5;3m[SchemaMetadataService] [39m[95m📋 Table: jurisdictions → Juridictions[39m
[95m[Nest] 13524  - [39m30/07/2026 19:34:11 [95m  DEBUG[39m [38;5;3m[SchemaMetadataService] [39m[95m📝 Colonne: jurisdictions.created_at → "Date de création"[39m
[95m[Nest] 13524  - [39m30/07/2026 19:34:11 [95m  DEBUG[39m [38;5;3m[SchemaMetadataService] [39m[95m📝 Colonne: jurisdictions.updated_at → "Date de modification"[39m
[95m[Nest] 13524  - [39m30/07/2026 19:34:11 [95m  DEBUG[39m [38;5;3m[SchemaMetadataService] [39m[95m⏭️ Colonne ignorée (mais en cache): jurisdictions.deleted_at[39m
[95m[Nest] 13524  - [39m30/07/2026 19:34:11 [95m  DEBUG[39m [38;5;3m[SchemaMetadataService] [39m[95m📝 Colonne (par défaut): jurisdictions.tenant_id → "Tenant Id"[39m
[95m[Nest] 13524  - [39m30/07/2026 19:34:11 [95m  DEBUG[39m [38;5;3m[SchemaMetadataService] [39m[95m⏭️ Colonne ignorée (mais en cache): jurisdictions.id[39m
[95m[Nest] 13524  - [39m30/07/2026 19:34:11 [95m  DEBUG[39m [38;5;3m[SchemaMetadataService] [39m[95m📝 Colonne: jurisdictions.code → "Code"[39m
[95m[Nest] 13524  - [39m30/07/2026 19:34:11 [95m  DEBUG[39m [38;5;3m[SchemaMetadataService] [39m[95m📝 Colonne: jurisdictions.name → "Nom"[39m
[95m[Nest] 13524  - [39m30/07/2026 19:34:11 [95m  DEBUG[39m [38;5;3m[SchemaMetadataService] [39m[95m📝 Colonne: jurisdictions.description → "Description"[39m
[95m[Nest] 13524  - [39m30/07/2026 19:34:11 [95m  DEBUG[39m [38;5;3m[SchemaMetadataService] [39m[95m📝 Colonne: jurisdictions.level → "Niveau"[39m
[95m[Nest] 13524  - [39m30/07/2026 19:34:11 [95m  DEBUG[39m [38;5;3m[SchemaMetadataService] [39m[95m📝 Colonne: jurisdictions.jurisdiction_type → "Type"[39m
[95m[Nest] 13524  - [39m30/07/2026 19:34:11 [95m  DEBUG[39m [38;5;3m[SchemaMetadataService] [39m[95m📝 Colonne: jurisdictions.city → "Ville"[39m
[95m[Nest] 13524  - [39m30/07/2026 19:34:11 [95m  DEBUG[39m [38;5;3m[SchemaMetadataService] [39m[95m📝 Colonne: jurisdictions.region → "Région"[39m
[95m[Nest] 13524  - [39m30/07/2026 19:34:11 [95m  DEBUG[39m [38;5;3m[SchemaMetadataService] [39m[95m📝 Colonne: jurisdictions.country → "Pays"[39m
[95m[Nest] 13524  - [39m30/07/2026 19:34:11 [95m  DEBUG[39m [38;5;3m[SchemaMetadataService] [39m[95m📝 Colonne: jurisdictions.address → "Adresse"[39m
[95m[Nest] 13524  - [39m30/07/2026 19:34:11 [95m  DEBUG[39m [38;5;3m[SchemaMetadataService] [39m[95m📝 Colonne: jurisdictions.phone → "Téléphone"[39m
[95m[Nest] 13524  - [39m30/07/2026 19:34:11 [95m  DEBUG[39m [38;5;3m[SchemaMetadataService] [39m[95m📝 Colonne: jurisdictions.email → "Email"[39m
[95m[Nest] 13524  - [39m30/07/2026 19:34:11 [95m  DEBUG[39m [38;5;3m[SchemaMetadataService] [39m[95m📝 Colonne: jurisdictions.website → "Site web"[39m
[95m[Nest] 13524  - [39m30/07/2026 19:34:11 [95m  DEBUG[39m [38;5;3m[SchemaMetadataService] [39m[95m📝 Colonne (par défaut): jurisdictions.parent_id → "Parent Id"[39m
[95m[Nest] 13524  - [39m30/07/2026 19:34:11 [95m  DEBUG[39m [38;5;3m[SchemaMetadataService] [39m[95m📝 Colonne: jurisdictions.is_active → "Active"[39m
[95m[Nest] 13524  - [39m30/07/2026 19:34:11 [95m  DEBUG[39m [38;5;3m[SchemaMetadataService] [39m[95m⏭️ Colonne ignorée (mais en cache): jurisdictions.metadata[39m
[95m[Nest] 13524  - [39m30/07/2026 19:34:11 [95m  DEBUG[39m [38;5;3m[SchemaMetadataService] [39m[95m📝 Colonne (par défaut): jurisdictions.created_by → "Created By"[39m
[95m[Nest] 13524  - [39m30/07/2026 19:34:11 [95m  DEBUG[39m [38;5;3m[SchemaMetadataService] [39m[95m📝 Colonne (par défaut): jurisdictions.updated_by → "Updated By"[39m
[32m[Nest] 13524  - [39m30/07/2026 19:34:11 [32m    LOG[39m [38;5;3m[SchemaMetadataService] [39m[32m✅ jurisdictions: 22 colonnes chargées (dont 3 ignorées)[39m
[95m[Nest] 13524  - [39m30/07/2026 19:34:11 [95m  DEBUG[39m [38;5;3m[SchemaMetadataService] [39m[95m⏭️ Table sans décorateur BusinessTable (ignorée): procedure_types[39m
[95m[Nest] 13524  - [39m30/07/2026 19:34:11 [95m  DEBUG[39m [38;5;3m[SchemaMetadataService] [39m[95m⏭️ Table sans décorateur BusinessTable (ignorée): dossier_members[39m
[95m[Nest] 13524  - [39m30/07/2026 19:34:11 [95m  DEBUG[39m [38;5;3m[SchemaMetadataService] [39m[95m📋 Table: dossiers → Dossiers contentieux[39m
[95m[Nest] 13524  - [39m30/07/2026 19:34:11 [95m  DEBUG[39m [38;5;3m[SchemaMetadataService] [39m[95m📝 Colonne: dossiers.created_at → "Date de création"[39m
[95m[Nest] 13524  - [39m30/07/2026 19:34:11 [95m  DEBUG[39m [38;5;3m[SchemaMetadataService] [39m[95m📝 Colonne: dossiers.updated_at → "Date de modification"[39m
[95m[Nest] 13524  - [39m30/07/2026 19:34:11 [95m  DEBUG[39m [38;5;3m[SchemaMetadataService] [39m[95m⏭️ Colonne ignorée (mais en cache): dossiers.deleted_at[39m
[95m[Nest] 13524  - [39m30/07/2026 19:34:11 [95m  DEBUG[39m [38;5;3m[SchemaMetadataService] [39m[95m📝 Colonne (par défaut): dossiers.tenant_id → "Tenant Id"[39m
[95m[Nest] 13524  - [39m30/07/2026 19:34:11 [95m  DEBUG[39m [38;5;3m[SchemaMetadataService] [39m[95m⏭️ Colonne ignorée (mais en cache): dossiers.id[39m
[95m[Nest] 13524  - [39m30/07/2026 19:34:11 [95m  DEBUG[39m [38;5;3m[SchemaMetadataService] [39m[95m📝 Colonne: dossiers.dossier_number → "Numéro de dossier"[39m
[95m[Nest] 13524  - [39m30/07/2026 19:34:11 [95m  DEBUG[39m [38;5;3m[SchemaMetadataService] [39m[95m📝 Colonne: dossiers.object → "Objet du litige"[39m
[95m[Nest] 13524  - [39m30/07/2026 19:34:11 [95m  DEBUG[39m [38;5;3m[SchemaMetadataService] [39m[95m📝 Colonne: dossiers.jurisdiction_id → "Juridiction"[39m
[95m[Nest] 13524  - [39m30/07/2026 19:34:11 [95m  DEBUG[39m [38;5;3m[SchemaMetadataService] [39m[95m📝 Colonne: dossiers.danger_level → "Niveau d'urgence"[39m
[95m[Nest] 13524  - [39m30/07/2026 19:34:11 [95m  DEBUG[39m [38;5;3m[SchemaMetadataService] [39m[95m📝 Colonne: dossiers.court_name → "Nom du tribunal"[39m
[95m[Nest] 13524  - [39m30/07/2026 19:34:11 [95m  DEBUG[39m [38;5;3m[SchemaMetadataService] [39m[95m📝 Colonne: dossiers.case_number → "Numéro de rôle / RG"[39m
[95m[Nest] 13524  - [39m30/07/2026 19:34:11 [95m  DEBUG[39m [38;5;3m[SchemaMetadataService] [39m[95m📝 Colonne: dossiers.opposing_party_name → "Partie adverse"[39m
[95m[Nest] 13524  - [39m30/07/2026 19:34:11 [95m  DEBUG[39m [38;5;3m[SchemaMetadataService] [39m[95m📝 Colonne: dossiers.opposing_party_lawyer → "Avocat adverse"[39m
[95m[Nest] 13524  - [39m30/07/2026 19:34:11 [95m  DEBUG[39m [38;5;3m[SchemaMetadataService] [39m[95m📝 Colonne: dossiers.opposing_party_contact → "Contact partie adverse"[39m
[95m[Nest] 13524  - [39m30/07/2026 19:34:11 [95m  DEBUG[39m [38;5;3m[SchemaMetadataService] [39m[95m📝 Colonne: dossiers.third_parties → "Tiers impliqués"[39m
[95m[Nest] 13524  - [39m30/07/2026 19:34:11 [95m  DEBUG[39m [38;5;3m[SchemaMetadataService] [39m[95m📝 Colonne: dossiers.description → "Description détaillée"[39m
[95m[Nest] 13524  - [39m30/07/2026 19:34:11 [95m  DEBUG[39m [38;5;3m[SchemaMetadataService] [39m[95m📝 Colonne: dossiers.initial_request → "Demande initiale"[39m
[95m[Nest] 13524  - [39m30/07/2026 19:34:11 [95m  DEBUG[39m [38;5;3m[SchemaMetadataService] [39m[95m📝 Colonne: dossiers.status → "Statut du dossier"[39m
[95m[Nest] 13524  - [39m30/07/2026 19:34:11 [95m  DEBUG[39m [38;5;3m[SchemaMetadataService] [39m[95m📝 Colonne (par défaut): dossiers.conflict_check_status → "Conflict Check Status"[39m
[95m[Nest] 13524  - [39m30/07/2026 19:34:11 [95m  DEBUG[39m [38;5;3m[SchemaMetadataService] [39m[95m📝 Colonne (par défaut): dossiers.conflict_check_notes → "Conflict Check Notes"[39m
[95m[Nest] 13524  - [39m30/07/2026 19:34:11 [95m  DEBUG[39m [38;5;3m[SchemaMetadataService] [39m[95m📝 Colonne (par défaut): dossiers.engagement_document_id → "Engagement Document Id"[39m
[95m[Nest] 13524  - [39m30/07/2026 19:34:11 [95m  DEBUG[39m [38;5;3m[SchemaMetadataService] [39m[95m📝 Colonne (par défaut): dossiers.financial_terms_confirmed → "Financial Terms Confirmed"[39m
[95m[Nest] 13524  - [39m30/07/2026 19:34:11 [95m  DEBUG[39m [38;5;3m[SchemaMetadataService] [39m[95m📝 Colonne: dossiers.opening_date → "Date d'ouverture"[39m
[95m[Nest] 13524  - [39m30/07/2026 19:34:11 [95m  DEBUG[39m [38;5;3m[SchemaMetadataService] [39m[95m📝 Colonne: dossiers.closing_date → "Date de clôture"[39m
[95m[Nest] 13524  - [39m30/07/2026 19:34:11 [95m  DEBUG[39m [38;5;3m[SchemaMetadataService] [39m[95m📝 Colonne: dossiers.estimated_duration → "Durée estimée"[39m
[95m[Nest] 13524  - [39m30/07/2026 19:34:11 [95m  DEBUG[39m [38;5;3m[SchemaMetadataService] [39m[95m📝 Colonne: dossiers.confidentiality_level → "Niveau de confidentialité"[39m
[95m[Nest] 13524  - [39m30/07/2026 19:34:11 [95m  DEBUG[39m [38;5;3m[SchemaMetadataService] [39m[95m📝 Colonne: dossiers.priority_level → "Niveau de priorité"[39m
[95m[Nest] 13524  - [39m30/07/2026 19:34:11 [95m  DEBUG[39m [38;5;3m[SchemaMetadataService] [39m[95m📝 Colonne: dossiers.budget_estimate → "Budget estimé"[39m
[95m[Nest] 13524  - [39m30/07/2026 19:34:11 [95m  DEBUG[39m [38;5;3m[SchemaMetadataService] [39m[95m📝 Colonne: dossiers.success_probability → "Probabilité de succès"[39m
[95m[Nest] 13524  - [39m30/07/2026 19:34:11 [95m  DEBUG[39m [38;5;3m[SchemaMetadataService] [39m[95m📝 Colonne: dossiers.conversation_id → "Conversation associée"[39m
[95m[Nest] 13524  - [39m30/07/2026 19:34:11 [95m  DEBUG[39m [38;5;3m[SchemaMetadataService] [39m[95m📝 Colonne: dossiers.final_decision → "Décision finale"[39m
[95m[Nest] 13524  - [39m30/07/2026 19:34:11 [95m  DEBUG[39m [38;5;3m[SchemaMetadataService] [39m[95m📝 Colonne: dossiers.client_id → "Client"[39m
[95m[Nest] 13524  - [39m30/07/2026 19:34:11 [95m  DEBUG[39m [38;5;3m[SchemaMetadataService] [39m[95m📝 Colonne: dossiers.lawyer_id → "Avocat référent"[39m
[95m[Nest] 13524  - [39m30/07/2026 19:34:11 [95m  DEBUG[39m [38;5;3m[SchemaMetadataService] [39m[95m📝 Colonne: dossiers.procedure_type_id → "Type de procédure"[39m
[95m[Nest] 13524  - [39m30/07/2026 19:34:11 [95m  DEBUG[39m [38;5;3m[SchemaMetadataService] [39m[95m📝 Colonne: dossiers.procedure_subtype_id → "Sous-type de procédure"[39m
[95m[Nest] 13524  - [39m30/07/2026 19:34:11 [95m  DEBUG[39m [38;5;3m[SchemaMetadataService] [39m[95m📝 Colonne: dossiers.settlement_amount → "Montant de la transaction"[39m
[95m[Nest] 13524  - [39m30/07/2026 19:34:11 [95m  DEBUG[39m [38;5;3m[SchemaMetadataService] [39m[95m📝 Colonne: dossiers.settlement_terms → "Termes de la transaction"[39m
[95m[Nest] 13524  - [39m30/07/2026 19:34:11 [95m  DEBUG[39m [38;5;3m[SchemaMetadataService] [39m[95m📝 Colonne: dossiers.client_satisfaction → "Satisfaction client"[39m
[95m[Nest] 13524  - [39m30/07/2026 19:34:11 [95m  DEBUG[39m [38;5;3m[SchemaMetadataService] [39m[95m📝 Colonne: dossiers.outcome → "Issue du dossier"[39m
[95m[Nest] 13524  - [39m30/07/2026 19:34:11 [95m  DEBUG[39m [38;5;3m[SchemaMetadataService] [39m[95m📝 Colonne: dossiers.outcome_date → "Date de l'issue"[39m
[95m[Nest] 13524  - [39m30/07/2026 19:34:11 [95m  DEBUG[39m [38;5;3m[SchemaMetadataService] [39m[95m📝 Colonne: dossiers.outcome_notes → "Notes sur l'issue"[39m
[95m[Nest] 13524  - [39m30/07/2026 19:34:11 [95m  DEBUG[39m [38;5;3m[SchemaMetadataService] [39m[95m📝 Colonne: dossiers.damages_awarded → "Dommages et intérêts"[39m
[95m[Nest] 13524  - [39m30/07/2026 19:34:11 [95m  DEBUG[39m [38;5;3m[SchemaMetadataService] [39m[95m📝 Colonne: dossiers.costs_awarded → "Dépens accordés"[39m
[95m[Nest] 13524  - [39m30/07/2026 19:34:11 [95m  DEBUG[39m [38;5;3m[SchemaMetadataService] [39m[95m📝 Colonne (par défaut): dossiers.procedureInstanceId → "ProcedureInstanceId"[39m
[32m[Nest] 13524  - [39m30/07/2026 19:34:11 [32m    LOG[39m [38;5;3m[SchemaMetadataService] [39m[32m✅ dossiers: 44 colonnes chargées (dont 2 ignorées)[39m
[95m[Nest] 13524  - [39m30/07/2026 19:34:11 [95m  DEBUG[39m [38;5;3m[SchemaMetadataService] [39m[95m📋 Table: audiences → Audiences[39m
[95m[Nest] 13524  - [39m30/07/2026 19:34:11 [95m  DEBUG[39m [38;5;3m[SchemaMetadataService] [39m[95m📝 Colonne: audiences.created_at → "Date de création"[39m
[95m[Nest] 13524  - [39m30/07/2026 19:34:11 [95m  DEBUG[39m [38;5;3m[SchemaMetadataService] [39m[95m📝 Colonne: audiences.updated_at → "Date de modification"[39m
[95m[Nest] 13524  - [39m30/07/2026 19:34:11 [95m  DEBUG[39m [38;5;3m[SchemaMetadataService] [39m[95m⏭️ Colonne ignorée (mais en cache): audiences.deleted_at[39m
[95m[Nest] 13524  - [39m30/07/2026 19:34:11 [95m  DEBUG[39m [38;5;3m[SchemaMetadataService] [39m[95m📝 Colonne (par défaut): audiences.tenant_id → "Tenant Id"[39m
[95m[Nest] 13524  - [39m30/07/2026 19:34:11 [95m  DEBUG[39m [38;5;3m[SchemaMetadataService] [39m[95m⏭️ Colonne ignorée (mais en cache): audiences.id[39m
[95m[Nest] 13524  - [39m30/07/2026 19:34:11 [95m  DEBUG[39m [38;5;3m[SchemaMetadataService] [39m[95m📝 Colonne: audiences.audience_date → "Date de l'audience"[39m
[95m[Nest] 13524  - [39m30/07/2026 19:34:11 [95m  DEBUG[39m [38;5;3m[SchemaMetadataService] [39m[95m📝 Colonne (par défaut): audiences.dossier_id → "Dossier Id"[39m
[95m[Nest] 13524  - [39m30/07/2026 19:34:11 [95m  DEBUG[39m [38;5;3m[SchemaMetadataService] [39m[95m📝 Colonne: audiences.audience_time → "Heure de l'audience"[39m
[95m[Nest] 13524  - [39m30/07/2026 19:34:11 [95m  DEBUG[39m [38;5;3m[SchemaMetadataService] [39m[95m📝 Colonne: audiences.starts_at_utc → "Début UTC"[39m
[95m[Nest] 13524  - [39m30/07/2026 19:34:11 [95m  DEBUG[39m [38;5;3m[SchemaMetadataService] [39m[95m📝 Colonne: audiences.timezone → "Fuseau horaire"[39m
[95m[Nest] 13524  - [39m30/07/2026 19:34:11 [95m  DEBUG[39m [38;5;3m[SchemaMetadataService] [39m[95m⏭️ Colonne ignorée (mais en cache): audiences.jurisdiction_id[39m
[95m[Nest] 13524  - [39m30/07/2026 19:34:11 [95m  DEBUG[39m [38;5;3m[SchemaMetadataService] [39m[95m📝 Colonne: audiences.room → "Salle"[39m
[95m[Nest] 13524  - [39m30/07/2026 19:34:11 [95m  DEBUG[39m [38;5;3m[SchemaMetadataService] [39m[95m📝 Colonne: audiences.type → "Type d'audience"[39m
[95m[Nest] 13524  - [39m30/07/2026 19:34:11 [95m  DEBUG[39m [38;5;3m[SchemaMetadataService] [39m[95m📝 Colonne: audiences.status → "Statut"[39m
[95m[Nest] 13524  - [39m30/07/2026 19:34:11 [95m  DEBUG[39m [38;5;3m[SchemaMetadataService] [39m[95m📝 Colonne: audiences.notes → "Notes"[39m
[95m[Nest] 13524  - [39m30/07/2026 19:34:11 [95m  DEBUG[39m [38;5;3m[SchemaMetadataService] [39m[95m📝 Colonne: audiences.decision → "Décision"[39m
[95m[Nest] 13524  - [39m30/07/2026 19:34:11 [95m  DEBUG[39m [38;5;3m[SchemaMetadataService] [39m[95m📝 Colonne: audiences.postponed_to → "Reportée à"[39m
[95m[Nest] 13524  - [39m30/07/2026 19:34:11 [95m  DEBUG[39m [38;5;3m[SchemaMetadataService] [39m[95m📝 Colonne (par défaut): audiences.reminder_sent → "Reminder Sent"[39m
[95m[Nest] 13524  - [39m30/07/2026 19:34:11 [95m  DEBUG[39m [38;5;3m[SchemaMetadataService] [39m[95m📝 Colonne (par défaut): audiences.reminder_sent_at → "Reminder Sent At"[39m
[95m[Nest] 13524  - [39m30/07/2026 19:34:11 [95m  DEBUG[39m [38;5;3m[SchemaMetadataService] [39m[95m📝 Colonne: audiences.duration_minutes → "Durée"[39m
[95m[Nest] 13524  - [39m30/07/2026 19:34:11 [95m  DEBUG[39m [38;5;3m[SchemaMetadataService] [39m[95m📝 Colonne: audiences.judge_name → "Juge"[39m
[95m[Nest] 13524  - [39m30/07/2026 19:34:11 [95m  DEBUG[39m [38;5;3m[SchemaMetadataService] [39m[95m📝 Colonne (par défaut): audiences.audience_type_id → "Audience Type Id"[39m
[95m[Nest] 13524  - [39m30/07/2026 19:34:11 [95m  DEBUG[39m [38;5;3m[SchemaMetadataService] [39m[95m📝 Colonne: audiences.outcome → "Issue"[39m
[95m[Nest] 13524  - [39m30/07/2026 19:34:11 [95m  DEBUG[39m [38;5;3m[SchemaMetadataService] [39m[95m📝 Colonne (par défaut): audiences.sub_stage_id → "Sub Stage Id"[39m
[95m[Nest] 13524  - [39m30/07/2026 19:34:11 [95m  DEBUG[39m [38;5;3m[SchemaMetadataService] [39m[95m📝 Colonne (par défaut): audiences.sub_stage_visit_id → "Sub Stage Visit Id"[39m
[95m[Nest] 13524  - [39m30/07/2026 19:34:11 [95m  DEBUG[39m [38;5;3m[SchemaMetadataService] [39m[95m📝 Colonne (par défaut): audiences.stageVisit_id → "StageVisit Id"[39m
[95m[Nest] 13524  - [39m30/07/2026 19:34:11 [95m  DEBUG[39m [38;5;3m[SchemaMetadataService] [39m[95m📝 Colonne: audiences.decision_text → "Texte de la décision"[39m
[95m[Nest] 13524  - [39m30/07/2026 19:34:11 [95m  DEBUG[39m [38;5;3m[SchemaMetadataService] [39m[95m📝 Colonne: audiences.decision_date → "Date de la décision"[39m
[95m[Nest] 13524  - [39m30/07/2026 19:34:11 [95m  DEBUG[39m [38;5;3m[SchemaMetadataService] [39m[95m📝 Colonne: audiences.decision_outcome → "Issue de la décision"[39m
[95m[Nest] 13524  - [39m30/07/2026 19:34:11 [95m  DEBUG[39m [38;5;3m[SchemaMetadataService] [39m[95m📝 Colonne: audiences.decision_notes → "Notes décision"[39m
[95m[Nest] 13524  - [39m30/07/2026 19:34:11 [95m  DEBUG[39m [38;5;3m[SchemaMetadataService] [39m[95m📝 Colonne (par défaut): audiences.decision_record_status → "Decision Record Status"[39m
[95m[Nest] 13524  - [39m30/07/2026 19:34:11 [95m  DEBUG[39m [38;5;3m[SchemaMetadataService] [39m[95m📝 Colonne (par défaut): audiences.decision_record_version → "Decision Record Version"[39m
[95m[Nest] 13524  - [39m30/07/2026 19:34:11 [95m  DEBUG[39m [38;5;3m[SchemaMetadataService] [39m[95m📝 Colonne (par défaut): audiences.decision_record_hash → "Decision Record Hash"[39m
[95m[Nest] 13524  - [39m30/07/2026 19:34:11 [95m  DEBUG[39m [38;5;3m[SchemaMetadataService] [39m[95m📝 Colonne (par défaut): audiences.decision_sealed_at → "Decision Sealed At"[39m
[95m[Nest] 13524  - [39m30/07/2026 19:34:11 [95m  DEBUG[39m [38;5;3m[SchemaMetadataService] [39m[95m📝 Colonne (par défaut): audiences.procedure_instance_id → "Procedure Instance Id"[39m
[95m[Nest] 13524  - [39m30/07/2026 19:34:11 [95m  DEBUG[39m [38;5;3m[SchemaMetadataService] [39m[95m📝 Colonne: audiences.parent_audience_id → "Audience parente"[39m
[95m[Nest] 13524  - [39m30/07/2026 19:34:11 [95m  DEBUG[39m [38;5;3m[SchemaMetadataService] [39m[95m📝 Colonne: audiences.report_content → "Rapport d'audience"[39m
[95m[Nest] 13524  - [39m30/07/2026 19:34:11 [95m  DEBUG[39m [38;5;3m[SchemaMetadataService] [39m[95m📝 Colonne: audiences.report_date → "Date du rapport"[39m
[95m[Nest] 13524  - [39m30/07/2026 19:34:11 [95m  DEBUG[39m [38;5;3m[SchemaMetadataService] [39m[95m📝 Colonne: audiences.report_author_id → "Auteur du rapport"[39m
[95m[Nest] 13524  - [39m30/07/2026 19:34:11 [95m  DEBUG[39m [38;5;3m[SchemaMetadataService] [39m[95m📝 Colonne (par défaut): audiences.report_record_status → "Report Record Status"[39m
[95m[Nest] 13524  - [39m30/07/2026 19:34:11 [95m  DEBUG[39m [38;5;3m[SchemaMetadataService] [39m[95m📝 Colonne (par défaut): audiences.report_record_version → "Report Record Version"[39m
[95m[Nest] 13524  - [39m30/07/2026 19:34:11 [95m  DEBUG[39m [38;5;3m[SchemaMetadataService] [39m[95m📝 Colonne (par défaut): audiences.report_record_hash → "Report Record Hash"[39m
[95m[Nest] 13524  - [39m30/07/2026 19:34:11 [95m  DEBUG[39m [38;5;3m[SchemaMetadataService] [39m[95m📝 Colonne (par défaut): audiences.report_sealed_at → "Report Sealed At"[39m
[95m[Nest] 13524  - [39m30/07/2026 19:34:11 [95m  DEBUG[39m [38;5;3m[SchemaMetadataService] [39m[95m📝 Colonne (par défaut): audiences.stage_id → "Stage Id"[39m
[32m[Nest] 13524  - [39m30/07/2026 19:34:11 [32m    LOG[39m [38;5;3m[SchemaMetadataService] [39m[32m✅ audiences: 44 colonnes chargées (dont 3 ignorées)[39m
[95m[Nest] 13524  - [39m30/07/2026 19:34:11 [95m  DEBUG[39m [38;5;3m[SchemaMetadataService] [39m[95m📋 Table: type_customer → Types de client[39m
[95m[Nest] 13524  - [39m30/07/2026 19:34:11 [95m  DEBUG[39m [38;5;3m[SchemaMetadataService] [39m[95m📝 Colonne: type_customer.created_at → "Date de création"[39m
[95m[Nest] 13524  - [39m30/07/2026 19:34:11 [95m  DEBUG[39m [38;5;3m[SchemaMetadataService] [39m[95m📝 Colonne: type_customer.updated_at → "Date de modification"[39m
[95m[Nest] 13524  - [39m30/07/2026 19:34:11 [95m  DEBUG[39m [38;5;3m[SchemaMetadataService] [39m[95m⏭️ Colonne ignorée (mais en cache): type_customer.deleted_at[39m
[95m[Nest] 13524  - [39m30/07/2026 19:34:11 [95m  DEBUG[39m [38;5;3m[SchemaMetadataService] [39m[95m📝 Colonne (par défaut): type_customer.tenant_id → "Tenant Id"[39m
[95m[Nest] 13524  - [39m30/07/2026 19:34:11 [95m  DEBUG[39m [38;5;3m[SchemaMetadataService] [39m[95m⏭️ Colonne ignorée (mais en cache): type_customer.id[39m
[95m[Nest] 13524  - [39m30/07/2026 19:34:11 [95m  DEBUG[39m [38;5;3m[SchemaMetadataService] [39m[95m📝 Colonne: type_customer.name → "Nom"[39m
[95m[Nest] 13524  - [39m30/07/2026 19:34:11 [95m  DEBUG[39m [38;5;3m[SchemaMetadataService] [39m[95m📝 Colonne: type_customer.code → "Code"[39m
[95m[Nest] 13524  - [39m30/07/2026 19:34:11 [95m  DEBUG[39m [38;5;3m[SchemaMetadataService] [39m[95m📝 Colonne: type_customer.status → "Statut"[39m
[32m[Nest] 13524  - [39m30/07/2026 19:34:11 [32m    LOG[39m [38;5;3m[SchemaMetadataService] [39m[32m✅ type_customer: 8 colonnes chargées (dont 2 ignorées)[39m
[95m[Nest] 13524  - [39m30/07/2026 19:34:11 [95m  DEBUG[39m [38;5;3m[SchemaMetadataService] [39m[95m📋 Table: document_type → Types de documents[39m
[95m[Nest] 13524  - [39m30/07/2026 19:34:11 [95m  DEBUG[39m [38;5;3m[SchemaMetadataService] [39m[95m📝 Colonne: document_type.created_at → "Date de création"[39m
[95m[Nest] 13524  - [39m30/07/2026 19:34:11 [95m  DEBUG[39m [38;5;3m[SchemaMetadataService] [39m[95m📝 Colonne: document_type.updated_at → "Date de modification"[39m
[95m[Nest] 13524  - [39m30/07/2026 19:34:11 [95m  DEBUG[39m [38;5;3m[SchemaMetadataService] [39m[95m⏭️ Colonne ignorée (mais en cache): document_type.deleted_at[39m
[95m[Nest] 13524  - [39m30/07/2026 19:34:11 [95m  DEBUG[39m [38;5;3m[SchemaMetadataService] [39m[95m📝 Colonne (par défaut): document_type.tenant_id → "Tenant Id"[39m
[95m[Nest] 13524  - [39m30/07/2026 19:34:11 [95m  DEBUG[39m [38;5;3m[SchemaMetadataService] [39m[95m⏭️ Colonne ignorée (mais en cache): document_type.id[39m
[95m[Nest] 13524  - [39m30/07/2026 19:34:11 [95m  DEBUG[39m [38;5;3m[SchemaMetadataService] [39m[95m📝 Colonne: document_type.code → "Code"[39m
[95m[Nest] 13524  - [39m30/07/2026 19:34:11 [95m  DEBUG[39m [38;5;3m[SchemaMetadataService] [39m[95m📝 Colonne: document_type.name → "Nom"[39m
[95m[Nest] 13524  - [39m30/07/2026 19:34:11 [95m  DEBUG[39m [38;5;3m[SchemaMetadataService] [39m[95m📝 Colonne: document_type.description → "Description"[39m
[95m[Nest] 13524  - [39m30/07/2026 19:34:11 [95m  DEBUG[39m [38;5;3m[SchemaMetadataService] [39m[95m📝 Colonne: document_type.validity_duration → "Durée de validité"[39m
[95m[Nest] 13524  - [39m30/07/2026 19:34:11 [95m  DEBUG[39m [38;5;3m[SchemaMetadataService] [39m[95m📝 Colonne: document_type.mimetype → "Type MIME autorisé"[39m
[95m[Nest] 13524  - [39m30/07/2026 19:34:11 [95m  DEBUG[39m [38;5;3m[SchemaMetadataService] [39m[95m📝 Colonne: document_type.max_size → "Taille maximale"[39m
[95m[Nest] 13524  - [39m30/07/2026 19:34:11 [95m  DEBUG[39m [38;5;3m[SchemaMetadataService] [39m[95m📝 Colonne (par défaut): document_type.document_category_id → "Document Category Id"[39m
[95m[Nest] 13524  - [39m30/07/2026 19:34:11 [95m  DEBUG[39m [38;5;3m[SchemaMetadataService] [39m[95m📝 Colonne: document_type.is_required → "Obligatoire"[39m
[95m[Nest] 13524  - [39m30/07/2026 19:34:11 [95m  DEBUG[39m [38;5;3m[SchemaMetadataService] [39m[95m📝 Colonne: document_type.status → "Statut"[39m
[32m[Nest] 13524  - [39m30/07/2026 19:34:11 [32m    LOG[39m [38;5;3m[SchemaMetadataService] [39m[32m✅ document_type: 14 colonnes chargées (dont 2 ignorées)[39m
[95m[Nest] 13524  - [39m30/07/2026 19:34:11 [95m  DEBUG[39m [38;5;3m[SchemaMetadataService] [39m[95m📋 Table: document_categories → Catégories de documents[39m
[95m[Nest] 13524  - [39m30/07/2026 19:34:11 [95m  DEBUG[39m [38;5;3m[SchemaMetadataService] [39m[95m📝 Colonne: document_categories.created_at → "Date de création"[39m
[95m[Nest] 13524  - [39m30/07/2026 19:34:11 [95m  DEBUG[39m [38;5;3m[SchemaMetadataService] [39m[95m📝 Colonne: document_categories.updated_at → "Date de modification"[39m
[95m[Nest] 13524  - [39m30/07/2026 19:34:11 [95m  DEBUG[39m [38;5;3m[SchemaMetadataService] [39m[95m⏭️ Colonne ignorée (mais en cache): document_categories.deleted_at[39m
[95m[Nest] 13524  - [39m30/07/2026 19:34:11 [95m  DEBUG[39m [38;5;3m[SchemaMetadataService] [39m[95m📝 Colonne (par défaut): document_categories.tenant_id → "Tenant Id"[39m
[95m[Nest] 13524  - [39m30/07/2026 19:34:11 [95m  DEBUG[39m [38;5;3m[SchemaMetadataService] [39m[95m⏭️ Colonne ignorée (mais en cache): document_categories.id[39m
[95m[Nest] 13524  - [39m30/07/2026 19:34:11 [95m  DEBUG[39m [38;5;3m[SchemaMetadataService] [39m[95m📝 Colonne: document_categories.code → "Code"[39m
[95m[Nest] 13524  - [39m30/07/2026 19:34:11 [95m  DEBUG[39m [38;5;3m[SchemaMetadataService] [39m[95m📝 Colonne: document_categories.name → "Nom"[39m
[95m[Nest] 13524  - [39m30/07/2026 19:34:11 [95m  DEBUG[39m [38;5;3m[SchemaMetadataService] [39m[95m📝 Colonne: document_categories.description → "Description"[39m
[95m[Nest] 13524  - [39m30/07/2026 19:34:11 [95m  DEBUG[39m [38;5;3m[SchemaMetadataService] [39m[95m⏭️ Colonne ignorée (mais en cache): document_categories.icon[39m
[95m[Nest] 13524  - [39m30/07/2026 19:34:11 [95m  DEBUG[39m [38;5;3m[SchemaMetadataService] [39m[95m⏭️ Colonne ignorée (mais en cache): document_categories.color[39m
[95m[Nest] 13524  - [39m30/07/2026 19:34:11 [95m  DEBUG[39m [38;5;3m[SchemaMetadataService] [39m[95m⏭️ Colonne ignorée (mais en cache): document_categories.sort_order[39m
[95m[Nest] 13524  - [39m30/07/2026 19:34:11 [95m  DEBUG[39m [38;5;3m[SchemaMetadataService] [39m[95m📝 Colonne: document_categories.is_active → "Actif"[39m
[95m[Nest] 13524  - [39m30/07/2026 19:34:11 [95m  DEBUG[39m [38;5;3m[SchemaMetadataService] [39m[95m⏭️ Colonne ignorée (mais en cache): document_categories.is_system[39m
[95m[Nest] 13524  - [39m30/07/2026 19:34:11 [95m  DEBUG[39m [38;5;3m[SchemaMetadataService] [39m[95m⏭️ Colonne ignorée (mais en cache): document_categories.metadata[39m
[32m[Nest] 13524  - [39m30/07/2026 19:34:11 [32m    LOG[39m [38;5;3m[SchemaMetadataService] [39m[32m✅ document_categories: 14 colonnes chargées (dont 7 ignorées)[39m
[95m[Nest] 13524  - [39m30/07/2026 19:34:11 [95m  DEBUG[39m [38;5;3m[SchemaMetadataService] [39m[95m⏭️ Table sans décorateur BusinessTable (ignorée): document_versions[39m
[95m[Nest] 13524  - [39m30/07/2026 19:34:11 [95m  DEBUG[39m [38;5;3m[SchemaMetadataService] [39m[95m📋 Table: document_customer → Documents clients[39m
[95m[Nest] 13524  - [39m30/07/2026 19:34:11 [95m  DEBUG[39m [38;5;3m[SchemaMetadataService] [39m[95m📝 Colonne: document_customer.created_at → "Date de création"[39m
[95m[Nest] 13524  - [39m30/07/2026 19:34:11 [95m  DEBUG[39m [38;5;3m[SchemaMetadataService] [39m[95m📝 Colonne: document_customer.updated_at → "Date de modification"[39m
[95m[Nest] 13524  - [39m30/07/2026 19:34:11 [95m  DEBUG[39m [38;5;3m[SchemaMetadataService] [39m[95m⏭️ Colonne ignorée (mais en cache): document_customer.deleted_at[39m
[95m[Nest] 13524  - [39m30/07/2026 19:34:11 [95m  DEBUG[39m [38;5;3m[SchemaMetadataService] [39m[95m📝 Colonne (par défaut): document_customer.tenant_id → "Tenant Id"[39m
[95m[Nest] 13524  - [39m30/07/2026 19:34:11 [95m  DEBUG[39m [38;5;3m[SchemaMetadataService] [39m[95m⏭️ Colonne ignorée (mais en cache): document_customer.id[39m
[95m[Nest] 13524  - [39m30/07/2026 19:34:11 [95m  DEBUG[39m [38;5;3m[SchemaMetadataService] [39m[95m📝 Colonne: document_customer.name → "Nom du document"[39m
[95m[Nest] 13524  - [39m30/07/2026 19:34:11 [95m  DEBUG[39m [38;5;3m[SchemaMetadataService] [39m[95m⏭️ Colonne ignorée (mais en cache): document_customer.document_type_id[39m
[95m[Nest] 13524  - [39m30/07/2026 19:34:11 [95m  DEBUG[39m [38;5;3m[SchemaMetadataService] [39m[95m📝 Colonne: document_customer.customer_id → "Client"[39m
[95m[Nest] 13524  - [39m30/07/2026 19:34:11 [95m  DEBUG[39m [38;5;3m[SchemaMetadataService] [39m[95m📝 Colonne: document_customer.dossier_id → "Dossier"[39m
[95m[Nest] 13524  - [39m30/07/2026 19:34:11 [95m  DEBUG[39m [38;5;3m[SchemaMetadataService] [39m[95m⏭️ Colonne ignorée (mais en cache): document_customer.uploaded_by_id[39m
[95m[Nest] 13524  - [39m30/07/2026 19:34:11 [95m  DEBUG[39m [38;5;3m[SchemaMetadataService] [39m[95m📝 Colonne: document_customer.description → "Description"[39m
[95m[Nest] 13524  - [39m30/07/2026 19:34:11 [95m  DEBUG[39m [38;5;3m[SchemaMetadataService] [39m[95m📝 Colonne: document_customer.category_id → "Catégorie"[39m
[95m[Nest] 13524  - [39m30/07/2026 19:34:11 [95m  DEBUG[39m [38;5;3m[SchemaMetadataService] [39m[95m📝 Colonne: document_customer.status → "Statut"[39m
[95m[Nest] 13524  - [39m30/07/2026 19:34:11 [95m  DEBUG[39m [38;5;3m[SchemaMetadataService] [39m[95m⏭️ Colonne ignorée (mais en cache): document_customer.file_path[39m
[95m[Nest] 13524  - [39m30/07/2026 19:34:11 [95m  DEBUG[39m [38;5;3m[SchemaMetadataService] [39m[95m📝 Colonne: document_customer.file_url → "URL du fichier"[39m
[95m[Nest] 13524  - [39m30/07/2026 19:34:11 [95m  DEBUG[39m [38;5;3m[SchemaMetadataService] [39m[95m📝 Colonne: document_customer.file_size → "Taille"[39m
[95m[Nest] 13524  - [39m30/07/2026 19:34:11 [95m  DEBUG[39m [38;5;3m[SchemaMetadataService] [39m[95m⏭️ Colonne ignorée (mais en cache): document_customer.file_mimetype[39m
[95m[Nest] 13524  - [39m30/07/2026 19:34:11 [95m  DEBUG[39m [38;5;3m[SchemaMetadataService] [39m[95m📝 Colonne: document_customer.version → "Version"[39m
[95m[Nest] 13524  - [39m30/07/2026 19:34:11 [95m  DEBUG[39m [38;5;3m[SchemaMetadataService] [39m[95m📝 Colonne: document_customer.is_current_version → "Version courante"[39m
[95m[Nest] 13524  - [39m30/07/2026 19:34:11 [95m  DEBUG[39m [38;5;3m[SchemaMetadataService] [39m[95m📝 Colonne (par défaut): document_customer.current_version_id → "Current Version Id"[39m
[95m[Nest] 13524  - [39m30/07/2026 19:34:11 [95m  DEBUG[39m [38;5;3m[SchemaMetadataService] [39m[95m📝 Colonne: document_customer.uploaded_at → "Date d'upload"[39m
[95m[Nest] 13524  - [39m30/07/2026 19:34:11 [95m  DEBUG[39m [38;5;3m[SchemaMetadataService] [39m[95m📝 Colonne: document_customer.last_modified → "Dernière modification"[39m
[95m[Nest] 13524  - [39m30/07/2026 19:34:11 [95m  DEBUG[39m [38;5;3m[SchemaMetadataService] [39m[95m📝 Colonne: document_customer.date_validation → "Date de validation"[39m
[95m[Nest] 13524  - [39m30/07/2026 19:34:11 [95m  DEBUG[39m [38;5;3m[SchemaMetadataService] [39m[95m📝 Colonne: document_customer.date_ejected → "Date de rejet"[39m
[95m[Nest] 13524  - [39m30/07/2026 19:34:11 [95m  DEBUG[39m [38;5;3m[SchemaMetadataService] [39m[95m📝 Colonne: document_customer.date_expired → "Date d'expiration"[39m
[95m[Nest] 13524  - [39m30/07/2026 19:34:11 [95m  DEBUG[39m [38;5;3m[SchemaMetadataService] [39m[95m📝 Colonne: document_customer.required_for_hearing → "Requis pour audience"[39m
[95m[Nest] 13524  - [39m30/07/2026 19:34:11 [95m  DEBUG[39m [38;5;3m[SchemaMetadataService] [39m[95m📝 Colonne: document_customer.is_confidential → "Confidentiel"[39m
[95m[Nest] 13524  - [39m30/07/2026 19:34:11 [95m  DEBUG[39m [38;5;3m[SchemaMetadataService] [39m[95m⏭️ Colonne ignorée (mais en cache): document_customer.metadata[39m
[95m[Nest] 13524  - [39m30/07/2026 19:34:11 [95m  DEBUG[39m [38;5;3m[SchemaMetadataService] [39m[95m📝 Colonne (par défaut): document_customer.previous_version_id → "Previous Version Id"[39m
[32m[Nest] 13524  - [39m30/07/2026 19:34:11 [32m    LOG[39m [38;5;3m[SchemaMetadataService] [39m[32m✅ document_customer: 29 colonnes chargées (dont 7 ignorées)[39m
[95m[Nest] 13524  - [39m30/07/2026 19:34:11 [95m  DEBUG[39m [38;5;3m[SchemaMetadataService] [39m[95m📋 Table: country → Pays[39m
[95m[Nest] 13524  - [39m30/07/2026 19:34:11 [95m  DEBUG[39m [38;5;3m[SchemaMetadataService] [39m[95m⏭️ Colonne ignorée (mais en cache): country.id[39m
[95m[Nest] 13524  - [39m30/07/2026 19:34:11 [95m  DEBUG[39m [38;5;3m[SchemaMetadataService] [39m[95m📝 Colonne: country.name → "Nom du pays"[39m
[95m[Nest] 13524  - [39m30/07/2026 19:34:11 [95m  DEBUG[39m [38;5;3m[SchemaMetadataService] [39m[95m📝 Colonne: country.code → "Code pays"[39m
[95m[Nest] 13524  - [39m30/07/2026 19:34:11 [95m  DEBUG[39m [38;5;3m[SchemaMetadataService] [39m[95m📝 Colonne: country.population → "Population"[39m
[95m[Nest] 13524  - [39m30/07/2026 19:34:11 [95m  DEBUG[39m [38;5;3m[SchemaMetadataService] [39m[95m⏭️ Colonne ignorée (mais en cache): country.created_at[39m
[95m[Nest] 13524  - [39m30/07/2026 19:34:11 [95m  DEBUG[39m [38;5;3m[SchemaMetadataService] [39m[95m⏭️ Colonne ignorée (mais en cache): country.updated_at[39m
[32m[Nest] 13524  - [39m30/07/2026 19:34:11 [32m    LOG[39m [38;5;3m[SchemaMetadataService] [39m[32m✅ country: 6 colonnes chargées (dont 3 ignorées)[39m
[95m[Nest] 13524  - [39m30/07/2026 19:34:11 [95m  DEBUG[39m [38;5;3m[SchemaMetadataService] [39m[95m📋 Table: region → Régions[39m
[95m[Nest] 13524  - [39m30/07/2026 19:34:11 [95m  DEBUG[39m [38;5;3m[SchemaMetadataService] [39m[95m⏭️ Colonne ignorée (mais en cache): region.id[39m
[95m[Nest] 13524  - [39m30/07/2026 19:34:11 [95m  DEBUG[39m [38;5;3m[SchemaMetadataService] [39m[95m📝 Colonne: region.name → "Nom"[39m
[95m[Nest] 13524  - [39m30/07/2026 19:34:11 [95m  DEBUG[39m [38;5;3m[SchemaMetadataService] [39m[95m📝 Colonne: region.code → "Code"[39m
[95m[Nest] 13524  - [39m30/07/2026 19:34:11 [95m  DEBUG[39m [38;5;3m[SchemaMetadataService] [39m[95m⏭️ Colonne ignorée (mais en cache): region.country_id[39m
[95m[Nest] 13524  - [39m30/07/2026 19:34:11 [95m  DEBUG[39m [38;5;3m[SchemaMetadataService] [39m[95m📝 Colonne: region.population → "Population"[39m
[95m[Nest] 13524  - [39m30/07/2026 19:34:11 [95m  DEBUG[39m [38;5;3m[SchemaMetadataService] [39m[95m⏭️ Colonne ignorée (mais en cache): region.created_at[39m
[95m[Nest] 13524  - [39m30/07/2026 19:34:11 [95m  DEBUG[39m [38;5;3m[SchemaMetadataService] [39m[95m⏭️ Colonne ignorée (mais en cache): region.updated_at[39m
[32m[Nest] 13524  - [39m30/07/2026 19:34:11 [32m    LOG[39m [38;5;3m[SchemaMetadataService] [39m[32m✅ region: 7 colonnes chargées (dont 4 ignorées)[39m
[95m[Nest] 13524  - [39m30/07/2026 19:34:11 [95m  DEBUG[39m [38;5;3m[SchemaMetadataService] [39m[95m📋 Table: division → Divisions[39m
[95m[Nest] 13524  - [39m30/07/2026 19:34:11 [95m  DEBUG[39m [38;5;3m[SchemaMetadataService] [39m[95m⏭️ Colonne ignorée (mais en cache): division.id[39m
[95m[Nest] 13524  - [39m30/07/2026 19:34:11 [95m  DEBUG[39m [38;5;3m[SchemaMetadataService] [39m[95m📝 Colonne: division.name → "Nom"[39m
[95m[Nest] 13524  - [39m30/07/2026 19:34:11 [95m  DEBUG[39m [38;5;3m[SchemaMetadataService] [39m[95m📝 Colonne: division.code → "Code"[39m
[95m[Nest] 13524  - [39m30/07/2026 19:34:11 [95m  DEBUG[39m [38;5;3m[SchemaMetadataService] [39m[95m⏭️ Colonne ignorée (mais en cache): division.region_id[39m
[95m[Nest] 13524  - [39m30/07/2026 19:34:11 [95m  DEBUG[39m [38;5;3m[SchemaMetadataService] [39m[95m📝 Colonne: division.population → "Population"[39m
[95m[Nest] 13524  - [39m30/07/2026 19:34:11 [95m  DEBUG[39m [38;5;3m[SchemaMetadataService] [39m[95m⏭️ Colonne ignorée (mais en cache): division.created_at[39m
[95m[Nest] 13524  - [39m30/07/2026 19:34:11 [95m  DEBUG[39m [38;5;3m[SchemaMetadataService] [39m[95m⏭️ Colonne ignorée (mais en cache): division.updated_at[39m
[95m[Nest] 13524  - [39m30/07/2026 19:34:11 [95m  DEBUG[39m [38;5;3m[SchemaMetadataService] [39m[95m📝 Colonne: division.status → "Statut"[39m
[32m[Nest] 13524  - [39m30/07/2026 19:34:11 [32m    LOG[39m [38;5;3m[SchemaMetadataService] [39m[32m✅ division: 8 colonnes chargées (dont 4 ignorées)[39m
[95m[Nest] 13524  - [39m30/07/2026 19:34:11 [95m  DEBUG[39m [38;5;3m[SchemaMetadataService] [39m[95m📋 Table: districts → Districts / Arrondissements[39m
[95m[Nest] 13524  - [39m30/07/2026 19:34:11 [95m  DEBUG[39m [38;5;3m[SchemaMetadataService] [39m[95m⏭️ Colonne ignorée (mais en cache): districts.id[39m
[95m[Nest] 13524  - [39m30/07/2026 19:34:11 [95m  DEBUG[39m [38;5;3m[SchemaMetadataService] [39m[95m📝 Colonne: districts.name → "Nom"[39m
[95m[Nest] 13524  - [39m30/07/2026 19:34:11 [95m  DEBUG[39m [38;5;3m[SchemaMetadataService] [39m[95m📝 Colonne: districts.code → "Code"[39m
[95m[Nest] 13524  - [39m30/07/2026 19:34:11 [95m  DEBUG[39m [38;5;3m[SchemaMetadataService] [39m[95m⏭️ Colonne ignorée (mais en cache): districts.division_id[39m
[95m[Nest] 13524  - [39m30/07/2026 19:34:11 [95m  DEBUG[39m [38;5;3m[SchemaMetadataService] [39m[95m📝 Colonne: districts.population → "Population"[39m
[95m[Nest] 13524  - [39m30/07/2026 19:34:11 [95m  DEBUG[39m [38;5;3m[SchemaMetadataService] [39m[95m⏭️ Colonne ignorée (mais en cache): districts.created_at[39m
[95m[Nest] 13524  - [39m30/07/2026 19:34:11 [95m  DEBUG[39m [38;5;3m[SchemaMetadataService] [39m[95m⏭️ Colonne ignorée (mais en cache): districts.updated_at[39m
[32m[Nest] 13524  - [39m30/07/2026 19:34:11 [32m    LOG[39m [38;5;3m[SchemaMetadataService] [39m[32m✅ districts: 7 colonnes chargées (dont 4 ignorées)[39m
[95m[Nest] 13524  - [39m30/07/2026 19:34:11 [95m  DEBUG[39m [38;5;3m[SchemaMetadataService] [39m[95m📋 Table: location_city → Villes[39m
[95m[Nest] 13524  - [39m30/07/2026 19:34:11 [95m  DEBUG[39m [38;5;3m[SchemaMetadataService] [39m[95m⏭️ Colonne ignorée (mais en cache): location_city.id[39m
[95m[Nest] 13524  - [39m30/07/2026 19:34:11 [95m  DEBUG[39m [38;5;3m[SchemaMetadataService] [39m[95m📝 Colonne: location_city.name → "Nom"[39m
[95m[Nest] 13524  - [39m30/07/2026 19:34:11 [95m  DEBUG[39m [38;5;3m[SchemaMetadataService] [39m[95m📝 Colonne: location_city.code → "Code"[39m
[95m[Nest] 13524  - [39m30/07/2026 19:34:11 [95m  DEBUG[39m [38;5;3m[SchemaMetadataService] [39m[95m📝 Colonne: location_city.population → "Population"[39m
[95m[Nest] 13524  - [39m30/07/2026 19:34:11 [95m  DEBUG[39m [38;5;3m[SchemaMetadataService] [39m[95m⏭️ Colonne ignorée (mais en cache): location_city.districts_id[39m
[95m[Nest] 13524  - [39m30/07/2026 19:34:11 [95m  DEBUG[39m [38;5;3m[SchemaMetadataService] [39m[95m⏭️ Colonne ignorée (mais en cache): location_city.created_at[39m
[95m[Nest] 13524  - [39m30/07/2026 19:34:11 [95m  DEBUG[39m [38;5;3m[SchemaMetadataService] [39m[95m⏭️ Colonne ignorée (mais en cache): location_city.updated_at[39m
[32m[Nest] 13524  - [39m30/07/2026 19:34:11 [32m    LOG[39m [38;5;3m[SchemaMetadataService] [39m[32m✅ location_city: 7 colonnes chargées (dont 4 ignorées)[39m
[95m[Nest] 13524  - [39m30/07/2026 19:34:11 [95m  DEBUG[39m [38;5;3m[SchemaMetadataService] [39m[95m⏭️ Table sans décorateur BusinessTable (ignorée): customer_communication[39m
[95m[Nest] 13524  - [39m30/07/2026 19:34:11 [95m  DEBUG[39m [38;5;3m[SchemaMetadataService] [39m[95m📋 Table: customer → Clients[39m
[95m[Nest] 13524  - [39m30/07/2026 19:34:11 [95m  DEBUG[39m [38;5;3m[SchemaMetadataService] [39m[95m📝 Colonne: customer.created_at → "Date de création"[39m
[95m[Nest] 13524  - [39m30/07/2026 19:34:11 [95m  DEBUG[39m [38;5;3m[SchemaMetadataService] [39m[95m📝 Colonne: customer.updated_at → "Date de modification"[39m
[95m[Nest] 13524  - [39m30/07/2026 19:34:11 [95m  DEBUG[39m [38;5;3m[SchemaMetadataService] [39m[95m⏭️ Colonne ignorée (mais en cache): customer.deleted_at[39m
[95m[Nest] 13524  - [39m30/07/2026 19:34:11 [95m  DEBUG[39m [38;5;3m[SchemaMetadataService] [39m[95m📝 Colonne (par défaut): customer.tenant_id → "Tenant Id"[39m
[95m[Nest] 13524  - [39m30/07/2026 19:34:11 [95m  DEBUG[39m [38;5;3m[SchemaMetadataService] [39m[95m⏭️ Colonne ignorée (mais en cache): customer.id[39m
[95m[Nest] 13524  - [39m30/07/2026 19:34:11 [95m  DEBUG[39m [38;5;3m[SchemaMetadataService] [39m[95m📝 Colonne: customer.last_name → "Nom"[39m
[95m[Nest] 13524  - [39m30/07/2026 19:34:11 [95m  DEBUG[39m [38;5;3m[SchemaMetadataService] [39m[95m📝 Colonne: customer.first_name → "Prénom"[39m
[95m[Nest] 13524  - [39m30/07/2026 19:34:11 [95m  DEBUG[39m [38;5;3m[SchemaMetadataService] [39m[95m📝 Colonne: customer.company_name → "Nom de l'entreprise"[39m
[95m[Nest] 13524  - [39m30/07/2026 19:34:11 [95m  DEBUG[39m [38;5;3m[SchemaMetadataService] [39m[95m📝 Colonne: customer.address → "Adresse"[39m
[95m[Nest] 13524  - [39m30/07/2026 19:34:11 [95m  DEBUG[39m [38;5;3m[SchemaMetadataService] [39m[95m📝 Colonne: customer.postal_code → "Code postal"[39m
[95m[Nest] 13524  - [39m30/07/2026 19:34:11 [95m  DEBUG[39m [38;5;3m[SchemaMetadataService] [39m[95m📝 Colonne: customer.country → "Pays"[39m
[95m[Nest] 13524  - [39m30/07/2026 19:34:11 [95m  DEBUG[39m [38;5;3m[SchemaMetadataService] [39m[95m📝 Colonne: customer.billing_type → "Type de facturation"[39m
[95m[Nest] 13524  - [39m30/07/2026 19:34:11 [95m  DEBUG[39m [38;5;3m[SchemaMetadataService] [39m[95m📝 Colonne: customer.professional_phone → "Téléphone professionnel"[39m
[95m[Nest] 13524  - [39m30/07/2026 19:34:11 [95m  DEBUG[39m [38;5;3m[SchemaMetadataService] [39m[95m📝 Colonne: customer.fax → "Fax"[39m
[95m[Nest] 13524  - [39m30/07/2026 19:34:11 [95m  DEBUG[39m [38;5;3m[SchemaMetadataService] [39m[95m📝 Colonne: customer.siret → "Numéro SIRET"[39m
[95m[Nest] 13524  - [39m30/07/2026 19:34:11 [95m  DEBUG[39m [38;5;3m[SchemaMetadataService] [39m[95m📝 Colonne: customer.tva_number → "Numéro de TVA"[39m
[95m[Nest] 13524  - [39m30/07/2026 19:34:11 [95m  DEBUG[39m [38;5;3m[SchemaMetadataService] [39m[95m📝 Colonne: customer.legal_form → "Forme juridique"[39m
[95m[Nest] 13524  - [39m30/07/2026 19:34:11 [95m  DEBUG[39m [38;5;3m[SchemaMetadataService] [39m[95m📝 Colonne: customer.reference → "Source de référence"[39m
[95m[Nest] 13524  - [39m30/07/2026 19:34:11 [95m  DEBUG[39m [38;5;3m[SchemaMetadataService] [39m[95m📝 Colonne (par défaut): customer.public_key → "Public Key"[39m
[95m[Nest] 13524  - [39m30/07/2026 19:34:11 [95m  DEBUG[39m [38;5;3m[SchemaMetadataService] [39m[95m📝 Colonne (par défaut): customer.private_key → "Private Key"[39m
[95m[Nest] 13524  - [39m30/07/2026 19:34:11 [95m  DEBUG[39m [38;5;3m[SchemaMetadataService] [39m[95m📝 Colonne: customer.number_phone_1 → "Téléphone principal"[39m
[95m[Nest] 13524  - [39m30/07/2026 19:34:11 [95m  DEBUG[39m [38;5;3m[SchemaMetadataService] [39m[95m📝 Colonne: customer.number_phone_2 → "Téléphone secondaire"[39m
[95m[Nest] 13524  - [39m30/07/2026 19:34:11 [95m  DEBUG[39m [38;5;3m[SchemaMetadataService] [39m[95m📝 Colonne: customer.email → "Email"[39m
[95m[Nest] 13524  - [39m30/07/2026 19:34:11 [95m  DEBUG[39m [38;5;3m[SchemaMetadataService] [39m[95m📝 Colonne (par défaut): customer.cote → "Cote"[39m
[95m[Nest] 13524  - [39m30/07/2026 19:34:11 [95m  DEBUG[39m [38;5;3m[SchemaMetadataService] [39m[95m📝 Colonne: customer.customer_code → "Code client"[39m
[95m[Nest] 13524  - [39m30/07/2026 19:34:11 [95m  DEBUG[39m [38;5;3m[SchemaMetadataService] [39m[95m📝 Colonne (par défaut): customer.branch_id → "Branch Id"[39m
[95m[Nest] 13524  - [39m30/07/2026 19:34:11 [95m  DEBUG[39m [38;5;3m[SchemaMetadataService] [39m[95m📝 Colonne: customer.created_from → "Créé depuis"[39m
[95m[Nest] 13524  - [39m30/07/2026 19:34:11 [95m  DEBUG[39m [38;5;3m[SchemaMetadataService] [39m[95m📝 Colonne: customer.nui → "NUI"[39m
[95m[Nest] 13524  - [39m30/07/2026 19:34:11 [95m  DEBUG[39m [38;5;3m[SchemaMetadataService] [39m[95m📝 Colonne: customer.rccm → "RCCM"[39m
[95m[Nest] 13524  - [39m30/07/2026 19:34:11 [95m  DEBUG[39m [38;5;3m[SchemaMetadataService] [39m[95m📝 Colonne: customer.birthday → "Date de naissance"[39m
[95m[Nest] 13524  - [39m30/07/2026 19:34:11 [95m  DEBUG[39m [38;5;3m[SchemaMetadataService] [39m[95m📝 Colonne: customer.status → "Statut"[39m
[95m[Nest] 13524  - [39m30/07/2026 19:34:11 [95m  DEBUG[39m [38;5;3m[SchemaMetadataService] [39m[95m📝 Colonne: customer.type_customer_id → "Type de client"[39m
[95m[Nest] 13524  - [39m30/07/2026 19:34:11 [95m  DEBUG[39m [38;5;3m[SchemaMetadataService] [39m[95m📝 Colonne: customer.location_city_id → "Ville"[39m
[32m[Nest] 13524  - [39m30/07/2026 19:34:11 [32m    LOG[39m [38;5;3m[SchemaMetadataService] [39m[32m✅ customer: 33 colonnes chargées (dont 2 ignorées)[39m
[95m[Nest] 13524  - [39m30/07/2026 19:34:11 [95m  DEBUG[39m [38;5;3m[SchemaMetadataService] [39m[95m📋 Table: branch → Agences / Succursales[39m
[95m[Nest] 13524  - [39m30/07/2026 19:34:11 [95m  DEBUG[39m [38;5;3m[SchemaMetadataService] [39m[95m📝 Colonne: branch.created_at → "Date de création"[39m
[95m[Nest] 13524  - [39m30/07/2026 19:34:11 [95m  DEBUG[39m [38;5;3m[SchemaMetadataService] [39m[95m📝 Colonne: branch.updated_at → "Date de modification"[39m
[95m[Nest] 13524  - [39m30/07/2026 19:34:11 [95m  DEBUG[39m [38;5;3m[SchemaMetadataService] [39m[95m⏭️ Colonne ignorée (mais en cache): branch.deleted_at[39m
[95m[Nest] 13524  - [39m30/07/2026 19:34:11 [95m  DEBUG[39m [38;5;3m[SchemaMetadataService] [39m[95m📝 Colonne (par défaut): branch.tenant_id → "Tenant Id"[39m
[95m[Nest] 13524  - [39m30/07/2026 19:34:11 [95m  DEBUG[39m [38;5;3m[SchemaMetadataService] [39m[95m⏭️ Colonne ignorée (mais en cache): branch.id[39m
[95m[Nest] 13524  - [39m30/07/2026 19:34:11 [95m  DEBUG[39m [38;5;3m[SchemaMetadataService] [39m[95m📝 Colonne: branch.code → "Code agence"[39m
[95m[Nest] 13524  - [39m30/07/2026 19:34:11 [95m  DEBUG[39m [38;5;3m[SchemaMetadataService] [39m[95m📝 Colonne: branch.name → "Nom de l'agence"[39m
[95m[Nest] 13524  - [39m30/07/2026 19:34:11 [95m  DEBUG[39m [38;5;3m[SchemaMetadataService] [39m[95m⏭️ Colonne ignorée (mais en cache): branch.location_city_id[39m
[95m[Nest] 13524  - [39m30/07/2026 19:34:11 [95m  DEBUG[39m [38;5;3m[SchemaMetadataService] [39m[95m📝 Colonne: branch.creation_date → "Date de création"[39m
[95m[Nest] 13524  - [39m30/07/2026 19:34:11 [95m  DEBUG[39m [38;5;3m[SchemaMetadataService] [39m[95m📝 Colonne: branch.opening_hour → "Heure d'ouverture"[39m
[95m[Nest] 13524  - [39m30/07/2026 19:34:11 [95m  DEBUG[39m [38;5;3m[SchemaMetadataService] [39m[95m📝 Colonne: branch.closing_hour → "Heure de fermeture"[39m
[95m[Nest] 13524  - [39m30/07/2026 19:34:11 [95m  DEBUG[39m [38;5;3m[SchemaMetadataService] [39m[95m📝 Colonne: branch.status → "Statut"[39m
[32m[Nest] 13524  - [39m30/07/2026 19:34:11 [32m    LOG[39m [38;5;3m[SchemaMetadataService] [39m[32m✅ branch: 12 colonnes chargées (dont 3 ignorées)[39m
[95m[Nest] 13524  - [39m30/07/2026 19:34:11 [95m  DEBUG[39m [38;5;3m[SchemaMetadataService] [39m[95m⏭️ Table sans décorateur BusinessTable (ignorée): mails[39m
[95m[Nest] 13524  - [39m30/07/2026 19:34:11 [95m  DEBUG[39m [38;5;3m[SchemaMetadataService] [39m[95m⏭️ Table sans décorateur BusinessTable (ignorée): plans[39m
[95m[Nest] 13524  - [39m30/07/2026 19:34:11 [95m  DEBUG[39m [38;5;3m[SchemaMetadataService] [39m[95m⏭️ Table sans décorateur BusinessTable (ignorée): cabinets[39m
[95m[Nest] 13524  - [39m30/07/2026 19:34:11 [95m  DEBUG[39m [38;5;3m[SchemaMetadataService] [39m[95m⏭️ Table sans décorateur BusinessTable (ignorée): mail_templates[39m
[95m[Nest] 13524  - [39m30/07/2026 19:34:11 [95m  DEBUG[39m [38;5;3m[SchemaMetadataService] [39m[95m⏭️ Table sans décorateur BusinessTable (ignorée): audit_events[39m
[95m[Nest] 13524  - [39m30/07/2026 19:34:11 [95m  DEBUG[39m [38;5;3m[SchemaMetadataService] [39m[95m⏭️ Table sans décorateur BusinessTable (ignorée): user_notifications[39m
[95m[Nest] 13524  - [39m30/07/2026 19:34:11 [95m  DEBUG[39m [38;5;3m[SchemaMetadataService] [39m[95m⏭️ Table sans décorateur BusinessTable (ignorée): notifications[39m
[95m[Nest] 13524  - [39m30/07/2026 19:34:11 [95m  DEBUG[39m [38;5;3m[SchemaMetadataService] [39m[95m⏭️ Table sans décorateur BusinessTable (ignorée): outbox_events[39m
[95m[Nest] 13524  - [39m30/07/2026 19:34:11 [95m  DEBUG[39m [38;5;3m[SchemaMetadataService] [39m[95m⏭️ Table sans décorateur BusinessTable (ignorée): pdf_templates[39m
[95m[Nest] 13524  - [39m30/07/2026 19:34:11 [95m  DEBUG[39m [38;5;3m[SchemaMetadataService] [39m[95m⏭️ Table sans décorateur BusinessTable (ignorée): template_blocks[39m
[95m[Nest] 13524  - [39m30/07/2026 19:34:11 [95m  DEBUG[39m [38;5;3m[SchemaMetadataService] [39m[95m⏭️ Table sans décorateur BusinessTable (ignorée): activities_user[39m
[95m[Nest] 13524  - [39m30/07/2026 19:34:11 [95m  DEBUG[39m [38;5;3m[SchemaMetadataService] [39m[95m⏭️ Table sans décorateur BusinessTable (ignorée): user_settings[39m
[95m[Nest] 13524  - [39m30/07/2026 19:34:11 [95m  DEBUG[39m [38;5;3m[SchemaMetadataService] [39m[95m⏭️ Table sans décorateur BusinessTable (ignorée): legal_deadline_rules[39m
[95m[Nest] 13524  - [39m30/07/2026 19:34:11 [95m  DEBUG[39m [38;5;3m[SchemaMetadataService] [39m[95m⏭️ Table sans décorateur BusinessTable (ignorée): legal_deadlines[39m
[95m[Nest] 13524  - [39m30/07/2026 19:34:11 [95m  DEBUG[39m [38;5;3m[SchemaMetadataService] [39m[95m⏭️ Table sans décorateur BusinessTable (ignorée): conversation_messages[39m
[95m[Nest] 13524  - [39m30/07/2026 19:34:11 [95m  DEBUG[39m [38;5;3m[SchemaMetadataService] [39m[95m⏭️ Table sans décorateur BusinessTable (ignorée): conversations_bot[39m
[95m[Nest] 13524  - [39m30/07/2026 19:34:11 [95m  DEBUG[39m [38;5;3m[SchemaMetadataService] [39m[95m⏭️ Table sans décorateur BusinessTable (ignorée): ai_request_log[39m
[95m[Nest] 13524  - [39m30/07/2026 19:34:11 [95m  DEBUG[39m [38;5;3m[SchemaMetadataService] [39m[95m⏭️ Table sans décorateur BusinessTable (ignorée): auth_tokens[39m
[95m[Nest] 13524  - [39m30/07/2026 19:34:11 [95m  DEBUG[39m [38;5;3m[SchemaMetadataService] [39m[95m⏭️ Table sans décorateur BusinessTable (ignorée): otp_codes[39m
[95m[Nest] 13524  - [39m30/07/2026 19:34:11 [95m  DEBUG[39m [38;5;3m[SchemaMetadataService] [39m[95m⏭️ Table sans décorateur BusinessTable (ignorée): otp_online_link[39m
[95m[Nest] 13524  - [39m30/07/2026 19:34:11 [95m  DEBUG[39m [38;5;3m[SchemaMetadataService] [39m[95m⏭️ Table sans décorateur BusinessTable (ignorée): outbox_delivery_attempts[39m
[95m[Nest] 13524  - [39m30/07/2026 19:34:11 [95m  DEBUG[39m [38;5;3m[SchemaMetadataService] [39m[95m⏭️ Table sans décorateur BusinessTable (ignorée): subscriptions[39m
[95m[Nest] 13524  - [39m30/07/2026 19:34:11 [95m  DEBUG[39m [38;5;3m[SchemaMetadataService] [39m[95m⏭️ Table sans décorateur BusinessTable (ignorée): subscription_payments[39m
[95m[Nest] 13524  - [39m30/07/2026 19:34:11 [95m  DEBUG[39m [38;5;3m[SchemaMetadataService] [39m[95m📋 Table: referrer → Apporteurs d'affaires[39m
[95m[Nest] 13524  - [39m30/07/2026 19:34:11 [95m  DEBUG[39m [38;5;3m[SchemaMetadataService] [39m[95m📝 Colonne: referrer.created_at → "Date de création"[39m
[95m[Nest] 13524  - [39m30/07/2026 19:34:11 [95m  DEBUG[39m [38;5;3m[SchemaMetadataService] [39m[95m📝 Colonne: referrer.updated_at → "Date de modification"[39m
[95m[Nest] 13524  - [39m30/07/2026 19:34:11 [95m  DEBUG[39m [38;5;3m[SchemaMetadataService] [39m[95m⏭️ Colonne ignorée (mais en cache): referrer.deleted_at[39m
[95m[Nest] 13524  - [39m30/07/2026 19:34:11 [95m  DEBUG[39m [38;5;3m[SchemaMetadataService] [39m[95m📝 Colonne (par défaut): referrer.tenant_id → "Tenant Id"[39m
[95m[Nest] 13524  - [39m30/07/2026 19:34:11 [95m  DEBUG[39m [38;5;3m[SchemaMetadataService] [39m[95m⏭️ Colonne ignorée (mais en cache): referrer.id[39m
[95m[Nest] 13524  - [39m30/07/2026 19:34:11 [95m  DEBUG[39m [38;5;3m[SchemaMetadataService] [39m[95m📝 Colonne: referrer.referrer_code → "Code apporteur"[39m
[95m[Nest] 13524  - [39m30/07/2026 19:34:11 [95m  DEBUG[39m [38;5;3m[SchemaMetadataService] [39m[95m📝 Colonne: referrer.referrer_type → "Type d'apporteur"[39m
[95m[Nest] 13524  - [39m30/07/2026 19:34:11 [95m  DEBUG[39m [38;5;3m[SchemaMetadataService] [39m[95m📝 Colonne: referrer.is_internal → "Est interne"[39m
[95m[Nest] 13524  - [39m30/07/2026 19:34:11 [95m  DEBUG[39m [38;5;3m[SchemaMetadataService] [39m[95m⏭️ Colonne ignorée (mais en cache): referrer.employee_id[39m
[95m[Nest] 13524  - [39m30/07/2026 19:34:11 [95m  DEBUG[39m [38;5;3m[SchemaMetadataService] [39m[95m⏭️ Colonne ignorée (mais en cache): referrer.customer_id[39m
[95m[Nest] 13524  - [39m30/07/2026 19:34:11 [95m  DEBUG[39m [38;5;3m[SchemaMetadataService] [39m[95m📝 Colonne: referrer.company_name → "Raison sociale / Nom"[39m
[95m[Nest] 13524  - [39m30/07/2026 19:34:11 [95m  DEBUG[39m [38;5;3m[SchemaMetadataService] [39m[95m📝 Colonne: referrer.contact_name → "Nom du contact"[39m
[95m[Nest] 13524  - [39m30/07/2026 19:34:11 [95m  DEBUG[39m [38;5;3m[SchemaMetadataService] [39m[95m📝 Colonne: referrer.email → "Email"[39m
[95m[Nest] 13524  - [39m30/07/2026 19:34:11 [95m  DEBUG[39m [38;5;3m[SchemaMetadataService] [39m[95m📝 Colonne: referrer.phone → "Téléphone"[39m
[95m[Nest] 13524  - [39m30/07/2026 19:34:11 [95m  DEBUG[39m [38;5;3m[SchemaMetadataService] [39m[95m📝 Colonne: referrer.address → "Adresse"[39m
[95m[Nest] 13524  - [39m30/07/2026 19:34:11 [95m  DEBUG[39m [38;5;3m[SchemaMetadataService] [39m[95m📝 Colonne: referrer.default_commission_rate → "Taux de commission par défaut (%)"[39m
[95m[Nest] 13524  - [39m30/07/2026 19:34:11 [95m  DEBUG[39m [38;5;3m[SchemaMetadataService] [39m[95m📝 Colonne: referrer.payment_method → "Mode de paiement privilégié"[39m
[95m[Nest] 13524  - [39m30/07/2026 19:34:11 [95m  DEBUG[39m [38;5;3m[SchemaMetadataService] [39m[95m📝 Colonne: referrer.bank_name → "Banque"[39m
[95m[Nest] 13524  - [39m30/07/2026 19:34:11 [95m  DEBUG[39m [38;5;3m[SchemaMetadataService] [39m[95m📝 Colonne: referrer.bank_account_holder → "Titulaire du compte"[39m
[95m[Nest] 13524  - [39m30/07/2026 19:34:11 [95m  DEBUG[39m [38;5;3m[SchemaMetadataService] [39m[95m📝 Colonne: referrer.bank_iban → "IBAN"[39m
[95m[Nest] 13524  - [39m30/07/2026 19:34:11 [95m  DEBUG[39m [38;5;3m[SchemaMetadataService] [39m[95m📝 Colonne: referrer.status → "Actif"[39m
[95m[Nest] 13524  - [39m30/07/2026 19:34:11 [95m  DEBUG[39m [38;5;3m[SchemaMetadataService] [39m[95m📝 Colonne: referrer.notes → "Notes"[39m
[32m[Nest] 13524  - [39m30/07/2026 19:34:11 [32m    LOG[39m [38;5;3m[SchemaMetadataService] [39m[32m✅ referrer: 22 colonnes chargées (dont 4 ignorées)[39m
[95m[Nest] 13524  - [39m30/07/2026 19:34:11 [95m  DEBUG[39m [38;5;3m[SchemaMetadataService] [39m[95m📋 Table: referral_commission → Commissions d'apporteur[39m
[95m[Nest] 13524  - [39m30/07/2026 19:34:11 [95m  DEBUG[39m [38;5;3m[SchemaMetadataService] [39m[95m📝 Colonne: referral_commission.created_at → "Date de création"[39m
[95m[Nest] 13524  - [39m30/07/2026 19:34:11 [95m  DEBUG[39m [38;5;3m[SchemaMetadataService] [39m[95m📝 Colonne: referral_commission.updated_at → "Date de modification"[39m
[95m[Nest] 13524  - [39m30/07/2026 19:34:11 [95m  DEBUG[39m [38;5;3m[SchemaMetadataService] [39m[95m⏭️ Colonne ignorée (mais en cache): referral_commission.deleted_at[39m
[95m[Nest] 13524  - [39m30/07/2026 19:34:11 [95m  DEBUG[39m [38;5;3m[SchemaMetadataService] [39m[95m📝 Colonne (par défaut): referral_commission.tenant_id → "Tenant Id"[39m
[95m[Nest] 13524  - [39m30/07/2026 19:34:11 [95m  DEBUG[39m [38;5;3m[SchemaMetadataService] [39m[95m⏭️ Colonne ignorée (mais en cache): referral_commission.id[39m
[95m[Nest] 13524  - [39m30/07/2026 19:34:11 [95m  DEBUG[39m [38;5;3m[SchemaMetadataService] [39m[95m⏭️ Colonne ignorée (mais en cache): referral_commission.dossier_referral_id[39m
[95m[Nest] 13524  - [39m30/07/2026 19:34:11 [95m  DEBUG[39m [38;5;3m[SchemaMetadataService] [39m[95m📝 Colonne (par défaut): referral_commission.facture_id → "Facture Id"[39m
[95m[Nest] 13524  - [39m30/07/2026 19:34:11 [95m  DEBUG[39m [38;5;3m[SchemaMetadataService] [39m[95m📝 Colonne (par défaut): referral_commission.paiement_id → "Paiement Id"[39m
[95m[Nest] 13524  - [39m30/07/2026 19:34:11 [95m  DEBUG[39m [38;5;3m[SchemaMetadataService] [39m[95m📝 Colonne: referral_commission.amount → "Montant de la commission"[39m
[95m[Nest] 13524  - [39m30/07/2026 19:34:11 [95m  DEBUG[39m [38;5;3m[SchemaMetadataService] [39m[95m📝 Colonne: referral_commission.status → "Statut"[39m
[95m[Nest] 13524  - [39m30/07/2026 19:34:11 [95m  DEBUG[39m [38;5;3m[SchemaMetadataService] [39m[95m📝 Colonne: referral_commission.calculation_date → "Date de calcul"[39m
[95m[Nest] 13524  - [39m30/07/2026 19:34:11 [95m  DEBUG[39m [38;5;3m[SchemaMetadataService] [39m[95m📝 Colonne: referral_commission.payment_date → "Date de paiement"[39m
[95m[Nest] 13524  - [39m30/07/2026 19:34:11 [95m  DEBUG[39m [38;5;3m[SchemaMetadataService] [39m[95m📝 Colonne (par défaut): referral_commission.payment_method → "Payment Method"[39m
[95m[Nest] 13524  - [39m30/07/2026 19:34:11 [95m  DEBUG[39m [38;5;3m[SchemaMetadataService] [39m[95m📝 Colonne: referral_commission.payment_reference → "Référence du paiement"[39m
[95m[Nest] 13524  - [39m30/07/2026 19:34:11 [95m  DEBUG[39m [38;5;3m[SchemaMetadataService] [39m[95m📝 Colonne: referral_commission.notes → "Notes"[39m
[95m[Nest] 13524  - [39m30/07/2026 19:34:11 [95m  DEBUG[39m [38;5;3m[SchemaMetadataService] [39m[95m📝 Colonne (par défaut): referral_commission.calculated_by_id → "Calculated By Id"[39m
[95m[Nest] 13524  - [39m30/07/2026 19:34:11 [95m  DEBUG[39m [38;5;3m[SchemaMetadataService] [39m[95m📝 Colonne (par défaut): referral_commission.approved_by_id → "Approved By Id"[39m
[95m[Nest] 13524  - [39m30/07/2026 19:34:11 [95m  DEBUG[39m [38;5;3m[SchemaMetadataService] [39m[95m📝 Colonne (par défaut): referral_commission.approved_at → "Approved At"[39m
[95m[Nest] 13524  - [39m30/07/2026 19:34:11 [95m  DEBUG[39m [38;5;3m[SchemaMetadataService] [39m[95m📝 Colonne (par défaut): referral_commission.paid_by_id → "Paid By Id"[39m
[95m[Nest] 13524  - [39m30/07/2026 19:34:11 [95m  DEBUG[39m [38;5;3m[SchemaMetadataService] [39m[95m📝 Colonne (par défaut): referral_commission.cancelled_by_id → "Cancelled By Id"[39m
[95m[Nest] 13524  - [39m30/07/2026 19:34:11 [95m  DEBUG[39m [38;5;3m[SchemaMetadataService] [39m[95m📝 Colonne (par défaut): referral_commission.cancelled_at → "Cancelled At"[39m
[95m[Nest] 13524  - [39m30/07/2026 19:34:11 [95m  DEBUG[39m [38;5;3m[SchemaMetadataService] [39m[95m📝 Colonne (par défaut): referral_commission.cancellation_reason → "Cancellation Reason"[39m
[32m[Nest] 13524  - [39m30/07/2026 19:34:11 [32m    LOG[39m [38;5;3m[SchemaMetadataService] [39m[32m✅ referral_commission: 22 colonnes chargées (dont 3 ignorées)[39m
[95m[Nest] 13524  - [39m30/07/2026 19:34:11 [95m  DEBUG[39m [38;5;3m[SchemaMetadataService] [39m[95m📋 Table: dossier_referral → Apports de dossiers[39m
[95m[Nest] 13524  - [39m30/07/2026 19:34:11 [95m  DEBUG[39m [38;5;3m[SchemaMetadataService] [39m[95m📝 Colonne: dossier_referral.created_at → "Date de création"[39m
[95m[Nest] 13524  - [39m30/07/2026 19:34:11 [95m  DEBUG[39m [38;5;3m[SchemaMetadataService] [39m[95m📝 Colonne: dossier_referral.updated_at → "Date de modification"[39m
[95m[Nest] 13524  - [39m30/07/2026 19:34:11 [95m  DEBUG[39m [38;5;3m[SchemaMetadataService] [39m[95m⏭️ Colonne ignorée (mais en cache): dossier_referral.deleted_at[39m
[95m[Nest] 13524  - [39m30/07/2026 19:34:11 [95m  DEBUG[39m [38;5;3m[SchemaMetadataService] [39m[95m📝 Colonne (par défaut): dossier_referral.tenant_id → "Tenant Id"[39m
[95m[Nest] 13524  - [39m30/07/2026 19:34:11 [95m  DEBUG[39m [38;5;3m[SchemaMetadataService] [39m[95m⏭️ Colonne ignorée (mais en cache): dossier_referral.id[39m
[95m[Nest] 13524  - [39m30/07/2026 19:34:11 [95m  DEBUG[39m [38;5;3m[SchemaMetadataService] [39m[95m⏭️ Colonne ignorée (mais en cache): dossier_referral.dossier_id[39m
[95m[Nest] 13524  - [39m30/07/2026 19:34:11 [95m  DEBUG[39m [38;5;3m[SchemaMetadataService] [39m[95m⏭️ Colonne ignorée (mais en cache): dossier_referral.referrer_id[39m
[95m[Nest] 13524  - [39m30/07/2026 19:34:11 [95m  DEBUG[39m [38;5;3m[SchemaMetadataService] [39m[95m📝 Colonne: dossier_referral.commission_rate → "Taux de commission (%)"[39m
[95m[Nest] 13524  - [39m30/07/2026 19:34:11 [95m  DEBUG[39m [38;5;3m[SchemaMetadataService] [39m[95m📝 Colonne: dossier_referral.commission_mode → "Mode de commission"[39m
[95m[Nest] 13524  - [39m30/07/2026 19:34:11 [95m  DEBUG[39m [38;5;3m[SchemaMetadataService] [39m[95m📝 Colonne: dossier_referral.commission_amount → "Montant fixe de commission"[39m
[95m[Nest] 13524  - [39m30/07/2026 19:34:11 [95m  DEBUG[39m [38;5;3m[SchemaMetadataService] [39m[95m📝 Colonne: dossier_referral.commission_basis → "Base de calcul"[39m
[95m[Nest] 13524  - [39m30/07/2026 19:34:11 [95m  DEBUG[39m [38;5;3m[SchemaMetadataService] [39m[95m📝 Colonne: dossier_referral.referral_date → "Date d'apport"[39m
[95m[Nest] 13524  - [39m30/07/2026 19:34:11 [95m  DEBUG[39m [38;5;3m[SchemaMetadataService] [39m[95m📝 Colonne: dossier_referral.notes → "Conditions particulières"[39m
[32m[Nest] 13524  - [39m30/07/2026 19:34:11 [32m    LOG[39m [38;5;3m[SchemaMetadataService] [39m[32m✅ dossier_referral: 13 colonnes chargées (dont 4 ignorées)[39m
[95m[Nest] 13524  - [39m30/07/2026 19:34:11 [95m  DEBUG[39m [38;5;3m[SchemaMetadataService] [39m[95m📋 Table: payslip_line → Lignes de fiche de paie[39m
[95m[Nest] 13524  - [39m30/07/2026 19:34:11 [95m  DEBUG[39m [38;5;3m[SchemaMetadataService] [39m[95m📝 Colonne: payslip_line.created_at → "Date de création"[39m
[95m[Nest] 13524  - [39m30/07/2026 19:34:11 [95m  DEBUG[39m [38;5;3m[SchemaMetadataService] [39m[95m📝 Colonne: payslip_line.updated_at → "Date de modification"[39m
[95m[Nest] 13524  - [39m30/07/2026 19:34:11 [95m  DEBUG[39m [38;5;3m[SchemaMetadataService] [39m[95m⏭️ Colonne ignorée (mais en cache): payslip_line.deleted_at[39m
[95m[Nest] 13524  - [39m30/07/2026 19:34:11 [95m  DEBUG[39m [38;5;3m[SchemaMetadataService] [39m[95m📝 Colonne (par défaut): payslip_line.tenant_id → "Tenant Id"[39m
[95m[Nest] 13524  - [39m30/07/2026 19:34:11 [95m  DEBUG[39m [38;5;3m[SchemaMetadataService] [39m[95m⏭️ Colonne ignorée (mais en cache): payslip_line.id[39m
[95m[Nest] 13524  - [39m30/07/2026 19:34:11 [95m  DEBUG[39m [38;5;3m[SchemaMetadataService] [39m[95m⏭️ Colonne ignorée (mais en cache): payslip_line.payslip_id[39m
[95m[Nest] 13524  - [39m30/07/2026 19:34:11 [95m  DEBUG[39m [38;5;3m[SchemaMetadataService] [39m[95m📝 Colonne: payslip_line.line_type → "Type de ligne"[39m
[95m[Nest] 13524  - [39m30/07/2026 19:34:11 [95m  DEBUG[39m [38;5;3m[SchemaMetadataService] [39m[95m📝 Colonne: payslip_line.label → "Libellé"[39m
[95m[Nest] 13524  - [39m30/07/2026 19:34:11 [95m  DEBUG[39m [38;5;3m[SchemaMetadataService] [39m[95m📝 Colonne: payslip_line.amount → "Montant"[39m
[95m[Nest] 13524  - [39m30/07/2026 19:34:11 [95m  DEBUG[39m [38;5;3m[SchemaMetadataService] [39m[95m📝 Colonne: payslip_line.is_taxable → "Imposable"[39m
[95m[Nest] 13524  - [39m30/07/2026 19:34:11 [95m  DEBUG[39m [38;5;3m[SchemaMetadataService] [39m[95m⏭️ Colonne ignorée (mais en cache): payslip_line.dossier_id[39m
[95m[Nest] 13524  - [39m30/07/2026 19:34:11 [95m  DEBUG[39m [38;5;3m[SchemaMetadataService] [39m[95m📝 Colonne: payslip_line.notes → "Détail"[39m
[32m[Nest] 13524  - [39m30/07/2026 19:34:11 [32m    LOG[39m [38;5;3m[SchemaMetadataService] [39m[32m✅ payslip_line: 12 colonnes chargées (dont 4 ignorées)[39m
[95m[Nest] 13524  - [39m30/07/2026 19:34:11 [95m  DEBUG[39m [38;5;3m[SchemaMetadataService] [39m[95m📋 Table: payslip → Fiches de paie[39m
[95m[Nest] 13524  - [39m30/07/2026 19:34:11 [95m  DEBUG[39m [38;5;3m[SchemaMetadataService] [39m[95m📝 Colonne: payslip.created_at → "Date de création"[39m
[95m[Nest] 13524  - [39m30/07/2026 19:34:11 [95m  DEBUG[39m [38;5;3m[SchemaMetadataService] [39m[95m📝 Colonne: payslip.updated_at → "Date de modification"[39m
[95m[Nest] 13524  - [39m30/07/2026 19:34:11 [95m  DEBUG[39m [38;5;3m[SchemaMetadataService] [39m[95m⏭️ Colonne ignorée (mais en cache): payslip.deleted_at[39m
[95m[Nest] 13524  - [39m30/07/2026 19:34:11 [95m  DEBUG[39m [38;5;3m[SchemaMetadataService] [39m[95m📝 Colonne (par défaut): payslip.tenant_id → "Tenant Id"[39m
[95m[Nest] 13524  - [39m30/07/2026 19:34:11 [95m  DEBUG[39m [38;5;3m[SchemaMetadataService] [39m[95m⏭️ Colonne ignorée (mais en cache): payslip.id[39m
[95m[Nest] 13524  - [39m30/07/2026 19:34:11 [95m  DEBUG[39m [38;5;3m[SchemaMetadataService] [39m[95m⏭️ Colonne ignorée (mais en cache): payslip.employee_id[39m
[95m[Nest] 13524  - [39m30/07/2026 19:34:11 [95m  DEBUG[39m [38;5;3m[SchemaMetadataService] [39m[95m⏭️ Colonne ignorée (mais en cache): payslip.period_id[39m
[95m[Nest] 13524  - [39m30/07/2026 19:34:11 [95m  DEBUG[39m [38;5;3m[SchemaMetadataService] [39m[95m📝 Colonne: payslip.gross_amount → "Salaire brut"[39m
[95m[Nest] 13524  - [39m30/07/2026 19:34:11 [95m  DEBUG[39m [38;5;3m[SchemaMetadataService] [39m[95m📝 Colonne: payslip.net_amount → "Net à payer"[39m
[95m[Nest] 13524  - [39m30/07/2026 19:34:11 [95m  DEBUG[39m [38;5;3m[SchemaMetadataService] [39m[95m📝 Colonne: payslip.status → "Statut"[39m
[95m[Nest] 13524  - [39m30/07/2026 19:34:11 [95m  DEBUG[39m [38;5;3m[SchemaMetadataService] [39m[95m📝 Colonne: payslip.payment_date → "Date de paiement"[39m
[95m[Nest] 13524  - [39m30/07/2026 19:34:11 [95m  DEBUG[39m [38;5;3m[SchemaMetadataService] [39m[95m📝 Colonne (par défaut): payslip.payment_method → "Payment Method"[39m
[95m[Nest] 13524  - [39m30/07/2026 19:34:11 [95m  DEBUG[39m [38;5;3m[SchemaMetadataService] [39m[95m📝 Colonne (par défaut): payslip.payment_reference → "Payment Reference"[39m
[95m[Nest] 13524  - [39m30/07/2026 19:34:11 [95m  DEBUG[39m [38;5;3m[SchemaMetadataService] [39m[95m📝 Colonne (par défaut): payslip.prepared_by_id → "Prepared By Id"[39m
[95m[Nest] 13524  - [39m30/07/2026 19:34:11 [95m  DEBUG[39m [38;5;3m[SchemaMetadataService] [39m[95m📝 Colonne (par défaut): payslip.validated_by_id → "Validated By Id"[39m
[95m[Nest] 13524  - [39m30/07/2026 19:34:11 [95m  DEBUG[39m [38;5;3m[SchemaMetadataService] [39m[95m📝 Colonne (par défaut): payslip.validated_at → "Validated At"[39m
[95m[Nest] 13524  - [39m30/07/2026 19:34:11 [95m  DEBUG[39m [38;5;3m[SchemaMetadataService] [39m[95m📝 Colonne (par défaut): payslip.paid_by_id → "Paid By Id"[39m
[95m[Nest] 13524  - [39m30/07/2026 19:34:11 [95m  DEBUG[39m [38;5;3m[SchemaMetadataService] [39m[95m📝 Colonne: payslip.notes → "Notes internes"[39m
[95m[Nest] 13524  - [39m30/07/2026 19:34:11 [95m  DEBUG[39m [38;5;3m[SchemaMetadataService] [39m[95m📝 Colonne: payslip.total_employer_charges → "Charges patronales"[39m
[95m[Nest] 13524  - [39m30/07/2026 19:34:11 [95m  DEBUG[39m [38;5;3m[SchemaMetadataService] [39m[95m⏭️ Colonne ignorée (mais en cache): payslip.snapshot[39m
[95m[Nest] 13524  - [39m30/07/2026 19:34:11 [95m  DEBUG[39m [38;5;3m[SchemaMetadataService] [39m[95m📝 Colonne (par défaut): payslip.contribution_snapshot → "Contribution Snapshot"[39m
[32m[Nest] 13524  - [39m30/07/2026 19:34:11 [32m    LOG[39m [38;5;3m[SchemaMetadataService] [39m[32m✅ payslip: 21 colonnes chargées (dont 5 ignorées)[39m
[95m[Nest] 13524  - [39m30/07/2026 19:34:11 [95m  DEBUG[39m [38;5;3m[SchemaMetadataService] [39m[95m📋 Table: payroll_period → Périodes de paie[39m
[95m[Nest] 13524  - [39m30/07/2026 19:34:11 [95m  DEBUG[39m [38;5;3m[SchemaMetadataService] [39m[95m📝 Colonne: payroll_period.created_at → "Date de création"[39m
[95m[Nest] 13524  - [39m30/07/2026 19:34:11 [95m  DEBUG[39m [38;5;3m[SchemaMetadataService] [39m[95m📝 Colonne: payroll_period.updated_at → "Date de modification"[39m
[95m[Nest] 13524  - [39m30/07/2026 19:34:11 [95m  DEBUG[39m [38;5;3m[SchemaMetadataService] [39m[95m⏭️ Colonne ignorée (mais en cache): payroll_period.deleted_at[39m
[95m[Nest] 13524  - [39m30/07/2026 19:34:11 [95m  DEBUG[39m [38;5;3m[SchemaMetadataService] [39m[95m📝 Colonne (par défaut): payroll_period.tenant_id → "Tenant Id"[39m
[95m[Nest] 13524  - [39m30/07/2026 19:34:11 [95m  DEBUG[39m [38;5;3m[SchemaMetadataService] [39m[95m⏭️ Colonne ignorée (mais en cache): payroll_period.id[39m
[95m[Nest] 13524  - [39m30/07/2026 19:34:11 [95m  DEBUG[39m [38;5;3m[SchemaMetadataService] [39m[95m📝 Colonne: payroll_period.label → "Libellé"[39m
[95m[Nest] 13524  - [39m30/07/2026 19:34:11 [95m  DEBUG[39m [38;5;3m[SchemaMetadataService] [39m[95m📝 Colonne: payroll_period.start_date → "Date début"[39m
[95m[Nest] 13524  - [39m30/07/2026 19:34:11 [95m  DEBUG[39m [38;5;3m[SchemaMetadataService] [39m[95m📝 Colonne: payroll_period.end_date → "Date fin"[39m
[95m[Nest] 13524  - [39m30/07/2026 19:34:11 [95m  DEBUG[39m [38;5;3m[SchemaMetadataService] [39m[95m📝 Colonne: payroll_period.status → "Statut"[39m
[95m[Nest] 13524  - [39m30/07/2026 19:34:11 [95m  DEBUG[39m [38;5;3m[SchemaMetadataService] [39m[95m⏭️ Colonne ignorée (mais en cache): payroll_period.branch_id[39m
[95m[Nest] 13524  - [39m30/07/2026 19:34:11 [95m  DEBUG[39m [38;5;3m[SchemaMetadataService] [39m[95m📝 Colonne (par défaut): payroll_period.closed_at → "Closed At"[39m
[95m[Nest] 13524  - [39m30/07/2026 19:34:11 [95m  DEBUG[39m [38;5;3m[SchemaMetadataService] [39m[95m📝 Colonne (par défaut): payroll_period.closed_by_id → "Closed By Id"[39m
[95m[Nest] 13524  - [39m30/07/2026 19:34:11 [95m  DEBUG[39m [38;5;3m[SchemaMetadataService] [39m[95m📝 Colonne (par défaut): payroll_period.paid_at → "Paid At"[39m
[95m[Nest] 13524  - [39m30/07/2026 19:34:11 [95m  DEBUG[39m [38;5;3m[SchemaMetadataService] [39m[95m📝 Colonne (par défaut): payroll_period.paid_by_id → "Paid By Id"[39m
[32m[Nest] 13524  - [39m30/07/2026 19:34:11 [32m    LOG[39m [38;5;3m[SchemaMetadataService] [39m[32m✅ payroll_period: 14 colonnes chargées (dont 3 ignorées)[39m
[95m[Nest] 13524  - [39m30/07/2026 19:34:11 [95m  DEBUG[39m [38;5;3m[SchemaMetadataService] [39m[95m📋 Table: payroll_contribution → Barème de cotisations[39m
[95m[Nest] 13524  - [39m30/07/2026 19:34:11 [95m  DEBUG[39m [38;5;3m[SchemaMetadataService] [39m[95m📝 Colonne: payroll_contribution.created_at → "Date de création"[39m
[95m[Nest] 13524  - [39m30/07/2026 19:34:11 [95m  DEBUG[39m [38;5;3m[SchemaMetadataService] [39m[95m📝 Colonne: payroll_contribution.updated_at → "Date de modification"[39m
[95m[Nest] 13524  - [39m30/07/2026 19:34:11 [95m  DEBUG[39m [38;5;3m[SchemaMetadataService] [39m[95m⏭️ Colonne ignorée (mais en cache): payroll_contribution.deleted_at[39m
[95m[Nest] 13524  - [39m30/07/2026 19:34:11 [95m  DEBUG[39m [38;5;3m[SchemaMetadataService] [39m[95m📝 Colonne (par défaut): payroll_contribution.tenant_id → "Tenant Id"[39m
[95m[Nest] 13524  - [39m30/07/2026 19:34:11 [95m  DEBUG[39m [38;5;3m[SchemaMetadataService] [39m[95m⏭️ Colonne ignorée (mais en cache): payroll_contribution.id[39m
[95m[Nest] 13524  - [39m30/07/2026 19:34:11 [95m  DEBUG[39m [38;5;3m[SchemaMetadataService] [39m[95m📝 Colonne: payroll_contribution.code → "Code"[39m
[95m[Nest] 13524  - [39m30/07/2026 19:34:11 [95m  DEBUG[39m [38;5;3m[SchemaMetadataService] [39m[95m📝 Colonne (par défaut): payroll_contribution.version → "Version"[39m
[95m[Nest] 13524  - [39m30/07/2026 19:34:11 [95m  DEBUG[39m [38;5;3m[SchemaMetadataService] [39m[95m📝 Colonne: payroll_contribution.label → "Libellé"[39m
[95m[Nest] 13524  - [39m30/07/2026 19:34:11 [95m  DEBUG[39m [38;5;3m[SchemaMetadataService] [39m[95m📝 Colonne: payroll_contribution.rate → "Taux ou montant"[39m
[95m[Nest] 13524  - [39m30/07/2026 19:34:11 [95m  DEBUG[39m [38;5;3m[SchemaMetadataService] [39m[95m📝 Colonne: payroll_contribution.base_type → "Assiette"[39m
[95m[Nest] 13524  - [39m30/07/2026 19:34:11 [95m  DEBUG[39m [38;5;3m[SchemaMetadataService] [39m[95m📝 Colonne: payroll_contribution.payer → "Supporté par"[39m
[95m[Nest] 13524  - [39m30/07/2026 19:34:11 [95m  DEBUG[39m [38;5;3m[SchemaMetadataService] [39m[95m📝 Colonne: payroll_contribution.ceiling → "Plafond"[39m
[95m[Nest] 13524  - [39m30/07/2026 19:34:11 [95m  DEBUG[39m [38;5;3m[SchemaMetadataService] [39m[95m📝 Colonne: payroll_contribution.account_number → "Compte comptable"[39m
[95m[Nest] 13524  - [39m30/07/2026 19:34:11 [95m  DEBUG[39m [38;5;3m[SchemaMetadataService] [39m[95m📝 Colonne: payroll_contribution.is_active → "Actif"[39m
[95m[Nest] 13524  - [39m30/07/2026 19:34:11 [95m  DEBUG[39m [38;5;3m[SchemaMetadataService] [39m[95m📝 Colonne (par défaut): payroll_contribution.status → "Status"[39m
[95m[Nest] 13524  - [39m30/07/2026 19:34:11 [95m  DEBUG[39m [38;5;3m[SchemaMetadataService] [39m[95m📝 Colonne (par défaut): payroll_contribution.valid_from → "Valid From"[39m
[95m[Nest] 13524  - [39m30/07/2026 19:34:11 [95m  DEBUG[39m [38;5;3m[SchemaMetadataService] [39m[95m📝 Colonne (par défaut): payroll_contribution.valid_until → "Valid Until"[39m
[95m[Nest] 13524  - [39m30/07/2026 19:34:11 [95m  DEBUG[39m [38;5;3m[SchemaMetadataService] [39m[95m📝 Colonne (par défaut): payroll_contribution.published_at → "Published At"[39m
[95m[Nest] 13524  - [39m30/07/2026 19:34:11 [95m  DEBUG[39m [38;5;3m[SchemaMetadataService] [39m[95m📝 Colonne (par défaut): payroll_contribution.published_by_id → "Published By Id"[39m
[95m[Nest] 13524  - [39m30/07/2026 19:34:11 [95m  DEBUG[39m [38;5;3m[SchemaMetadataService] [39m[95m📝 Colonne (par défaut): payroll_contribution.retired_at → "Retired At"[39m
[95m[Nest] 13524  - [39m30/07/2026 19:34:11 [95m  DEBUG[39m [38;5;3m[SchemaMetadataService] [39m[95m📝 Colonne (par défaut): payroll_contribution.retired_by_id → "Retired By Id"[39m
[95m[Nest] 13524  - [39m30/07/2026 19:34:11 [95m  DEBUG[39m [38;5;3m[SchemaMetadataService] [39m[95m📝 Colonne (par défaut): payroll_contribution.retirement_reason → "Retirement Reason"[39m
[95m[Nest] 13524  - [39m30/07/2026 19:34:11 [95m  DEBUG[39m [38;5;3m[SchemaMetadataService] [39m[95m📝 Colonne: payroll_contribution.sort_order → "Ordre"[39m
[32m[Nest] 13524  - [39m30/07/2026 19:34:11 [32m    LOG[39m [38;5;3m[SchemaMetadataService] [39m[32m✅ payroll_contribution: 23 colonnes chargées (dont 2 ignorées)[39m
[95m[Nest] 13524  - [39m30/07/2026 19:34:11 [95m  DEBUG[39m [38;5;3m[SchemaMetadataService] [39m[95m📋 Table: salary_advance → Avances sur salaire[39m
[95m[Nest] 13524  - [39m30/07/2026 19:34:11 [95m  DEBUG[39m [38;5;3m[SchemaMetadataService] [39m[95m📝 Colonne: salary_advance.created_at → "Date de création"[39m
[95m[Nest] 13524  - [39m30/07/2026 19:34:11 [95m  DEBUG[39m [38;5;3m[SchemaMetadataService] [39m[95m📝 Colonne: salary_advance.updated_at → "Date de modification"[39m
[95m[Nest] 13524  - [39m30/07/2026 19:34:11 [95m  DEBUG[39m [38;5;3m[SchemaMetadataService] [39m[95m⏭️ Colonne ignorée (mais en cache): salary_advance.deleted_at[39m
[95m[Nest] 13524  - [39m30/07/2026 19:34:11 [95m  DEBUG[39m [38;5;3m[SchemaMetadataService] [39m[95m📝 Colonne (par défaut): salary_advance.tenant_id → "Tenant Id"[39m
[95m[Nest] 13524  - [39m30/07/2026 19:34:11 [95m  DEBUG[39m [38;5;3m[SchemaMetadataService] [39m[95m⏭️ Colonne ignorée (mais en cache): salary_advance.id[39m
[95m[Nest] 13524  - [39m30/07/2026 19:34:11 [95m  DEBUG[39m [38;5;3m[SchemaMetadataService] [39m[95m⏭️ Colonne ignorée (mais en cache): salary_advance.employee_id[39m
[95m[Nest] 13524  - [39m30/07/2026 19:34:11 [95m  DEBUG[39m [38;5;3m[SchemaMetadataService] [39m[95m📝 Colonne: salary_advance.amount → "Montant de l'avance"[39m
[95m[Nest] 13524  - [39m30/07/2026 19:34:11 [95m  DEBUG[39m [38;5;3m[SchemaMetadataService] [39m[95m📝 Colonne: salary_advance.recovered_amount → "Montant déjà récupéré"[39m
[95m[Nest] 13524  - [39m30/07/2026 19:34:11 [95m  DEBUG[39m [38;5;3m[SchemaMetadataService] [39m[95m📝 Colonne: salary_advance.date_granted → "Date d'octroi"[39m
[95m[Nest] 13524  - [39m30/07/2026 19:34:11 [95m  DEBUG[39m [38;5;3m[SchemaMetadataService] [39m[95m📝 Colonne: salary_advance.status → "Statut"[39m
[95m[Nest] 13524  - [39m30/07/2026 19:34:11 [95m  DEBUG[39m [38;5;3m[SchemaMetadataService] [39m[95m📝 Colonne: salary_advance.payment_date → "Date de versement"[39m
[95m[Nest] 13524  - [39m30/07/2026 19:34:11 [95m  DEBUG[39m [38;5;3m[SchemaMetadataService] [39m[95m📝 Colonne (par défaut): salary_advance.payment_method → "Payment Method"[39m
[95m[Nest] 13524  - [39m30/07/2026 19:34:11 [95m  DEBUG[39m [38;5;3m[SchemaMetadataService] [39m[95m📝 Colonne (par défaut): salary_advance.payment_reference → "Payment Reference"[39m
[95m[Nest] 13524  - [39m30/07/2026 19:34:11 [95m  DEBUG[39m [38;5;3m[SchemaMetadataService] [39m[95m📝 Colonne (par défaut): salary_advance.requested_by_id → "Requested By Id"[39m
[95m[Nest] 13524  - [39m30/07/2026 19:34:11 [95m  DEBUG[39m [38;5;3m[SchemaMetadataService] [39m[95m📝 Colonne (par défaut): salary_advance.approved_by_id → "Approved By Id"[39m
[95m[Nest] 13524  - [39m30/07/2026 19:34:11 [95m  DEBUG[39m [38;5;3m[SchemaMetadataService] [39m[95m📝 Colonne (par défaut): salary_advance.approved_at → "Approved At"[39m
[95m[Nest] 13524  - [39m30/07/2026 19:34:11 [95m  DEBUG[39m [38;5;3m[SchemaMetadataService] [39m[95m📝 Colonne (par défaut): salary_advance.paid_by_id → "Paid By Id"[39m
[95m[Nest] 13524  - [39m30/07/2026 19:34:11 [95m  DEBUG[39m [38;5;3m[SchemaMetadataService] [39m[95m📝 Colonne (par défaut): salary_advance.cancelled_by_id → "Cancelled By Id"[39m
[95m[Nest] 13524  - [39m30/07/2026 19:34:11 [95m  DEBUG[39m [38;5;3m[SchemaMetadataService] [39m[95m📝 Colonne (par défaut): salary_advance.cancelled_at → "Cancelled At"[39m
[95m[Nest] 13524  - [39m30/07/2026 19:34:11 [95m  DEBUG[39m [38;5;3m[SchemaMetadataService] [39m[95m📝 Colonne (par défaut): salary_advance.cancellation_reason → "Cancellation Reason"[39m
[95m[Nest] 13524  - [39m30/07/2026 19:34:11 [95m  DEBUG[39m [38;5;3m[SchemaMetadataService] [39m[95m📝 Colonne: salary_advance.reason → "Motif"[39m
[32m[Nest] 13524  - [39m30/07/2026 19:34:11 [32m    LOG[39m [38;5;3m[SchemaMetadataService] [39m[32m✅ salary_advance: 21 colonnes chargées (dont 3 ignorées)[39m
[95m[Nest] 13524  - [39m30/07/2026 19:34:11 [95m  DEBUG[39m [38;5;3m[SchemaMetadataService] [39m[95m📋 Table: supplier_invoice → Factures fournisseurs[39m
[95m[Nest] 13524  - [39m30/07/2026 19:34:11 [95m  DEBUG[39m [38;5;3m[SchemaMetadataService] [39m[95m📝 Colonne: supplier_invoice.created_at → "Date de création"[39m
[95m[Nest] 13524  - [39m30/07/2026 19:34:11 [95m  DEBUG[39m [38;5;3m[SchemaMetadataService] [39m[95m📝 Colonne: supplier_invoice.updated_at → "Date de modification"[39m
[95m[Nest] 13524  - [39m30/07/2026 19:34:11 [95m  DEBUG[39m [38;5;3m[SchemaMetadataService] [39m[95m⏭️ Colonne ignorée (mais en cache): supplier_invoice.deleted_at[39m
[95m[Nest] 13524  - [39m30/07/2026 19:34:11 [95m  DEBUG[39m [38;5;3m[SchemaMetadataService] [39m[95m📝 Colonne (par défaut): supplier_invoice.tenant_id → "Tenant Id"[39m
[95m[Nest] 13524  - [39m30/07/2026 19:34:11 [95m  DEBUG[39m [38;5;3m[SchemaMetadataService] [39m[95m⏭️ Colonne ignorée (mais en cache): supplier_invoice.id[39m
[95m[Nest] 13524  - [39m30/07/2026 19:34:11 [95m  DEBUG[39m [38;5;3m[SchemaMetadataService] [39m[95m⏭️ Colonne ignorée (mais en cache): supplier_invoice.supplier_id[39m
[95m[Nest] 13524  - [39m30/07/2026 19:34:11 [95m  DEBUG[39m [38;5;3m[SchemaMetadataService] [39m[95m📝 Colonne: supplier_invoice.invoice_number → "N° facture fournisseur"[39m
[95m[Nest] 13524  - [39m30/07/2026 19:34:11 [95m  DEBUG[39m [38;5;3m[SchemaMetadataService] [39m[95m📝 Colonne: supplier_invoice.description → "Objet"[39m
[95m[Nest] 13524  - [39m30/07/2026 19:34:11 [95m  DEBUG[39m [38;5;3m[SchemaMetadataService] [39m[95m📝 Colonne: supplier_invoice.invoice_date → "Date de facture"[39m
[95m[Nest] 13524  - [39m30/07/2026 19:34:11 [95m  DEBUG[39m [38;5;3m[SchemaMetadataService] [39m[95m📝 Colonne: supplier_invoice.due_date → "Date d'échéance"[39m
[95m[Nest] 13524  - [39m30/07/2026 19:34:11 [95m  DEBUG[39m [38;5;3m[SchemaMetadataService] [39m[95m📝 Colonne: supplier_invoice.amount_ht → "Montant HT"[39m
[95m[Nest] 13524  - [39m30/07/2026 19:34:11 [95m  DEBUG[39m [38;5;3m[SchemaMetadataService] [39m[95m📝 Colonne: supplier_invoice.tax_rate → "Taux TVA"[39m
[95m[Nest] 13524  - [39m30/07/2026 19:34:11 [95m  DEBUG[39m [38;5;3m[SchemaMetadataService] [39m[95m📝 Colonne: supplier_invoice.amount_tva → "Montant TVA"[39m
[95m[Nest] 13524  - [39m30/07/2026 19:34:11 [95m  DEBUG[39m [38;5;3m[SchemaMetadataService] [39m[95m📝 Colonne: supplier_invoice.amount_ttc → "Montant TTC"[39m
[95m[Nest] 13524  - [39m30/07/2026 19:34:11 [95m  DEBUG[39m [38;5;3m[SchemaMetadataService] [39m[95m📝 Colonne: supplier_invoice.status → "Statut"[39m
[95m[Nest] 13524  - [39m30/07/2026 19:34:11 [95m  DEBUG[39m [38;5;3m[SchemaMetadataService] [39m[95m📝 Colonne: supplier_invoice.payment_date → "Date de paiement"[39m
[95m[Nest] 13524  - [39m30/07/2026 19:34:11 [95m  DEBUG[39m [38;5;3m[SchemaMetadataService] [39m[95m📝 Colonne: supplier_invoice.payment_method → "Mode de paiement"[39m
[95m[Nest] 13524  - [39m30/07/2026 19:34:11 [95m  DEBUG[39m [38;5;3m[SchemaMetadataService] [39m[95m📝 Colonne (par défaut): supplier_invoice.payment_reference → "Payment Reference"[39m
[95m[Nest] 13524  - [39m30/07/2026 19:34:11 [95m  DEBUG[39m [38;5;3m[SchemaMetadataService] [39m[95m📝 Colonne (par défaut): supplier_invoice.approved_by_id → "Approved By Id"[39m
[95m[Nest] 13524  - [39m30/07/2026 19:34:11 [95m  DEBUG[39m [38;5;3m[SchemaMetadataService] [39m[95m📝 Colonne (par défaut): supplier_invoice.approved_at → "Approved At"[39m
[95m[Nest] 13524  - [39m30/07/2026 19:34:11 [95m  DEBUG[39m [38;5;3m[SchemaMetadataService] [39m[95m📝 Colonne (par défaut): supplier_invoice.paid_by_id → "Paid By Id"[39m
[95m[Nest] 13524  - [39m30/07/2026 19:34:11 [95m  DEBUG[39m [38;5;3m[SchemaMetadataService] [39m[95m📝 Colonne: supplier_invoice.attachment_url → "Pièce jointe"[39m
[95m[Nest] 13524  - [39m30/07/2026 19:34:11 [95m  DEBUG[39m [38;5;3m[SchemaMetadataService] [39m[95m📝 Colonne (par défaut): supplier_invoice.attachment_original_name → "Attachment Original Name"[39m
[95m[Nest] 13524  - [39m30/07/2026 19:34:11 [95m  DEBUG[39m [38;5;3m[SchemaMetadataService] [39m[95m📝 Colonne (par défaut): supplier_invoice.attachment_mime_type → "Attachment Mime Type"[39m
[95m[Nest] 13524  - [39m30/07/2026 19:34:11 [95m  DEBUG[39m [38;5;3m[SchemaMetadataService] [39m[95m📝 Colonne (par défaut): supplier_invoice.attachment_size → "Attachment Size"[39m
[95m[Nest] 13524  - [39m30/07/2026 19:34:11 [95m  DEBUG[39m [38;5;3m[SchemaMetadataService] [39m[95m📝 Colonne (par défaut): supplier_invoice.attachment_sha256 → "Attachment Sha256"[39m
[95m[Nest] 13524  - [39m30/07/2026 19:34:11 [95m  DEBUG[39m [38;5;3m[SchemaMetadataService] [39m[95m📝 Colonne: supplier_invoice.notes → "Notes"[39m
[95m[Nest] 13524  - [39m30/07/2026 19:34:11 [95m  DEBUG[39m [38;5;3m[SchemaMetadataService] [39m[95m⏭️ Colonne ignorée (mais en cache): supplier_invoice.branch_id[39m
[95m[Nest] 13524  - [39m30/07/2026 19:34:11 [95m  DEBUG[39m [38;5;3m[SchemaMetadataService] [39m[95m⏭️ Colonne ignorée (mais en cache): supplier_invoice.created_by_id[39m
[32m[Nest] 13524  - [39m30/07/2026 19:34:11 [32m    LOG[39m [38;5;3m[SchemaMetadataService] [39m[32m✅ supplier_invoice: 29 colonnes chargées (dont 5 ignorées)[39m
[95m[Nest] 13524  - [39m30/07/2026 19:34:11 [95m  DEBUG[39m [38;5;3m[SchemaMetadataService] [39m[95m📋 Table: supplier → Fournisseurs[39m
[95m[Nest] 13524  - [39m30/07/2026 19:34:11 [95m  DEBUG[39m [38;5;3m[SchemaMetadataService] [39m[95m📝 Colonne: supplier.created_at → "Date de création"[39m
[95m[Nest] 13524  - [39m30/07/2026 19:34:11 [95m  DEBUG[39m [38;5;3m[SchemaMetadataService] [39m[95m📝 Colonne: supplier.updated_at → "Date de modification"[39m
[95m[Nest] 13524  - [39m30/07/2026 19:34:11 [95m  DEBUG[39m [38;5;3m[SchemaMetadataService] [39m[95m⏭️ Colonne ignorée (mais en cache): supplier.deleted_at[39m
[95m[Nest] 13524  - [39m30/07/2026 19:34:11 [95m  DEBUG[39m [38;5;3m[SchemaMetadataService] [39m[95m📝 Colonne (par défaut): supplier.tenant_id → "Tenant Id"[39m
[95m[Nest] 13524  - [39m30/07/2026 19:34:11 [95m  DEBUG[39m [38;5;3m[SchemaMetadataService] [39m[95m⏭️ Colonne ignorée (mais en cache): supplier.id[39m
[95m[Nest] 13524  - [39m30/07/2026 19:34:11 [95m  DEBUG[39m [38;5;3m[SchemaMetadataService] [39m[95m📝 Colonne: supplier.supplier_code → "Code fournisseur"[39m
[95m[Nest] 13524  - [39m30/07/2026 19:34:11 [95m  DEBUG[39m [38;5;3m[SchemaMetadataService] [39m[95m📝 Colonne: supplier.company_name → "Raison sociale"[39m
[95m[Nest] 13524  - [39m30/07/2026 19:34:11 [95m  DEBUG[39m [38;5;3m[SchemaMetadataService] [39m[95m📝 Colonne: supplier.contact_name → "Nom du contact"[39m
[95m[Nest] 13524  - [39m30/07/2026 19:34:11 [95m  DEBUG[39m [38;5;3m[SchemaMetadataService] [39m[95m📝 Colonne: supplier.email → "Email"[39m
[95m[Nest] 13524  - [39m30/07/2026 19:34:11 [95m  DEBUG[39m [38;5;3m[SchemaMetadataService] [39m[95m📝 Colonne: supplier.phone → "Téléphone"[39m
[95m[Nest] 13524  - [39m30/07/2026 19:34:11 [95m  DEBUG[39m [38;5;3m[SchemaMetadataService] [39m[95m📝 Colonne: supplier.address → "Adresse"[39m
[95m[Nest] 13524  - [39m30/07/2026 19:34:11 [95m  DEBUG[39m [38;5;3m[SchemaMetadataService] [39m[95m📝 Colonne: supplier.tva_number → "N° TVA"[39m
[95m[Nest] 13524  - [39m30/07/2026 19:34:11 [95m  DEBUG[39m [38;5;3m[SchemaMetadataService] [39m[95m📝 Colonne: supplier.category → "Catégorie"[39m
[95m[Nest] 13524  - [39m30/07/2026 19:34:11 [95m  DEBUG[39m [38;5;3m[SchemaMetadataService] [39m[95m📝 Colonne: supplier.status → "Actif"[39m
[95m[Nest] 13524  - [39m30/07/2026 19:34:11 [95m  DEBUG[39m [38;5;3m[SchemaMetadataService] [39m[95m⏭️ Colonne ignorée (mais en cache): supplier.branch_id[39m
[32m[Nest] 13524  - [39m30/07/2026 19:34:11 [32m    LOG[39m [38;5;3m[SchemaMetadataService] [39m[32m✅ supplier: 15 colonnes chargées (dont 3 ignorées)[39m
[95m[Nest] 13524  - [39m30/07/2026 19:34:11 [95m  DEBUG[39m [38;5;3m[SchemaMetadataService] [39m[95m📋 Table: expense_line → Lignes de note de frais[39m
[95m[Nest] 13524  - [39m30/07/2026 19:34:11 [95m  DEBUG[39m [38;5;3m[SchemaMetadataService] [39m[95m📝 Colonne: expense_line.created_at → "Date de création"[39m
[95m[Nest] 13524  - [39m30/07/2026 19:34:11 [95m  DEBUG[39m [38;5;3m[SchemaMetadataService] [39m[95m📝 Colonne: expense_line.updated_at → "Date de modification"[39m
[95m[Nest] 13524  - [39m30/07/2026 19:34:11 [95m  DEBUG[39m [38;5;3m[SchemaMetadataService] [39m[95m⏭️ Colonne ignorée (mais en cache): expense_line.deleted_at[39m
[95m[Nest] 13524  - [39m30/07/2026 19:34:11 [95m  DEBUG[39m [38;5;3m[SchemaMetadataService] [39m[95m📝 Colonne (par défaut): expense_line.tenant_id → "Tenant Id"[39m
[95m[Nest] 13524  - [39m30/07/2026 19:34:11 [95m  DEBUG[39m [38;5;3m[SchemaMetadataService] [39m[95m⏭️ Colonne ignorée (mais en cache): expense_line.id[39m
[95m[Nest] 13524  - [39m30/07/2026 19:34:11 [95m  DEBUG[39m [38;5;3m[SchemaMetadataService] [39m[95m⏭️ Colonne ignorée (mais en cache): expense_line.expense_report_id[39m
[95m[Nest] 13524  - [39m30/07/2026 19:34:11 [95m  DEBUG[39m [38;5;3m[SchemaMetadataService] [39m[95m📝 Colonne: expense_line.expense_date → "Date de la dépense"[39m
[95m[Nest] 13524  - [39m30/07/2026 19:34:11 [95m  DEBUG[39m [38;5;3m[SchemaMetadataService] [39m[95m📝 Colonne: expense_line.description → "Description"[39m
[95m[Nest] 13524  - [39m30/07/2026 19:34:11 [95m  DEBUG[39m [38;5;3m[SchemaMetadataService] [39m[95m📝 Colonne: expense_line.category → "Catégorie"[39m
[95m[Nest] 13524  - [39m30/07/2026 19:34:11 [95m  DEBUG[39m [38;5;3m[SchemaMetadataService] [39m[95m📝 Colonne: expense_line.amount_ht → "Montant HT"[39m
[95m[Nest] 13524  - [39m30/07/2026 19:34:11 [95m  DEBUG[39m [38;5;3m[SchemaMetadataService] [39m[95m📝 Colonne: expense_line.tax_rate → "Taux TVA"[39m
[95m[Nest] 13524  - [39m30/07/2026 19:34:11 [95m  DEBUG[39m [38;5;3m[SchemaMetadataService] [39m[95m📝 Colonne: expense_line.amount_ttc → "Montant TTC"[39m
[95m[Nest] 13524  - [39m30/07/2026 19:34:11 [95m  DEBUG[39m [38;5;3m[SchemaMetadataService] [39m[95m📝 Colonne: expense_line.is_rebillable → "Refacturable au client"[39m
[95m[Nest] 13524  - [39m30/07/2026 19:34:11 [95m  DEBUG[39m [38;5;3m[SchemaMetadataService] [39m[95m⏭️ Colonne ignorée (mais en cache): expense_line.dossier_id[39m
[95m[Nest] 13524  - [39m30/07/2026 19:34:11 [95m  DEBUG[39m [38;5;3m[SchemaMetadataService] [39m[95m📝 Colonne: expense_line.attachment_url → "Justificatif"[39m
[95m[Nest] 13524  - [39m30/07/2026 19:34:11 [95m  DEBUG[39m [38;5;3m[SchemaMetadataService] [39m[95m📝 Colonne (par défaut): expense_line.attachment_original_name → "Attachment Original Name"[39m
[95m[Nest] 13524  - [39m30/07/2026 19:34:11 [95m  DEBUG[39m [38;5;3m[SchemaMetadataService] [39m[95m📝 Colonne (par défaut): expense_line.attachment_mime_type → "Attachment Mime Type"[39m
[95m[Nest] 13524  - [39m30/07/2026 19:34:11 [95m  DEBUG[39m [38;5;3m[SchemaMetadataService] [39m[95m📝 Colonne (par défaut): expense_line.attachment_size → "Attachment Size"[39m
[95m[Nest] 13524  - [39m30/07/2026 19:34:11 [95m  DEBUG[39m [38;5;3m[SchemaMetadataService] [39m[95m📝 Colonne (par défaut): expense_line.attachment_sha256 → "Attachment Sha256"[39m
[32m[Nest] 13524  - [39m30/07/2026 19:34:11 [32m    LOG[39m [38;5;3m[SchemaMetadataService] [39m[32m✅ expense_line: 19 colonnes chargées (dont 4 ignorées)[39m
[95m[Nest] 13524  - [39m30/07/2026 19:34:11 [95m  DEBUG[39m [38;5;3m[SchemaMetadataService] [39m[95m📋 Table: expense_report → Notes de frais[39m
[95m[Nest] 13524  - [39m30/07/2026 19:34:11 [95m  DEBUG[39m [38;5;3m[SchemaMetadataService] [39m[95m📝 Colonne: expense_report.created_at → "Date de création"[39m
[95m[Nest] 13524  - [39m30/07/2026 19:34:11 [95m  DEBUG[39m [38;5;3m[SchemaMetadataService] [39m[95m📝 Colonne: expense_report.updated_at → "Date de modification"[39m
[95m[Nest] 13524  - [39m30/07/2026 19:34:11 [95m  DEBUG[39m [38;5;3m[SchemaMetadataService] [39m[95m⏭️ Colonne ignorée (mais en cache): expense_report.deleted_at[39m
[95m[Nest] 13524  - [39m30/07/2026 19:34:11 [95m  DEBUG[39m [38;5;3m[SchemaMetadataService] [39m[95m📝 Colonne (par défaut): expense_report.tenant_id → "Tenant Id"[39m
[95m[Nest] 13524  - [39m30/07/2026 19:34:11 [95m  DEBUG[39m [38;5;3m[SchemaMetadataService] [39m[95m⏭️ Colonne ignorée (mais en cache): expense_report.id[39m
[95m[Nest] 13524  - [39m30/07/2026 19:34:11 [95m  DEBUG[39m [38;5;3m[SchemaMetadataService] [39m[95m⏭️ Colonne ignorée (mais en cache): expense_report.employee_id[39m
[95m[Nest] 13524  - [39m30/07/2026 19:34:11 [95m  DEBUG[39m [38;5;3m[SchemaMetadataService] [39m[95m📝 Colonne: expense_report.title → "Objet"[39m
[95m[Nest] 13524  - [39m30/07/2026 19:34:11 [95m  DEBUG[39m [38;5;3m[SchemaMetadataService] [39m[95m📝 Colonne: expense_report.status → "Statut"[39m
[95m[Nest] 13524  - [39m30/07/2026 19:34:11 [95m  DEBUG[39m [38;5;3m[SchemaMetadataService] [39m[95m📝 Colonne: expense_report.total_amount → "Montant total"[39m
[95m[Nest] 13524  - [39m30/07/2026 19:34:11 [95m  DEBUG[39m [38;5;3m[SchemaMetadataService] [39m[95m📝 Colonne: expense_report.submission_date → "Date de soumission"[39m
[95m[Nest] 13524  - [39m30/07/2026 19:34:11 [95m  DEBUG[39m [38;5;3m[SchemaMetadataService] [39m[95m⏭️ Colonne ignorée (mais en cache): expense_report.approved_by_id[39m
[95m[Nest] 13524  - [39m30/07/2026 19:34:11 [95m  DEBUG[39m [38;5;3m[SchemaMetadataService] [39m[95m📝 Colonne (par défaut): expense_report.approved_at → "Approved At"[39m
[95m[Nest] 13524  - [39m30/07/2026 19:34:11 [95m  DEBUG[39m [38;5;3m[SchemaMetadataService] [39m[95m📝 Colonne (par défaut): expense_report.rejected_at → "Rejected At"[39m
[95m[Nest] 13524  - [39m30/07/2026 19:34:11 [95m  DEBUG[39m [38;5;3m[SchemaMetadataService] [39m[95m📝 Colonne (par défaut): expense_report.rejection_reason → "Rejection Reason"[39m
[95m[Nest] 13524  - [39m30/07/2026 19:34:11 [95m  DEBUG[39m [38;5;3m[SchemaMetadataService] [39m[95m📝 Colonne: expense_report.reimbursement_date → "Date de remboursement"[39m
[95m[Nest] 13524  - [39m30/07/2026 19:34:11 [95m  DEBUG[39m [38;5;3m[SchemaMetadataService] [39m[95m📝 Colonne (par défaut): expense_report.reimbursement_method → "Reimbursement Method"[39m
[95m[Nest] 13524  - [39m30/07/2026 19:34:11 [95m  DEBUG[39m [38;5;3m[SchemaMetadataService] [39m[95m📝 Colonne (par défaut): expense_report.reimbursement_reference → "Reimbursement Reference"[39m
[95m[Nest] 13524  - [39m30/07/2026 19:34:11 [95m  DEBUG[39m [38;5;3m[SchemaMetadataService] [39m[95m📝 Colonne (par défaut): expense_report.reimbursed_by_id → "Reimbursed By Id"[39m
[95m[Nest] 13524  - [39m30/07/2026 19:34:11 [95m  DEBUG[39m [38;5;3m[SchemaMetadataService] [39m[95m📝 Colonne: expense_report.notes → "Commentaire"[39m
[32m[Nest] 13524  - [39m30/07/2026 19:34:11 [32m    LOG[39m [38;5;3m[SchemaMetadataService] [39m[32m✅ expense_report: 19 colonnes chargées (dont 4 ignorées)[39m
[95m[Nest] 13524  - [39m30/07/2026 19:34:11 [95m  DEBUG[39m [38;5;3m[SchemaMetadataService] [39m[95m📋 Table: journaux_comptables → Journaux comptables[39m
[95m[Nest] 13524  - [39m30/07/2026 19:34:11 [95m  DEBUG[39m [38;5;3m[SchemaMetadataService] [39m[95m📝 Colonne: journaux_comptables.created_at → "Date de création"[39m
[95m[Nest] 13524  - [39m30/07/2026 19:34:11 [95m  DEBUG[39m [38;5;3m[SchemaMetadataService] [39m[95m📝 Colonne: journaux_comptables.updated_at → "Date de modification"[39m
[95m[Nest] 13524  - [39m30/07/2026 19:34:11 [95m  DEBUG[39m [38;5;3m[SchemaMetadataService] [39m[95m⏭️ Colonne ignorée (mais en cache): journaux_comptables.deleted_at[39m
[95m[Nest] 13524  - [39m30/07/2026 19:34:11 [95m  DEBUG[39m [38;5;3m[SchemaMetadataService] [39m[95m📝 Colonne (par défaut): journaux_comptables.tenant_id → "Tenant Id"[39m
[95m[Nest] 13524  - [39m30/07/2026 19:34:11 [95m  DEBUG[39m [38;5;3m[SchemaMetadataService] [39m[95m⏭️ Colonne ignorée (mais en cache): journaux_comptables.id[39m
[95m[Nest] 13524  - [39m30/07/2026 19:34:11 [95m  DEBUG[39m [38;5;3m[SchemaMetadataService] [39m[95m📝 Colonne: journaux_comptables.code → "Code"[39m
[95m[Nest] 13524  - [39m30/07/2026 19:34:11 [95m  DEBUG[39m [38;5;3m[SchemaMetadataService] [39m[95m📝 Colonne: journaux_comptables.libelle → "Libellé"[39m
[95m[Nest] 13524  - [39m30/07/2026 19:34:11 [95m  DEBUG[39m [38;5;3m[SchemaMetadataService] [39m[95m📝 Colonne: journaux_comptables.typeJournal → "Type de journal"[39m
[95m[Nest] 13524  - [39m30/07/2026 19:34:11 [95m  DEBUG[39m [38;5;3m[SchemaMetadataService] [39m[95m📝 Colonne: journaux_comptables.actif → "Actif"[39m
[32m[Nest] 13524  - [39m30/07/2026 19:34:11 [32m    LOG[39m [38;5;3m[SchemaMetadataService] [39m[32m✅ journaux_comptables: 9 colonnes chargées (dont 2 ignorées)[39m
[95m[Nest] 13524  - [39m30/07/2026 19:34:11 [95m  DEBUG[39m [38;5;3m[SchemaMetadataService] [39m[95m📋 Table: exercices_comptables → Exercices comptables[39m
[95m[Nest] 13524  - [39m30/07/2026 19:34:11 [95m  DEBUG[39m [38;5;3m[SchemaMetadataService] [39m[95m📝 Colonne: exercices_comptables.created_at → "Date de création"[39m
[95m[Nest] 13524  - [39m30/07/2026 19:34:11 [95m  DEBUG[39m [38;5;3m[SchemaMetadataService] [39m[95m📝 Colonne: exercices_comptables.updated_at → "Date de modification"[39m
[95m[Nest] 13524  - [39m30/07/2026 19:34:11 [95m  DEBUG[39m [38;5;3m[SchemaMetadataService] [39m[95m⏭️ Colonne ignorée (mais en cache): exercices_comptables.deleted_at[39m
[95m[Nest] 13524  - [39m30/07/2026 19:34:11 [95m  DEBUG[39m [38;5;3m[SchemaMetadataService] [39m[95m📝 Colonne (par défaut): exercices_comptables.tenant_id → "Tenant Id"[39m
[95m[Nest] 13524  - [39m30/07/2026 19:34:11 [95m  DEBUG[39m [38;5;3m[SchemaMetadataService] [39m[95m⏭️ Colonne ignorée (mais en cache): exercices_comptables.id[39m
[95m[Nest] 13524  - [39m30/07/2026 19:34:11 [95m  DEBUG[39m [38;5;3m[SchemaMetadataService] [39m[95m📝 Colonne: exercices_comptables.annee → "Année"[39m
[95m[Nest] 13524  - [39m30/07/2026 19:34:11 [95m  DEBUG[39m [38;5;3m[SchemaMetadataService] [39m[95m📝 Colonne: exercices_comptables.date_debut → "Date de début"[39m
[95m[Nest] 13524  - [39m30/07/2026 19:34:11 [95m  DEBUG[39m [38;5;3m[SchemaMetadataService] [39m[95m📝 Colonne: exercices_comptables.date_fin → "Date de fin"[39m
[95m[Nest] 13524  - [39m30/07/2026 19:34:11 [95m  DEBUG[39m [38;5;3m[SchemaMetadataService] [39m[95m📝 Colonne: exercices_comptables.statut → "Statut"[39m
[95m[Nest] 13524  - [39m30/07/2026 19:34:11 [95m  DEBUG[39m [38;5;3m[SchemaMetadataService] [39m[95m📝 Colonne: exercices_comptables.date_cloture → "Date de clôture"[39m
[95m[Nest] 13524  - [39m30/07/2026 19:34:11 [95m  DEBUG[39m [38;5;3m[SchemaMetadataService] [39m[95m📝 Colonne (par défaut): exercices_comptables.closing_report → "Closing Report"[39m
[95m[Nest] 13524  - [39m30/07/2026 19:34:11 [95m  DEBUG[39m [38;5;3m[SchemaMetadataService] [39m[95m📝 Colonne (par défaut): exercices_comptables.reconciliation_reference → "Reconciliation Reference"[39m
[95m[Nest] 13524  - [39m30/07/2026 19:34:11 [95m  DEBUG[39m [38;5;3m[SchemaMetadataService] [39m[95m📝 Colonne (par défaut): exercices_comptables.closed_by → "Closed By"[39m
[32m[Nest] 13524  - [39m30/07/2026 19:34:11 [32m    LOG[39m [38;5;3m[SchemaMetadataService] [39m[32m✅ exercices_comptables: 13 colonnes chargées (dont 2 ignorées)[39m
[95m[Nest] 13524  - [39m30/07/2026 19:34:11 [95m  DEBUG[39m [38;5;3m[SchemaMetadataService] [39m[95m📋 Table: ecritures_comptables → Écritures comptables[39m
[95m[Nest] 13524  - [39m30/07/2026 19:34:11 [95m  DEBUG[39m [38;5;3m[SchemaMetadataService] [39m[95m📝 Colonne: ecritures_comptables.created_at → "Date de création"[39m
[95m[Nest] 13524  - [39m30/07/2026 19:34:11 [95m  DEBUG[39m [38;5;3m[SchemaMetadataService] [39m[95m📝 Colonne: ecritures_comptables.updated_at → "Date de modification"[39m
[95m[Nest] 13524  - [39m30/07/2026 19:34:11 [95m  DEBUG[39m [38;5;3m[SchemaMetadataService] [39m[95m⏭️ Colonne ignorée (mais en cache): ecritures_comptables.deleted_at[39m
[95m[Nest] 13524  - [39m30/07/2026 19:34:11 [95m  DEBUG[39m [38;5;3m[SchemaMetadataService] [39m[95m📝 Colonne (par défaut): ecritures_comptables.tenant_id → "Tenant Id"[39m
[95m[Nest] 13524  - [39m30/07/2026 19:34:11 [95m  DEBUG[39m [38;5;3m[SchemaMetadataService] [39m[95m⏭️ Colonne ignorée (mais en cache): ecritures_comptables.id[39m
[95m[Nest] 13524  - [39m30/07/2026 19:34:11 [95m  DEBUG[39m [38;5;3m[SchemaMetadataService] [39m[95m⏭️ Colonne ignorée (mais en cache): ecritures_comptables.numero[39m
[95m[Nest] 13524  - [39m30/07/2026 19:34:11 [95m  DEBUG[39m [38;5;3m[SchemaMetadataService] [39m[95m📝 Colonne: ecritures_comptables.date_ecriture → "Date de l'écriture"[39m
[95m[Nest] 13524  - [39m30/07/2026 19:34:11 [95m  DEBUG[39m [38;5;3m[SchemaMetadataService] [39m[95m📝 Colonne: ecritures_comptables.libelle → "Libellé"[39m
[95m[Nest] 13524  - [39m30/07/2026 19:34:11 [95m  DEBUG[39m [38;5;3m[SchemaMetadataService] [39m[95m📝 Colonne (par défaut): ecritures_comptables.journal_id → "Journal Id"[39m
[95m[Nest] 13524  - [39m30/07/2026 19:34:11 [95m  DEBUG[39m [38;5;3m[SchemaMetadataService] [39m[95m📝 Colonne (par défaut): ecritures_comptables.exercice_id → "Exercice Id"[39m
[95m[Nest] 13524  - [39m30/07/2026 19:34:11 [95m  DEBUG[39m [38;5;3m[SchemaMetadataService] [39m[95m📝 Colonne: ecritures_comptables.source_module → "Module source"[39m
[95m[Nest] 13524  - [39m30/07/2026 19:34:11 [95m  DEBUG[39m [38;5;3m[SchemaMetadataService] [39m[95m⏭️ Colonne ignorée (mais en cache): ecritures_comptables.source_id[39m
[95m[Nest] 13524  - [39m30/07/2026 19:34:11 [95m  DEBUG[39m [38;5;3m[SchemaMetadataService] [39m[95m📝 Colonne: ecritures_comptables.is_auto_generated → "Générée automatiquement"[39m
[95m[Nest] 13524  - [39m30/07/2026 19:34:11 [95m  DEBUG[39m [38;5;3m[SchemaMetadataService] [39m[95m📝 Colonne: ecritures_comptables.is_locked → "Verrouillée"[39m
[95m[Nest] 13524  - [39m30/07/2026 19:34:11 [95m  DEBUG[39m [38;5;3m[SchemaMetadataService] [39m[95m📝 Colonne (par défaut): ecritures_comptables.status → "Status"[39m
[95m[Nest] 13524  - [39m30/07/2026 19:34:11 [95m  DEBUG[39m [38;5;3m[SchemaMetadataService] [39m[95m📝 Colonne (par défaut): ecritures_comptables.posted_at → "Posted At"[39m
[95m[Nest] 13524  - [39m30/07/2026 19:34:11 [95m  DEBUG[39m [38;5;3m[SchemaMetadataService] [39m[95m📝 Colonne (par défaut): ecritures_comptables.reversed_at → "Reversed At"[39m
[95m[Nest] 13524  - [39m30/07/2026 19:34:11 [95m  DEBUG[39m [38;5;3m[SchemaMetadataService] [39m[95m📝 Colonne (par défaut): ecritures_comptables.reversal_of_id → "Reversal Of Id"[39m
[95m[Nest] 13524  - [39m30/07/2026 19:34:11 [95m  DEBUG[39m [38;5;3m[SchemaMetadataService] [39m[95m📝 Colonne (par défaut): ecritures_comptables.reversal_reason → "Reversal Reason"[39m
[95m[Nest] 13524  - [39m30/07/2026 19:34:11 [95m  DEBUG[39m [38;5;3m[SchemaMetadataService] [39m[95m📝 Colonne (par défaut): ecritures_comptables.idempotency_key → "Idempotency Key"[39m
[32m[Nest] 13524  - [39m30/07/2026 19:34:11 [32m    LOG[39m [38;5;3m[SchemaMetadataService] [39m[32m✅ ecritures_comptables: 20 colonnes chargées (dont 4 ignorées)[39m
[95m[Nest] 13524  - [39m30/07/2026 19:34:11 [95m  DEBUG[39m [38;5;3m[SchemaMetadataService] [39m[95m📋 Table: lignes_ecriture_comptable → Lignes d'écriture[39m
[95m[Nest] 13524  - [39m30/07/2026 19:34:11 [95m  DEBUG[39m [38;5;3m[SchemaMetadataService] [39m[95m⏭️ Colonne ignorée (mais en cache): lignes_ecriture_comptable.id[39m
[95m[Nest] 13524  - [39m30/07/2026 19:34:11 [95m  DEBUG[39m [38;5;3m[SchemaMetadataService] [39m[95m📝 Colonne (par défaut): lignes_ecriture_comptable.ecriture_id → "Ecriture Id"[39m
[95m[Nest] 13524  - [39m30/07/2026 19:34:11 [95m  DEBUG[39m [38;5;3m[SchemaMetadataService] [39m[95m📝 Colonne (par défaut): lignes_ecriture_comptable.compte_id → "Compte Id"[39m
[95m[Nest] 13524  - [39m30/07/2026 19:34:11 [95m  DEBUG[39m [38;5;3m[SchemaMetadataService] [39m[95m📝 Colonne: lignes_ecriture_comptable.debit → "Débit"[39m
[95m[Nest] 13524  - [39m30/07/2026 19:34:11 [95m  DEBUG[39m [38;5;3m[SchemaMetadataService] [39m[95m📝 Colonne: lignes_ecriture_comptable.credit → "Crédit"[39m
[95m[Nest] 13524  - [39m30/07/2026 19:34:11 [95m  DEBUG[39m [38;5;3m[SchemaMetadataService] [39m[95m📝 Colonne: lignes_ecriture_comptable.libelle → "Libellé"[39m
[32m[Nest] 13524  - [39m30/07/2026 19:34:11 [32m    LOG[39m [38;5;3m[SchemaMetadataService] [39m[32m✅ lignes_ecriture_comptable: 6 colonnes chargées (dont 1 ignorées)[39m
[95m[Nest] 13524  - [39m30/07/2026 19:34:11 [95m  DEBUG[39m [38;5;3m[SchemaMetadataService] [39m[95m📋 Table: comptes_comptables → Comptes comptables[39m
[95m[Nest] 13524  - [39m30/07/2026 19:34:11 [95m  DEBUG[39m [38;5;3m[SchemaMetadataService] [39m[95m📝 Colonne: comptes_comptables.created_at → "Date de création"[39m
[95m[Nest] 13524  - [39m30/07/2026 19:34:11 [95m  DEBUG[39m [38;5;3m[SchemaMetadataService] [39m[95m📝 Colonne: comptes_comptables.updated_at → "Date de modification"[39m
[95m[Nest] 13524  - [39m30/07/2026 19:34:11 [95m  DEBUG[39m [38;5;3m[SchemaMetadataService] [39m[95m⏭️ Colonne ignorée (mais en cache): comptes_comptables.deleted_at[39m
[95m[Nest] 13524  - [39m30/07/2026 19:34:11 [95m  DEBUG[39m [38;5;3m[SchemaMetadataService] [39m[95m📝 Colonne (par défaut): comptes_comptables.tenant_id → "Tenant Id"[39m
[95m[Nest] 13524  - [39m30/07/2026 19:34:11 [95m  DEBUG[39m [38;5;3m[SchemaMetadataService] [39m[95m⏭️ Colonne ignorée (mais en cache): comptes_comptables.id[39m
[95m[Nest] 13524  - [39m30/07/2026 19:34:11 [95m  DEBUG[39m [38;5;3m[SchemaMetadataService] [39m[95m📝 Colonne: comptes_comptables.numero → "Numéro de compte"[39m
[95m[Nest] 13524  - [39m30/07/2026 19:34:11 [95m  DEBUG[39m [38;5;3m[SchemaMetadataService] [39m[95m📝 Colonne: comptes_comptables.libelle → "Libellé"[39m
[95m[Nest] 13524  - [39m30/07/2026 19:34:11 [95m  DEBUG[39m [38;5;3m[SchemaMetadataService] [39m[95m📝 Colonne: comptes_comptables.typeCompte → "Type de compte"[39m
[95m[Nest] 13524  - [39m30/07/2026 19:34:11 [95m  DEBUG[39m [38;5;3m[SchemaMetadataService] [39m[95m📝 Colonne: comptes_comptables.classe → "Classe"[39m
[95m[Nest] 13524  - [39m30/07/2026 19:34:11 [95m  DEBUG[39m [38;5;3m[SchemaMetadataService] [39m[95m📝 Colonne: comptes_comptables.actif → "Actif"[39m
[95m[Nest] 13524  - [39m30/07/2026 19:34:11 [95m  DEBUG[39m [38;5;3m[SchemaMetadataService] [39m[95m📝 Colonne: comptes_comptables.description → "Description"[39m
[32m[Nest] 13524  - [39m30/07/2026 19:34:11 [32m    LOG[39m [38;5;3m[SchemaMetadataService] [39m[32m✅ comptes_comptables: 11 colonnes chargées (dont 2 ignorées)[39m
[95m[Nest] 13524  - [39m30/07/2026 19:34:11 [95m  DEBUG[39m [38;5;3m[SchemaMetadataService] [39m[95m⏭️ Table sans décorateur BusinessTable (ignorée): partner[39m
[95m[Nest] 13524  - [39m30/07/2026 19:34:11 [95m  DEBUG[39m [38;5;3m[SchemaMetadataService] [39m[95m⏭️ Table sans décorateur BusinessTable (ignorée): type_customer_document_type[39m
[95m[Nest] 13524  - [39m30/07/2026 19:34:11 [95m  DEBUG[39m [38;5;3m[SchemaMetadataService] [39m[95m⏭️ Table sans décorateur BusinessTable (ignorée): ressource_type[39m
[95m[Nest] 13524  - [39m30/07/2026 19:34:11 [95m  DEBUG[39m [38;5;3m[SchemaMetadataService] [39m[95m⏭️ Table sans décorateur BusinessTable (ignorée): ressource[39m
[33m[Nest] 13524  - [39m30/07/2026 19:34:11 [33m   WARN[39m [38;5;3m[SchemaMetadataService] [39m[33mImpossible de lire métadonnées de table pour sub_stage_visit_documents: [39m
[33m[Nest] 13524  - [39m30/07/2026 19:34:11 [33m   WARN[39m [38;5;3m[SchemaMetadataService] [39m[33mImpossible de lire métadonnées de table pour stage_visit_documents: [39m
[33m[Nest] 13524  - [39m30/07/2026 19:34:11 [33m   WARN[39m [38;5;3m[SchemaMetadataService] [39m[33mImpossible de lire métadonnées de table pour sub_stage_documents: [39m
[33m[Nest] 13524  - [39m30/07/2026 19:34:11 [33m   WARN[39m [38;5;3m[SchemaMetadataService] [39m[33mImpossible de lire métadonnées de table pour procedure_instance_documents: [39m
[33m[Nest] 13524  - [39m30/07/2026 19:34:11 [33m   WARN[39m [38;5;3m[SchemaMetadataService] [39m[33mImpossible de lire métadonnées de table pour diligence_documents: [39m
[33m[Nest] 13524  - [39m30/07/2026 19:34:11 [33m   WARN[39m [38;5;3m[SchemaMetadataService] [39m[33mImpossible de lire métadonnées de table pour conversation_participants_employee: [39m
[33m[Nest] 13524  - [39m30/07/2026 19:34:11 [33m   WARN[39m [38;5;3m[SchemaMetadataService] [39m[33mImpossible de lire métadonnées de table pour dossier_collaborators: [39m
[33m[Nest] 13524  - [39m30/07/2026 19:34:11 [33m   WARN[39m [38;5;3m[SchemaMetadataService] [39m[33mImpossible de lire métadonnées de table pour audience_documents: [39m
[33m[Nest] 13524  - [39m30/07/2026 19:34:11 [33m   WARN[39m [38;5;3m[SchemaMetadataService] [39m[33mImpossible de lire métadonnées de table pour audience_decision_documents: [39m
[33m[Nest] 13524  - [39m30/07/2026 19:34:11 [33m   WARN[39m [38;5;3m[SchemaMetadataService] [39m[33mImpossible de lire métadonnées de table pour audience_report_documents: [39m
[33m[Nest] 13524  - [39m30/07/2026 19:34:11 [33m   WARN[39m [38;5;3m[SchemaMetadataService] [39m[33mImpossible de lire métadonnées de table pour type_customer_document_type: [39m
[33m[Nest] 13524  - [39m30/07/2026 19:34:11 [33m   WARN[39m [38;5;3m[SchemaMetadataService] [39m[33mImpossible de lire métadonnées de table pour document_type_categories: [39m
[33m[Nest] 13524  - [39m30/07/2026 19:34:11 [33m   WARN[39m [38;5;3m[SchemaMetadataService] [39m[33mImpossible de lire métadonnées de table pour type_customer_document_type: [39m
[33m[Nest] 13524  - [39m30/07/2026 19:34:11 [33m   WARN[39m [38;5;3m[SchemaMetadataService] [39m[33mImpossible de lire métadonnées de table pour stage_documents: [39m
[33m[Nest] 13524  - [39m30/07/2026 19:34:11 [33m   WARN[39m [38;5;3m[SchemaMetadataService] [39m[33mImpossible de lire métadonnées de table pour stage_visit_documents: [39m
[33m[Nest] 13524  - [39m30/07/2026 19:34:11 [33m   WARN[39m [38;5;3m[SchemaMetadataService] [39m[33mImpossible de lire métadonnées de table pour sub_stage_visit_documents: [39m
[32m[Nest] 13524  - [39m30/07/2026 19:34:11 [32m    LOG[39m [38;5;3m[AiDatabaseService] [39m[32m🔄 Préchargement du prompt système...[39m
[95m[Nest] 13524  - [39m30/07/2026 19:34:11 [95m  DEBUG[39m [95mVérification métadonnées pour table: audience_types → true[39m
[95m[Nest] 13524  - [39m30/07/2026 19:34:11 [95m  DEBUG[39m [95mVérification métadonnées pour table: findings → true[39m
[95m[Nest] 13524  - [39m30/07/2026 19:34:11 [95m  DEBUG[39m [95mVérification métadonnées pour table: transitions → true[39m
[95m[Nest] 13524  - [39m30/07/2026 19:34:11 [95m  DEBUG[39m [95mVérification métadonnées pour table: cycles → true[39m
[95m[Nest] 13524  - [39m30/07/2026 19:34:11 [95m  DEBUG[39m [95mVérification métadonnées pour table: procedure_templates → true[39m
[95m[Nest] 13524  - [39m30/07/2026 19:34:11 [95m  DEBUG[39m [95mVérification métadonnées pour table: invoice_types → true[39m
[95m[Nest] 13524  - [39m30/07/2026 19:34:11 [95m  DEBUG[39m [95mVérification métadonnées pour table: paiements → true[39m
[95m[Nest] 13524  - [39m30/07/2026 19:34:11 [95m  DEBUG[39m [95mVérification métadonnées pour table: factures → true[39m
[95m[Nest] 13524  - [39m30/07/2026 19:34:11 [95m  DEBUG[39m [95mVérification métadonnées pour table: sub_stages → true[39m
[95m[Nest] 13524  - [39m30/07/2026 19:34:11 [95m  DEBUG[39m [95mVérification métadonnées pour table: stages → true[39m
[95m[Nest] 13524  - [39m30/07/2026 19:34:11 [95m  DEBUG[39m [95mVérification métadonnées pour table: tasks → true[39m
[95m[Nest] 13524  - [39m30/07/2026 19:34:11 [95m  DEBUG[39m [95mVérification métadonnées pour table: procedure_instances → true[39m
[95m[Nest] 13524  - [39m30/07/2026 19:34:11 [95m  DEBUG[39m [95mVérification métadonnées pour table: diligences → true[39m
[95m[Nest] 13524  - [39m30/07/2026 19:34:11 [95m  DEBUG[39m [95mVérification métadonnées pour table: employee → true[39m
[95m[Nest] 13524  - [39m30/07/2026 19:34:11 [95m  DEBUG[39m [95mVérification métadonnées pour table: jurisdictions → true[39m
[95m[Nest] 13524  - [39m30/07/2026 19:34:11 [95m  DEBUG[39m [95mVérification métadonnées pour table: dossiers → true[39m
[95m[Nest] 13524  - [39m30/07/2026 19:34:11 [95m  DEBUG[39m [95mVérification métadonnées pour table: audiences → true[39m
[95m[Nest] 13524  - [39m30/07/2026 19:34:11 [95m  DEBUG[39m [95mVérification métadonnées pour table: type_customer → true[39m
[95m[Nest] 13524  - [39m30/07/2026 19:34:11 [95m  DEBUG[39m [95mVérification métadonnées pour table: document_type → true[39m
[95m[Nest] 13524  - [39m30/07/2026 19:34:11 [95m  DEBUG[39m [95mVérification métadonnées pour table: document_categories → true[39m
[95m[Nest] 13524  - [39m30/07/2026 19:34:11 [95m  DEBUG[39m [95mVérification métadonnées pour table: document_customer → true[39m
[95m[Nest] 13524  - [39m30/07/2026 19:34:11 [95m  DEBUG[39m [95mVérification métadonnées pour table: country → true[39m
[95m[Nest] 13524  - [39m30/07/2026 19:34:11 [95m  DEBUG[39m [95mVérification métadonnées pour table: region → true[39m
[95m[Nest] 13524  - [39m30/07/2026 19:34:11 [95m  DEBUG[39m [95mVérification métadonnées pour table: division → true[39m
[95m[Nest] 13524  - [39m30/07/2026 19:34:11 [95m  DEBUG[39m [95mVérification métadonnées pour table: districts → true[39m
[95m[Nest] 13524  - [39m30/07/2026 19:34:11 [95m  DEBUG[39m [95mVérification métadonnées pour table: location_city → true[39m
[95m[Nest] 13524  - [39m30/07/2026 19:34:11 [95m  DEBUG[39m [95mVérification métadonnées pour table: customer → true[39m
[95m[Nest] 13524  - [39m30/07/2026 19:34:11 [95m  DEBUG[39m [95mVérification métadonnées pour table: branch → true[39m
[95m[Nest] 13524  - [39m30/07/2026 19:34:11 [95m  DEBUG[39m [95mVérification métadonnées pour table: referrer → true[39m
[95m[Nest] 13524  - [39m30/07/2026 19:34:11 [95m  DEBUG[39m [95mVérification métadonnées pour table: referral_commission → true[39m
[95m[Nest] 13524  - [39m30/07/2026 19:34:11 [95m  DEBUG[39m [95mVérification métadonnées pour table: dossier_referral → true[39m
[95m[Nest] 13524  - [39m30/07/2026 19:34:11 [95m  DEBUG[39m [95mVérification métadonnées pour table: payslip_line → true[39m
[95m[Nest] 13524  - [39m30/07/2026 19:34:11 [95m  DEBUG[39m [95mVérification métadonnées pour table: payslip → true[39m
[95m[Nest] 13524  - [39m30/07/2026 19:34:11 [95m  DEBUG[39m [95mVérification métadonnées pour table: payroll_period → true[39m
[95m[Nest] 13524  - [39m30/07/2026 19:34:11 [95m  DEBUG[39m [95mVérification métadonnées pour table: payroll_contribution → true[39m
[95m[Nest] 13524  - [39m30/07/2026 19:34:11 [95m  DEBUG[39m [95mVérification métadonnées pour table: salary_advance → true[39m
[95m[Nest] 13524  - [39m30/07/2026 19:34:11 [95m  DEBUG[39m [95mVérification métadonnées pour table: supplier_invoice → true[39m
[95m[Nest] 13524  - [39m30/07/2026 19:34:11 [95m  DEBUG[39m [95mVérification métadonnées pour table: supplier → true[39m
[95m[Nest] 13524  - [39m30/07/2026 19:34:11 [95m  DEBUG[39m [95mVérification métadonnées pour table: expense_line → true[39m
[95m[Nest] 13524  - [39m30/07/2026 19:34:11 [95m  DEBUG[39m [95mVérification métadonnées pour table: expense_report → true[39m
[95m[Nest] 13524  - [39m30/07/2026 19:34:11 [95m  DEBUG[39m [95mVérification métadonnées pour table: journaux_comptables → true[39m
[95m[Nest] 13524  - [39m30/07/2026 19:34:11 [95m  DEBUG[39m [95mVérification métadonnées pour table: exercices_comptables → true[39m
[95m[Nest] 13524  - [39m30/07/2026 19:34:11 [95m  DEBUG[39m [95mVérification métadonnées pour table: ecritures_comptables → true[39m
[95m[Nest] 13524  - [39m30/07/2026 19:34:11 [95m  DEBUG[39m [95mVérification métadonnées pour table: lignes_ecriture_comptable → true[39m
[95m[Nest] 13524  - [39m30/07/2026 19:34:11 [95m  DEBUG[39m [95mVérification métadonnées pour table: comptes_comptables → true[39m
[32m[Nest] 13524  - [39m30/07/2026 19:34:11 [32m    LOG[39m [38;5;3m[AiDatabaseService] [39m[32m🔄 Génération du schéma complet pour 45 tables...[39m
[32m[Nest] 13524  - [39m30/07/2026 19:34:11 [32m    LOG[39m [38;5;3m[AiDatabaseService] [39m[32m🔄 tableau info  audience_types tables...[39m
[32m[Nest] 13524  - [39m30/07/2026 19:34:11 [32m    LOG[39m [38;5;3m[AiDatabaseService] [39m[32m🔄 tableau info  audiences tables...[39m
[32m[Nest] 13524  - [39m30/07/2026 19:34:11 [32m    LOG[39m [38;5;3m[AiDatabaseService] [39m[32m🔄 tableau info  branch tables...[39m
[32m[Nest] 13524  - [39m30/07/2026 19:34:11 [32m    LOG[39m [38;5;3m[AiDatabaseService] [39m[32m🔄 tableau info  comptes_comptables tables...[39m
[32m[Nest] 13524  - [39m30/07/2026 19:34:11 [32m    LOG[39m [38;5;3m[AiDatabaseService] [39m[32m🔄 tableau info  country tables...[39m
[32m[Nest] 13524  - [39m30/07/2026 19:34:11 [32m    LOG[39m [38;5;3m[AiDatabaseService] [39m[32m🔄 tableau info  customer tables...[39m
[32m[Nest] 13524  - [39m30/07/2026 19:34:11 [32m    LOG[39m [38;5;3m[AiDatabaseService] [39m[32m🔄 tableau info  cycles tables...[39m
[32m[Nest] 13524  - [39m30/07/2026 19:34:11 [32m    LOG[39m [38;5;3m[AiDatabaseService] [39m[32m🔄 tableau info  diligences tables...[39m
[32m[Nest] 13524  - [39m30/07/2026 19:34:11 [32m    LOG[39m [38;5;3m[AiDatabaseService] [39m[32m🔄 tableau info  districts tables...[39m
[32m[Nest] 13524  - [39m30/07/2026 19:34:11 [32m    LOG[39m [38;5;3m[AiDatabaseService] [39m[32m🔄 tableau info  division tables...[39m
[32m[Nest] 13524  - [39m30/07/2026 19:34:11 [32m    LOG[39m [38;5;3m[AiDatabaseService] [39m[32m🔄 tableau info  document_categories tables...[39m
[32m[Nest] 13524  - [39m30/07/2026 19:34:11 [32m    LOG[39m [38;5;3m[AiDatabaseService] [39m[32m🔄 tableau info  document_customer tables...[39m
[32m[Nest] 13524  - [39m30/07/2026 19:34:11 [32m    LOG[39m [38;5;3m[AiDatabaseService] [39m[32m🔄 tableau info  document_type tables...[39m
[32m[Nest] 13524  - [39m30/07/2026 19:34:11 [32m    LOG[39m [38;5;3m[AiDatabaseService] [39m[32m🔄 tableau info  dossier_referral tables...[39m
[32m[Nest] 13524  - [39m30/07/2026 19:34:11 [32m    LOG[39m [38;5;3m[AiDatabaseService] [39m[32m🔄 tableau info  dossiers tables...[39m
[32m[Nest] 13524  - [39m30/07/2026 19:34:11 [32m    LOG[39m [38;5;3m[AiDatabaseService] [39m[32m🔄 tableau info  ecritures_comptables tables...[39m
[32m[Nest] 13524  - [39m30/07/2026 19:34:11 [32m    LOG[39m [38;5;3m[AiDatabaseService] [39m[32m🔄 tableau info  employee tables...[39m
[32m[Nest] 13524  - [39m30/07/2026 19:34:11 [32m    LOG[39m [38;5;3m[AiDatabaseService] [39m[32m🔄 tableau info  exercices_comptables tables...[39m
[32m[Nest] 13524  - [39m30/07/2026 19:34:11 [32m    LOG[39m [38;5;3m[AiDatabaseService] [39m[32m🔄 tableau info  expense_line tables...[39m
[32m[Nest] 13524  - [39m30/07/2026 19:34:11 [32m    LOG[39m [38;5;3m[AiDatabaseService] [39m[32m🔄 tableau info  expense_report tables...[39m
[32m[Nest] 13524  - [39m30/07/2026 19:34:11 [32m    LOG[39m [38;5;3m[AiDatabaseService] [39m[32m🔄 tableau info  factures tables...[39m
[32m[Nest] 13524  - [39m30/07/2026 19:34:11 [32m    LOG[39m [38;5;3m[AiDatabaseService] [39m[32m🔄 tableau info  findings tables...[39m
[32m[Nest] 13524  - [39m30/07/2026 19:34:11 [32m    LOG[39m [38;5;3m[AiDatabaseService] [39m[32m🔄 tableau info  invoice_types tables...[39m
[32m[Nest] 13524  - [39m30/07/2026 19:34:11 [32m    LOG[39m [38;5;3m[AiDatabaseService] [39m[32m🔄 tableau info  journaux_comptables tables...[39m
[32m[Nest] 13524  - [39m30/07/2026 19:34:11 [32m    LOG[39m [38;5;3m[AiDatabaseService] [39m[32m🔄 tableau info  jurisdictions tables...[39m
[32m[Nest] 13524  - [39m30/07/2026 19:34:11 [32m    LOG[39m [38;5;3m[AiDatabaseService] [39m[32m🔄 tableau info  lignes_ecriture_comptable tables...[39m
[32m[Nest] 13524  - [39m30/07/2026 19:34:11 [32m    LOG[39m [38;5;3m[AiDatabaseService] [39m[32m🔄 tableau info  location_city tables...[39m
[32m[Nest] 13524  - [39m30/07/2026 19:34:11 [32m    LOG[39m [38;5;3m[AiDatabaseService] [39m[32m🔄 tableau info  paiements tables...[39m
[32m[Nest] 13524  - [39m30/07/2026 19:34:11 [32m    LOG[39m [38;5;3m[AiDatabaseService] [39m[32m🔄 tableau info  payroll_contribution tables...[39m
[32m[Nest] 13524  - [39m30/07/2026 19:34:11 [32m    LOG[39m [38;5;3m[AiDatabaseService] [39m[32m🔄 tableau info  payroll_period tables...[39m
[32m[Nest] 13524  - [39m30/07/2026 19:34:11 [32m    LOG[39m [38;5;3m[AiDatabaseService] [39m[32m🔄 tableau info  payslip tables...[39m
[32m[Nest] 13524  - [39m30/07/2026 19:34:11 [32m    LOG[39m [38;5;3m[AiDatabaseService] [39m[32m🔄 tableau info  payslip_line tables...[39m
[32m[Nest] 13524  - [39m30/07/2026 19:34:11 [32m    LOG[39m [38;5;3m[AiDatabaseService] [39m[32m🔄 tableau info  procedure_instances tables...[39m
[32m[Nest] 13524  - [39m30/07/2026 19:34:11 [32m    LOG[39m [38;5;3m[AiDatabaseService] [39m[32m🔄 tableau info  procedure_templates tables...[39m
[32m[Nest] 13524  - [39m30/07/2026 19:34:11 [32m    LOG[39m [38;5;3m[AiDatabaseService] [39m[32m🔄 tableau info  referral_commission tables...[39m
[32m[Nest] 13524  - [39m30/07/2026 19:34:11 [32m    LOG[39m [38;5;3m[AiDatabaseService] [39m[32m🔄 tableau info  referrer tables...[39m
[32m[Nest] 13524  - [39m30/07/2026 19:34:11 [32m    LOG[39m [38;5;3m[AiDatabaseService] [39m[32m🔄 tableau info  region tables...[39m
[32m[Nest] 13524  - [39m30/07/2026 19:34:11 [32m    LOG[39m [38;5;3m[AiDatabaseService] [39m[32m🔄 tableau info  salary_advance tables...[39m
[32m[Nest] 13524  - [39m30/07/2026 19:34:11 [32m    LOG[39m [38;5;3m[AiDatabaseService] [39m[32m🔄 tableau info  stages tables...[39m
[32m[Nest] 13524  - [39m30/07/2026 19:34:11 [32m    LOG[39m [38;5;3m[AiDatabaseService] [39m[32m🔄 tableau info  sub_stages tables...[39m
[32m[Nest] 13524  - [39m30/07/2026 19:34:11 [32m    LOG[39m [38;5;3m[AiDatabaseService] [39m[32m🔄 tableau info  supplier tables...[39m
[32m[Nest] 13524  - [39m30/07/2026 19:34:11 [32m    LOG[39m [38;5;3m[AiDatabaseService] [39m[32m🔄 tableau info  supplier_invoice tables...[39m
[32m[Nest] 13524  - [39m30/07/2026 19:34:11 [32m    LOG[39m [38;5;3m[AiDatabaseService] [39m[32m🔄 tableau info  tasks tables...[39m
[32m[Nest] 13524  - [39m30/07/2026 19:34:11 [32m    LOG[39m [38;5;3m[AiDatabaseService] [39m[32m🔄 tableau info  transitions tables...[39m
[32m[Nest] 13524  - [39m30/07/2026 19:34:12 [32m    LOG[39m [38;5;3m[AiDatabaseService] [39m[32m🔄 tableau info  type_customer tables...[39m
[32m[Nest] 13524  - [39m30/07/2026 19:34:12 [32m    LOG[39m [38;5;3m[AiDatabaseService] [39m[32m✅ Schéma généré (125594 caractères)[39m
[32m[Nest] 13524  - [39m30/07/2026 19:34:12 [32m    LOG[39m [38;5;3m[AiDatabaseService] [39m[32m✅ Service AI Database initialisé avec Thinking Mode[39m
[32m[Nest] 13524  - [39m30/07/2026 19:34:12 [32m    LOG[39m [38;5;3m[InitService] [39m[32mInitialisation en cours...[39m
Initialisation en cours...
[32m[Nest] 13524  - [39m30/07/2026 19:34:12 [32m    LOG[39m [38;5;3m[NestApplication] [39m[32mNest application successfully started[39m[38;5;3m +193ms[39m
✅ HTTP en écoute sur 3005, microservice TCP sur 2999
[32m[Nest] 13524  - [39m30/07/2026 19:34:39 [32m    LOG[39m [38;5;3m[LoggingInterceptor] [39m[32mPOST /onboarding/register[39m
[32m[Nest] 13524  - [39m30/07/2026 19:38:47 [32m    LOG[39m [38;5;3m[LoggingInterceptor] [39m[32mGET /onboarding/plans[39m
[32m[Nest] 13524  - [39m30/07/2026 19:38:47 [32m    LOG[39m [38;5;3m[LoggingInterceptor] [39m[32mGET /onboarding/plans termine[39m
