%PDF-1.3
%ºß¬à
3 0 obj
<</Type /Page
/Parent 1 0 R
/Resources 2 0 R
/MediaBox [0 0 1085. 557.5]
/Contents 4 0 R
>>
endobj
4 0 obj
<<
/Length 137677
>>
stream
0.200025 w
0 G
q
1. 0. 0. -1. 0. 557.5 cm
q
1. 0. 0. 1. 0. 0. cm
1. w
0. g
q
1. 0. 0. 1. 0. 0. cm
0. 0. 1085. 557.5 re
W
n
q
q
q
q
0. G
[] 0. d
1. 0. 0. 1. 0. 0. cm
178.349609375 163.5 m
424.0348317749999296 163.5 l
S
Q
q
0. G
[] 0. d
1. 0. 0. 1. 0. 0. cm
178.349609375 173.5 m
424.0348317749999296 173.5 l
S
Q
q
0. G
[] 0. d
1. 0. 0. 1. 0. 0. cm
178.349609375 183.5 m
424.0348317749999296 183.5 l
S
Q
q
0. G
[] 0. d
1. 0. 0. 1. 0. 0. cm
178.349609375 193.5 m
424.0348317749999296 193.5 l
S
Q
q
0. G
[] 0. d
1. 0. 0. 1. 0. 0. cm
178.349609375 203.5 m
424.0348317749999296 203.5 l
S
Q
q
0. g
0.3 w
0. G
[] 0. d
1. 0. 0. 1. 0. 0. cm
424.0348317749999296 163. m
425.0348317749999296 163. l
425.0348317749999296 204. l
424.0348317749999296 204. l
h
B
Q
q
q
0. g
0.3 w
[] 0. d
1. 0. 0. 1. 0. 0. cm
183.349609375 193.5 m
197.4040093749999869 150.3288000000000011 m
197.4616093749999948 150.3000000000000114 197.5192093750000026 150.3000000000000114 197.6056093750000002 150.3000000000000114 c
197.9512093749999906 150.3000000000000114 198.3544093749999888 150.5879999999999939 198.9304093750000106 151.3079999999999927 c
201.2632093750000024 153.9864000000000033 202.9048093750000135 158.6519999999999868 202.9048093750000135 162.4535999999999945 c
202.9048093750000135 162.7416000000000054 202.8472093750000056 162.9720000000000084 202.8472093750000056 163.2599999999999909 c
202.5880093750000128 167.7815999999999974 200.7448093749999884 171.4968000000000075 197.0872093749999863 175.0104000000000042 c
196.1080093749999946 175.9608000000000061 l
195.7624093750000043 176.3351999999999862 l
195.7624093750000043 176.4504000000000019 l
195.9640093749999892 177.3144000000000062 l
196.2808093749999898 178.8695999999999913 l
196.5976093749999905 180.309599999999989 l
197.0296093750000068 182.2680000000000007 197.202409375000002 183.2760000000000105 197.202409375000002 183.2760000000000105 c
197.202409375000002 183.2760000000000105 197.202409375000002 183.2760000000000105 197.202409375000002 183.2760000000000105 c
197.202409375000002 183.2760000000000105 197.3176093749999893 183.2760000000000105 197.4616093749999948 183.2471999999999923 c
197.6056093750000002 183.2471999999999923 198.0664093750000063 183.1896000000000129 198.5560093750000021 183.1896000000000129 c
198.9016093749999925 183.1896000000000129 199.2472093750000113 183.2471999999999923 199.4200093750000065 183.2471999999999923 c
203.4808093750000069 183.7656000000000063 206.6200093749999951 186.6743999999999915 207.5128093749999891 190.76400000000001 c
207.6856093750000127 191.426400000000001 207.7432093749999922 192.1463999999999999 207.7432093749999922 192.8663999999999987 c
207.7432093749999922 196.754400000000004 205.4104093750000004 200.469600000000014 201.5224093749999952 202.2264000000000124 c
201.2920093749999921 202.3703999999999894 201.2056093749999945 202.3992000000000075 201.2056093749999945 202.3992000000000075 c
201.2056093749999945 202.4279999999999973 l
201.2056093749999945 202.4279999999999973 201.3784093749999897 203.0903999999999883 201.5224093749999952 203.8392000000000053 c
201.9544093750000116 206.0279999999999916 l
202.3576093750000098 207.78479999999999 l
202.5880093750000128 208.907999999999987 202.7032093750000001 209.7144000000000119 202.7032093750000001 210.4344000000000108 c
202.7032093750000001 211.0679999999999836 202.6168093750000025 211.6440000000000055 202.4728093749999971 212.3063999999999965 c
201.4936093750000055 216.309599999999989 198.0088093749999985 218.6999999999999886 194.380009374999986 218.6999999999999886 c
192.5944093749999979 218.6999999999999886 190.751209375000002 218.1239999999999952 189.138409375000009 216.828000000000003 c
187.6984093750000113 215.6184000000000083 187.06480937500001 214.5240000000000009 187.06480937500001 213.0840000000000032 c
187.06480937500001 210.5495999999999981 189.1096093749999909 208.76400000000001 191.2408093749999978 208.76400000000001 c
191.9896093749999864 208.76400000000001 192.7384093750000034 208.9943999999999846 193.4584093750000022 209.426400000000001 c
194.6680093749999969 210.2615999999999872 195.2152093750000006 211.5287999999999897 195.2152093750000006 212.7672000000000025 c
195.2152093750000006 214.6680000000000064 193.8904093749999902 216.539999999999992 191.6152093750000063 216.6839999999999975 c
191.3848093750000032 216.6839999999999975 l
191.5576093749999984 216.7991999999999848 l
192.5080093750000003 217.2024000000000115 193.4584093750000022 217.4039999999999964 194.380009374999986 217.4039999999999964 c
196.7128093750000062 217.4039999999999964 198.9016093749999925 216.2231999999999914 200.2264093750000029 214.1784000000000106 c
200.9752093749999915 213.0263999999999953 201.3784093749999897 211.6727999999999952 201.3784093749999897 210.319199999999995 c
201.3784093749999897 209.8008000000000095 201.2920093749999921 209.2823999999999955 201.1768093750000048 208.7064000000000021 c
201.1768093750000048 208.6487999999999943 201.0904093750000072 208.1879999999999882 200.9752093749999915 207.7560000000000002 c
200.3416093749999902 204.6456000000000017 199.9672093750000101 202.8311999999999955 199.9672093750000101 202.8311999999999955 c
199.9672093750000101 202.8311999999999955 199.9672093750000101 202.8311999999999955 199.9672093750000101 202.8311999999999955 c
199.9096093750000023 202.8311999999999955 199.7944093749999865 202.8311999999999955 199.7080093749999889 202.8888000000000034 c
199.4200093750000065 202.9464000000000112 198.8152093749999949 203.0903999999999883 198.5560093750000021 203.1192000000000064 c
197.9224093750000009 203.205600000000004 197.3176093749999893 203.2343999999999937 196.7416093749999959 203.2343999999999937 c
191.0968093749999923 203.2343999999999937 185.8552093749999869 199.4327999999999861 184.0408093750000091 193.8168000000000006 c
183.580009375000003 192.319199999999995 183.3208093750000103 190.8215999999999894 183.3208093750000103 189.3240000000000123 c
183.3208093750000103 186.3288000000000011 184.2712093750000122 183.3911999999999978 186.1144093750000081 180.7703999999999951 c
188.1304093749999993 177.9191999999999894 190.1464093749999904 175.4712000000000103 192.6232093749999876 172.9368000000000052 c
193.487209374999992 172.0440000000000111 l
193.285609375000007 170.9783999999999935 l
192.9112093749999985 169.2215999999999951 l
192.4216093750000027 166.975200000000001 l
192.2776093749999973 166.1399999999999864 192.1048093750000021 165.3335999999999899 192.0760093750000124 165.1607999999999947 c
191.9320093750000069 164.2103999999999928 191.8456093750000093 163.288800000000009 191.8456093750000093 162.3384000000000071 c
191.8456093750000093 158.7095999999999947 193.0264093750000143 155.2248000000000161 195.2440093749999903 152.4311999999999898 c
195.9064093750000097 151.5672000000000139 197.0872093749999863 150.4151999999999987 197.4040093749999869 150.3288000000000011 c
199.1608093749999853 156.0312000000000126 m
199.1032093750000058 156.0312000000000126 199.0168093750000082 156.0312000000000126 198.9304093750000106 156.0312000000000126 c
197.7496093750000057 156.0312000000000126 196.2232093750000104 157.1255999999999915 195.1864093750000109 158.7384000000000128 c
194.1208093749999932 160.322400000000016 193.5736093749999895 162.4248000000000047 193.5736093749999895 164.5848000000000013 c
193.5736093749999895 165.1607999999999947 193.6024093750000077 165.7656000000000063 193.6888093750000053 166.3703999999999894 c
193.7752093750000029 166.8024000000000058 193.8040093749999926 167.0903999999999883 194.0344093749999956 168.1272000000000162 c
194.4376093749999939 169.941599999999994 l
194.5528093750000096 170.4887999999999977 194.6392093750000072 170.9207999999999856 194.6392093750000072 170.9783999999999935 c
194.6392093750000072 170.9783999999999935 l
194.6680093749999969 170.9783999999999935 195.560809374999991 169.9992000000000019 195.8488093750000019 169.6536000000000115 c
198.7288093749999973 166.3992000000000075 200.456809375000006 162.9720000000000084 200.8312093750000145 159.9480000000000075 c
200.8600093750000042 159.6599999999999966 200.8600093750000042 159.4295999999999935 200.8600093750000042 159.1416000000000111 c
200.8600093750000042 158.248800000000017 200.7448093749999884 157.3847999999999843 200.5432093750000035 156.9240000000000066 c
200.3128093750000005 156.4632000000000005 199.7944093749999865 156.088799999999992 199.1608093749999853 156.0312000000000126 c
194.8120093750000024 178.2935999999999979 m
194.7544093749999945 177.8903999999999996 194.6680093749999969 177.573599999999999 194.6680093749999969 177.5159999999999911 c
194.6680093749999969 177.5159999999999911 194.6680093749999969 177.5159999999999911 194.6392093750000072 177.5159999999999911 c
194.5816093749999993 177.5159999999999911 193.3432093749999865 178.9559999999999889 192.4792093750000106 179.9639999999999986 c
191.0104093749999947 181.7495999999999867 189.4552093750000097 183.8807999999999936 188.8216093750000084 184.9175999999999931 c
187.6120093750000137 186.9624000000000024 187.0072093750000022 189.2375999999999863 187.0072093750000022 191.4840000000000089 c
187.0072093750000022 192.9527999999999963 187.2952093750000131 194.3640000000000043 187.8136093749999986 195.7176000000000045 c
189.3688093750000121 199.720799999999997 192.9400093749999883 202.2264000000000124 196.8280093749999935 202.2264000000000124 c
197.2888093749999996 202.2264000000000124 197.8072093750000136 202.1975999999999942 198.2968093750000094 202.1111999999999966 c
198.9304093750000106 201.9960000000000093 199.7080093749999889 201.7656000000000063 199.7080093749999889 201.6792000000000087 c
199.7080093749999889 201.6792000000000087 l
199.7080093749999889 201.6792000000000087 199.6504093750000095 201.3911999999999978 199.5640093750000119 201.0743999999999971 c
198.7288093749999973 196.9559999999999889 l
198.0664093750000063 193.8744000000000085 l
197.63440937499999 191.7432000000000016 l
197.1736093750000123 189.6696000000000026 l
196.9432093750000092 188.4311999999999898 196.8568093750000116 188.1143999999999892 196.8568093750000116 188.1143999999999892 c
196.8568093750000116 188.1143999999999892 196.8568093750000116 188.0855999999999995 196.8280093749999935 188.0855999999999995 c
196.6552093749999983 188.0855999999999995 195.7336093750000146 188.5464000000000055 195.3304093749999879 188.834399999999988 c
193.8328093750000107 189.8711999999999875 193.055209375000004 191.5127999999999986 193.055209375000004 193.1255999999999915 c
193.055209375000004 194.6519999999999868 193.8040093749999926 196.1784000000000106 195.2440093749999903 197.0712000000000046 c
195.560809374999991 197.2727999999999895 195.6760093750000067 197.4456000000000131 195.6760093750000067 197.647199999999998 c
195.6760093750000067 197.6759999999999877 195.6760093750000067 197.7624000000000137 195.6760093750000067 197.7912000000000035 c
195.6184093749999988 198.1367999999999938 195.4168093750000139 198.2807999999999993 195.128809375000003 198.2807999999999993 c
195.0136093749999873 198.2807999999999993 194.8696093750000102 198.2520000000000095 194.6968093749999866 198.165600000000012 c
192.0472093749999942 197.0135999999999967 190.2616093750000061 194.2776000000000067 190.2616093750000061 191.2823999999999955 c
190.2616093750000061 191.2823999999999955 l
190.2616093750000061 187.8264000000000067 192.4216093750000027 184.8311999999999955 195.7336093750000146 183.6503999999999905 c
195.9064093750000097 183.5928000000000111 l
195.6184093749999988 182.1528000000000134 l
194.8120093750000024 178.2935999999999979 l
199.1320093749999955 187.9128000000000043 m
198.9016093749999925 187.8840000000000146 198.6712093749999894 187.8840000000000146 198.4984093749999943 187.8840000000000146 c
198.4408093749999864 187.8840000000000146 198.3544093749999888 187.8840000000000146 198.2968093750000094 187.8840000000000146 c
198.1528093750000039 187.8840000000000146 l
198.2680093749999912 188.4024000000000001 l
198.8728093750000028 191.2247999999999877 l
199.2472093750000113 193.0680000000000121 l
199.6504093750000095 194.8823999999999899 l
200.456809375000006 198.8856000000000108 l
200.7736093750000066 200.4120000000000061 l
200.8888093749999939 200.8152000000000044 200.9464093750000018 201.1607999999999947 200.9752093749999915 201.1607999999999947 c
200.9752093749999915 201.1607999999999947 200.9752093749999915 201.1607999999999947 200.9752093749999915 201.1607999999999947 c
201.0040093750000096 201.1607999999999947 201.4936093750000055 200.8728000000000122 201.8104093750000061 200.6424000000000092 c
203.2792093749999935 199.6056000000000097 204.3736093750000009 197.9927999999999884 204.7768093749999991 196.3223999999999876 c
204.9208093750000046 195.7752000000000123 204.9784093750000125 195.1991999999999905 204.9784093750000125 194.6519999999999868 c
204.9784093750000125 191.3112000000000137 202.5016093749999868 188.2872000000000128 199.1320093749999955 187.9128000000000043 c
f
Q
Q
q
q
0. g
0.3 w
[] 0. d
1. 0. 0. 1. 0. 0. cm
224.349609375 183.5 m
229.3608093750000023 165.1544000000000096 m
229.389609374999992 165.1255999999999915 229.7928093749999903 165.1255999999999915 231.0312093750000031 165.1255999999999915 c
231.4056093750000116 165.1255999999999915 231.8088093750000098 165.1255999999999915 232.3272093749999954 165.1255999999999915 c
235.236009375000009 165.1255999999999915 l
235.3224093750000065 165.2119999999999891 l
235.466409375000012 165.2984000000000151 235.5528093750000096 165.4423999999999921 235.5528093750000096 165.5576000000000079 c
235.5528093750000096 165.730400000000003 235.466409375000012 165.8455999999999904 235.3512093749999963 165.9608000000000061 c
235.3224093750000065 166.0472000000000037 235.0632093749999854 166.2776000000000067 234.8904093749999902 166.5367999999999995 c
233.3640093749999949 168.2935999999999979 l
231.4056093750000116 170.5112000000000023 l
230.3688093750000121 171.6920000000000073 l
228.8136093749999986 173.4775999999999954 l
226.7688093749999894 175.8103999999999871 l
226.423209374999999 176.2424000000000035 226.0488093749999905 176.5879999999999939 226.0488093749999905 176.5879999999999939 c
226.0488093749999905 176.5879999999999939 226.0488093749999905 176.5879999999999939 226.0488093749999905 176.5879999999999939 c
226.0488093749999905 176.6456000000000017 226.3080093750000117 176.6456000000000017 228.6984093750000113 176.6456000000000017 c
231.319209375000014 176.6456000000000017 l
231.319209375000014 174.7735999999999876 l
231.319209375000014 172.8728000000000122 231.319209375000014 172.8439999999999941 231.3480093750000037 172.8152000000000044 c
231.4056093750000116 172.7288000000000068 231.6648093750000044 172.4120000000000061 232.6728093749999857 171.2312000000000012 c
233.0760093750000124 170.7992000000000132 l
233.4792093750000106 170.3671999999999969 l
234.0840093749999937 169.5895999999999901 l
234.717609374999995 168.9271999999999991 l
235.0344093749999956 168.5240000000000009 l
235.1496093750000114 168.3512000000000057 235.3224093750000065 168.3223999999999876 235.466409375000012 168.3223999999999876 c
235.6392093750000072 168.3223999999999876 235.7832093750000126 168.4088000000000136 235.8696093750000102 168.5527999999999906 c
235.898409375 168.6391999999999882 235.898409375 168.6967999999999961 235.898409375 170.828000000000003 c
235.898409375 171.3175999999999988 235.898409375 171.9224000000000103 235.898409375 172.6424000000000092 c
235.898409375 176.6456000000000017 l
236.6184093749999988 176.6456000000000017 l
237.2808093749999898 176.6456000000000017 237.309609375000008 176.6456000000000017 237.3960093750000055 176.6743999999999915 c
237.6264093750000086 176.760799999999989 237.7416093749999959 176.9911999999999921 237.7416093749999959 177.2504000000000133 c
237.7416093749999959 177.3943999999999903 237.7128093750000062 177.5672000000000139 237.5976093749999905 177.6824000000000012 c
237.4248093749999953 177.8264000000000067 237.3960093750000055 177.8264000000000067 236.6184093749999988 177.8264000000000067 c
235.898409375 177.8264000000000067 l
235.898409375 178.3160000000000025 l
235.9272093749999897 179.78479999999999 236.2152093750000006 180.3608000000000118 237.3384093749999977 180.9655999999999949 c
237.7416093749999959 181.1672000000000082 237.8280093749999935 181.2247999999999877 237.8280093749999935 181.5127999999999986 c
237.8280093749999935 181.7144000000000119 237.7704093749999856 181.8008000000000095 237.6264093750000086 181.9159999999999968 c
237.540009375000011 181.9447999999999865 l
233.5944093749999979 181.9447999999999865 l
229.677609375000003 181.9447999999999865 l
229.5912093750000054 181.9159999999999968 l
229.4184093750000102 181.8008000000000095 229.389609374999992 181.7144000000000119 229.389609374999992 181.5127999999999986 c
229.389609374999992 181.2247999999999877 229.4184093750000102 181.1672000000000082 229.8504093749999981 180.9655999999999949 c
230.9736093749999952 180.3608000000000118 231.2616093750000061 179.78479999999999 231.2616093750000061 178.3160000000000025 c
231.2616093750000061 177.8264000000000067 l
227.9496093749999943 177.8264000000000067 l
227.3448093750000112 177.8840000000000146 226.8552093749999869 177.8840000000000146 226.4520093749999887 177.8840000000000146 c
224.6376093750000109 177.8840000000000146 224.6088093749999928 177.8264000000000067 224.580009375000003 177.8264000000000067 c
224.4072093750000079 177.7687999999999988 224.349609375 177.5960000000000036 224.349609375 177.3943999999999903 c
224.349609375 177.3943999999999903 224.349609375 177.3943999999999903 224.349609375 177.3943999999999903 c
224.349609375 177.1928000000000054 224.349609375 177.1928000000000054 224.9256093749999934 176.530399999999986 c
227.3448093750000112 173.5928000000000111 229.0440093750000017 169.3303999999999974 229.0440093750000017 165.9320000000000164 c
229.0440093750000017 165.4136000000000024 229.1304093749999993 165.2408000000000072 229.3608093750000023 165.1544000000000096 c
231.088809375000011 183.5287999999999897 m
231.1176093750000007 183.5287999999999897 l
231.0312093750000031 183.5287999999999897 l
231.088809375000011 183.5287999999999897 l
231.088809375000011 164.1176000000000101 m
231.1176093750000007 164.1176000000000101 l
231.0312093750000031 164.1176000000000101 l
231.088809375000011 164.1176000000000101 l
f
Q
q
0. g
0.3 w
[] 0. d
1. 0. 0. 1. 0. 0. cm
224.349609375 203.5 m
229.3608093750000023 185.1544000000000096 m
229.389609374999992 185.1255999999999915 229.7928093749999903 185.1255999999999915 231.0312093750000031 185.1255999999999915 c
231.4056093750000116 185.1255999999999915 231.8088093750000098 185.1255999999999915 232.3272093749999954 185.1255999999999915 c
235.236009375000009 185.1255999999999915 l
235.3224093750000065 185.2119999999999891 l
235.466409375000012 185.2984000000000151 235.5528093750000096 185.4423999999999921 235.5528093750000096 185.5576000000000079 c
235.5528093750000096 185.730400000000003 235.466409375000012 185.8455999999999904 235.3512093749999963 185.9608000000000061 c
235.3224093750000065 186.0472000000000037 235.0632093749999854 186.2776000000000067 234.8904093749999902 186.5367999999999995 c
233.3640093749999949 188.2935999999999979 l
231.4056093750000116 190.5112000000000023 l
230.3688093750000121 191.6920000000000073 l
228.8136093749999986 193.4775999999999954 l
226.7688093749999894 195.8103999999999871 l
226.423209374999999 196.2424000000000035 226.0488093749999905 196.5879999999999939 226.0488093749999905 196.5879999999999939 c
226.0488093749999905 196.5879999999999939 226.0488093749999905 196.5879999999999939 226.0488093749999905 196.5879999999999939 c
226.0488093749999905 196.6456000000000017 226.3080093750000117 196.6456000000000017 228.6984093750000113 196.6456000000000017 c
231.319209375000014 196.6456000000000017 l
231.319209375000014 194.7735999999999876 l
231.319209375000014 192.8728000000000122 231.319209375000014 192.8439999999999941 231.3480093750000037 192.8152000000000044 c
231.4056093750000116 192.7288000000000068 231.6648093750000044 192.4120000000000061 232.6728093749999857 191.2312000000000012 c
233.0760093750000124 190.7992000000000132 l
233.4792093750000106 190.3671999999999969 l
234.0840093749999937 189.5895999999999901 l
234.717609374999995 188.9271999999999991 l
235.0344093749999956 188.5240000000000009 l
235.1496093750000114 188.3512000000000057 235.3224093750000065 188.3223999999999876 235.466409375000012 188.3223999999999876 c
235.6392093750000072 188.3223999999999876 235.7832093750000126 188.4088000000000136 235.8696093750000102 188.5527999999999906 c
235.898409375 188.6391999999999882 235.898409375 188.6967999999999961 235.898409375 190.828000000000003 c
235.898409375 191.3175999999999988 235.898409375 191.9224000000000103 235.898409375 192.6424000000000092 c
235.898409375 196.6456000000000017 l
236.6184093749999988 196.6456000000000017 l
237.2808093749999898 196.6456000000000017 237.309609375000008 196.6456000000000017 237.3960093750000055 196.6743999999999915 c
237.6264093750000086 196.760799999999989 237.7416093749999959 196.9911999999999921 237.7416093749999959 197.2504000000000133 c
237.7416093749999959 197.3943999999999903 237.7128093750000062 197.5672000000000139 237.5976093749999905 197.6824000000000012 c
237.4248093749999953 197.8264000000000067 237.3960093750000055 197.8264000000000067 236.6184093749999988 197.8264000000000067 c
235.898409375 197.8264000000000067 l
235.898409375 198.3160000000000025 l
235.9272093749999897 199.78479999999999 236.2152093750000006 200.3608000000000118 237.3384093749999977 200.9655999999999949 c
237.7416093749999959 201.1672000000000082 237.8280093749999935 201.2247999999999877 237.8280093749999935 201.5127999999999986 c
237.8280093749999935 201.7144000000000119 237.7704093749999856 201.8008000000000095 237.6264093750000086 201.9159999999999968 c
237.540009375000011 201.9447999999999865 l
233.5944093749999979 201.9447999999999865 l
229.677609375000003 201.9447999999999865 l
229.5912093750000054 201.9159999999999968 l
229.4184093750000102 201.8008000000000095 229.389609374999992 201.7144000000000119 229.389609374999992 201.5127999999999986 c
229.389609374999992 201.2247999999999877 229.4184093750000102 201.1672000000000082 229.8504093749999981 200.9655999999999949 c
230.9736093749999952 200.3608000000000118 231.2616093750000061 199.78479999999999 231.2616093750000061 198.3160000000000025 c
231.2616093750000061 197.8264000000000067 l
227.9496093749999943 197.8264000000000067 l
227.3448093750000112 197.8840000000000146 226.8552093749999869 197.8840000000000146 226.4520093749999887 197.8840000000000146 c
224.6376093750000109 197.8840000000000146 224.6088093749999928 197.8264000000000067 224.580009375000003 197.8264000000000067 c
224.4072093750000079 197.7687999999999988 224.349609375 197.5960000000000036 224.349609375 197.3943999999999903 c
224.349609375 197.3943999999999903 224.349609375 197.3943999999999903 224.349609375 197.3943999999999903 c
224.349609375 197.1928000000000054 224.349609375 197.1928000000000054 224.9256093749999934 196.530399999999986 c
227.3448093750000112 193.5928000000000111 229.0440093750000017 189.3303999999999974 229.0440093750000017 185.9320000000000164 c
229.0440093750000017 185.4136000000000024 229.1304093749999993 185.2408000000000072 229.3608093750000023 185.1544000000000096 c
231.088809375000011 203.5287999999999897 m
231.1176093750000007 203.5287999999999897 l
231.0312093750000031 203.5287999999999897 l
231.088809375000011 203.5287999999999897 l
231.088809375000011 184.1176000000000101 m
231.1176093750000007 184.1176000000000101 l
231.0312093750000031 184.1176000000000101 l
231.088809375000011 184.1176000000000101 l
f
Q
Q
q
q
q
q
1.5 w
0. G
[] 0. d
1. 0. 0. 1. 0. 0. cm
261.0962493750000135 203.5 m
261.0962493750000135 168.5 l
S
Q
Q
q
q
0. g
0.3 w
[] 0. d
1. 0. 0. 1. 0. 0. cm
249.8280093749999935 203.5 m
257.1849693749999801 198.2771199999999965 m
257.2972893749999912 198.2771199999999965 257.4657693749999794 198.2771199999999965 257.4938493749999679 198.2771199999999965 c
257.4938493749999679 198.2771199999999965 257.5219293750000134 198.2771199999999965 257.5219293750000134 198.2771199999999965 c
257.5219293750000134 198.2771199999999965 257.6904093750000015 198.2771199999999965 257.8308093750000012 198.2771199999999965 c
260.3580093749999946 198.4175199999999961 261.8462493750000135 200.0742400000000032 261.8462493750000135 202.1521600000000092 c
261.8462493750000135 203.1630399999999952 261.5092893749999803 204.3143200000000093 260.6668893749999825 205.4094399999999894 c
259.0663293750000093 207.5715999999999894 256.4548893749999934 208.7509599999999921 254.1804093749999822 208.7509599999999921 c
252.4113693749999925 208.7509599999999921 250.895049374999985 208.0489599999999939 250.1649693749999983 206.616880000000009 c
249.9403293750000046 206.0552800000000104 249.8280093749999935 205.5217600000000004 249.8280093749999935 204.9320800000000133 c
249.8280093749999935 201.8713600000000099 253.2537693749999903 198.4736800000000017 257.1849693749999801 198.2771199999999965 c
f
Q
Q
Q
Q
q
q
q
q
1.5 w
0. G
[] 0. d
1. 0. 0. 1. 0. 0. cm
303.4766493749999654 203.5 m
303.4766493749999654 168.5 l
S
Q
Q
q
q
0. g
0.3 w
[] 0. d
1. 0. 0. 1. 0. 0. cm
292.2084093749999738 203.5 m
299.5653693749999888 198.2771199999999965 m
299.6776893749999999 198.2771199999999965 299.8461693749999881 198.2771199999999965 299.8742493749999767 198.2771199999999965 c
299.8742493749999767 198.2771199999999965 299.9023293749999652 198.2771199999999965 299.9023293749999652 198.2771199999999965 c
299.9023293749999652 198.2771199999999965 300.0708093749999534 198.2771199999999965 300.2112093749999531 198.2771199999999965 c
302.7384093749999465 198.4175199999999961 304.2266493749999654 200.0742400000000032 304.2266493749999654 202.1521600000000092 c
304.2266493749999654 203.1630399999999952 303.889689374999989 204.3143200000000093 303.0472893749999912 205.4094399999999894 c
301.4467293749999612 207.5715999999999894 298.8352893750000021 208.7509599999999921 296.5608093749999625 208.7509599999999921 c
294.7917693750000012 208.7509599999999921 293.2754493749999938 208.0489599999999939 292.5453693749999502 206.616880000000009 c
292.3207293749999849 206.0552800000000104 292.2084093749999738 205.5217600000000004 292.2084093749999738 204.9320800000000133 c
292.2084093749999738 201.8713600000000099 295.634169374999999 198.4736800000000017 299.5653693749999888 198.2771199999999965 c
f
Q
Q
Q
Q
q
q
q
q
1.5 w
0. G
[] 0. d
1. 0. 0. 1. 0. 0. cm
345.8570493749999741 198.5 m
345.8570493749999741 163.5 l
S
Q
Q
q
q
0. g
0.3 w
[] 0. d
1. 0. 0. 1. 0. 0. cm
334.5888093749999825 198.5 m
341.9457693749999976 193.2771199999999965 m
342.0580893750000087 193.2771199999999965 342.2265693749999969 193.2771199999999965 342.2546493749999854 193.2771199999999965 c
342.2546493749999854 193.2771199999999965 342.282729374999974 193.2771199999999965 342.282729374999974 193.2771199999999965 c
342.282729374999974 193.2771199999999965 342.4512093749999622 193.2771199999999965 342.5916093749999618 193.2771199999999965 c
345.1188093749999553 193.4175199999999961 346.6070493749999741 195.0742400000000032 346.6070493749999741 197.1521600000000092 c
346.6070493749999741 198.1630399999999952 346.2700893749999977 199.3143200000000093 345.4276893749999999 200.4094399999999894 c
343.82712937499997 202.5715999999999894 341.2156893750000108 203.7509599999999921 338.9412093749999713 203.7509599999999921 c
337.1721693750000099 203.7509599999999921 335.6558493750000025 203.0489599999999939 334.9257693749999589 201.616880000000009 c
334.7011293749999936 201.0552800000000104 334.5888093749999825 200.5217600000000004 334.5888093749999825 199.9320800000000133 c
334.5888093749999825 196.8713600000000099 338.0145693750000078 193.4736800000000017 341.9457693749999976 193.2771199999999965 c
f
Q
Q
Q
Q
q
q
q
q
1.5 w
0. G
[] 0. d
1. 0. 0. 1. 0. 0. cm
388.2374493749999829 203.5 m
388.2374493749999829 168.5 l
S
Q
Q
q
q
0. g
0.3 w
[] 0. d
1. 0. 0. 1. 0. 0. cm
376.9692093749999913 203.5 m
384.3261693750000063 198.2771199999999965 m
384.4384893750000174 198.2771199999999965 384.6069693750000056 198.2771199999999965 384.6350493749999941 198.2771199999999965 c
384.6350493749999941 198.2771199999999965 384.6631293749999827 198.2771199999999965 384.6631293749999827 198.2771199999999965 c
384.6631293749999827 198.2771199999999965 384.8316093749999709 198.2771199999999965 384.9720093749999705 198.2771199999999965 c
387.499209374999964 198.4175199999999961 388.9874493749999829 200.0742400000000032 388.9874493749999829 202.1521600000000092 c
388.9874493749999829 203.1630399999999952 388.6504893750000065 204.3143200000000093 387.8080893750000087 205.4094399999999894 c
386.2075293749999787 207.5715999999999894 383.5960893750000196 208.7509599999999921 381.32160937499998 208.7509599999999921 c
379.5525693750000187 208.7509599999999921 378.0362493750000112 208.0489599999999939 377.3061693749999677 206.616880000000009 c
377.0815293750000023 206.0552800000000104 376.9692093749999913 205.5217600000000004 376.9692093749999913 204.9320800000000133 c
376.9692093749999913 201.8713600000000099 380.3949693750000165 198.4736800000000017 384.3261693750000063 198.2771199999999965 c
f
Q
Q
Q
Q
Q
q
q
0. G
[] 0. d
1. 0. 0. 1. 0. 0. cm
424.0348317749999296 163.5 m
587.7416541749998942 163.5 l
S
Q
q
0. G
[] 0. d
1. 0. 0. 1. 0. 0. cm
424.0348317749999296 173.5 m
587.7416541749998942 173.5 l
S
Q
q
0. G
[] 0. d
1. 0. 0. 1. 0. 0. cm
424.0348317749999296 183.5 m
587.7416541749998942 183.5 l
S
Q
q
0. G
[] 0. d
1. 0. 0. 1. 0. 0. cm
424.0348317749999296 193.5 m
587.7416541749998942 193.5 l
S
Q
q
0. G
[] 0. d
1. 0. 0. 1. 0. 0. cm
424.0348317749999296 203.5 m
587.7416541749998942 203.5 l
S
Q
q
0. g
0.3 w
0. G
[] 0. d
1. 0. 0. 1. 0. 0. cm
587.7416541749998942 163. m
588.7416541749998942 163. l
588.7416541749998942 204. l
587.7416541749998942 204. l
h
B
Q
q
q
q
q
1.5 w
0. G
[] 0. d
1. 0. 0. 1. 0. 0. cm
452.3030717749999212 193.5 m
452.3030717749999212 158.5 l
S
Q
Q
q
q
0. g
0.3 w
[] 0. d
1. 0. 0. 1. 0. 0. cm
441.0348317749999296 193.5 m
448.3917917749999447 188.2771199999999965 m
448.5041117749999557 188.2771199999999965 448.6725917749999439 188.2771199999999965 448.7006717749999325 188.2771199999999965 c
448.7006717749999325 188.2771199999999965 448.7287517749999211 188.2771199999999965 448.7287517749999211 188.2771199999999965 c
448.7287517749999211 188.2771199999999965 448.8972317749999092 188.2771199999999965 449.0376317749999089 188.2771199999999965 c
451.5648317749999023 188.4175199999999961 453.0530717749999212 190.0742400000000032 453.0530717749999212 192.1521600000000092 c
453.0530717749999212 193.1630399999999952 452.7161117749999448 194.3143200000000093 451.873711774999947 195.4094399999999894 c
450.2731517749999171 197.5715999999999894 447.6617117749999579 198.7509599999999921 445.3872317749999183 198.7509599999999921 c
443.618191774999957 198.7509599999999921 442.1018717749999496 198.0489599999999939 441.371791774999906 196.616880000000009 c
441.1471517749999407 196.0552800000000104 441.0348317749999296 195.5217600000000004 441.0348317749999296 194.9320800000000133 c
441.0348317749999296 191.8713600000000099 444.4605917749999549 188.4736800000000017 448.3917917749999447 188.2771199999999965 c
f
Q
Q
Q
Q
q
q
q
q
1.5 w
0. G
[] 0. d
1. 0. 0. 1. 0. 0. cm
487.8030717749999212 193.5 m
487.8030717749999212 158.5 l
S
Q
Q
q
q
0. g
0.3 w
[] 0. d
1. 0. 0. 1. 0. 0. cm
476.5348317749999296 193.5 m
483.8917917749999447 188.2771199999999965 m
484.0041117749999557 188.2771199999999965 484.1725917749999439 188.2771199999999965 484.2006717749999325 188.2771199999999965 c
484.2006717749999325 188.2771199999999965 484.2287517749999211 188.2771199999999965 484.2287517749999211 188.2771199999999965 c
484.2287517749999211 188.2771199999999965 484.3972317749999092 188.2771199999999965 484.5376317749999089 188.2771199999999965 c
487.0648317749999023 188.4175199999999961 488.5530717749999212 190.0742400000000032 488.5530717749999212 192.1521600000000092 c
488.5530717749999212 193.1630399999999952 488.2161117749999448 194.3143200000000093 487.373711774999947 195.4094399999999894 c
485.7731517749999171 197.5715999999999894 483.1617117749999579 198.7509599999999921 480.8872317749999183 198.7509599999999921 c
479.118191774999957 198.7509599999999921 477.6018717749999496 198.0489599999999939 476.871791774999906 196.616880000000009 c
476.6471517749999407 196.0552800000000104 476.5348317749999296 195.5217600000000004 476.5348317749999296 194.9320800000000133 c
476.5348317749999296 191.8713600000000099 479.9605917749999549 188.4736800000000017 483.8917917749999447 188.2771199999999965 c
f
Q
Q
Q
Q
q
q
q
q
1.5 w
0. G
[] 0. d
1. 0. 0. 1. 0. 0. cm
523.3030717749999212 198.5 m
523.3030717749999212 163.5 l
S
Q
Q
q
q
0. g
0.3 w
[] 0. d
1. 0. 0. 1. 0. 0. cm
512.0348317749999296 198.5 m
519.3917917749998878 193.2771199999999965 m
519.5041117749999557 193.2771199999999965 519.6725917749998871 193.2771199999999965 519.7006717749999325 193.2771199999999965 c
519.7006717749999325 193.2771199999999965 519.7287517749999779 193.2771199999999965 519.7287517749999779 193.2771199999999965 c
519.7287517749999779 193.2771199999999965 519.8972317749999092 193.2771199999999965 520.0376317749999089 193.2771199999999965 c
522.5648317749999023 193.4175199999999961 524.0530717749999212 195.0742400000000032 524.0530717749999212 197.1521600000000092 c
524.0530717749999212 198.1630399999999952 523.7161117749999448 199.3143200000000093 522.873711774999947 200.4094399999999894 c
521.2731517749999739 202.5715999999999894 518.6617117749999579 203.7509599999999921 516.3872317749999183 203.7509599999999921 c
514.6181917749999002 203.7509599999999921 513.1018717749999496 203.0489599999999939 512.371791774999906 201.616880000000009 c
512.1471517749998839 201.0552800000000104 512.0348317749999296 200.5217600000000004 512.0348317749999296 199.9320800000000133 c
512.0348317749999296 196.8713600000000099 515.460591774999898 193.4736800000000017 519.3917917749998878 193.2771199999999965 c
f
Q
Q
Q
Q
q
q
q
q
1.5 w
0. G
[] 0. d
1. 0. 0. 1. 0. 0. cm
558.8030717749999212 203.5 m
558.8030717749999212 168.5 l
S
Q
Q
q
q
0. g
0.3 w
[] 0. d
1. 0. 0. 1. 0. 0. cm
547.5348317749999296 203.5 m
554.8917917749998878 198.2771199999999965 m
555.0041117749999557 198.2771199999999965 555.1725917749998871 198.2771199999999965 555.2006717749999325 198.2771199999999965 c
555.2006717749999325 198.2771199999999965 555.2287517749999779 198.2771199999999965 555.2287517749999779 198.2771199999999965 c
555.2287517749999779 198.2771199999999965 555.3972317749999092 198.2771199999999965 555.5376317749999089 198.2771199999999965 c
558.0648317749999023 198.4175199999999961 559.5530717749999212 200.0742400000000032 559.5530717749999212 202.1521600000000092 c
559.5530717749999212 203.1630399999999952 559.2161117749999448 204.3143200000000093 558.373711774999947 205.4094399999999894 c
556.7731517749999739 207.5715999999999894 554.1617117749999579 208.7509599999999921 551.8872317749999183 208.7509599999999921 c
550.1181917749999002 208.7509599999999921 548.6018717749999496 208.0489599999999939 547.871791774999906 206.616880000000009 c
547.6471517749998839 206.0552800000000104 547.5348317749999296 205.5217600000000004 547.5348317749999296 204.9320800000000133 c
547.5348317749999296 201.8713600000000099 550.960591774999898 198.4736800000000017 554.8917917749998878 198.2771199999999965 c
f
Q
Q
Q
Q
Q
Q
q
q
q
0. G
[] 0. d
1. 0. 0. 1. 0. 0. cm
178.349609375 243.5 m
424.0348317749999296 243.5 l
S
Q
q
0. G
[] 0. d
1. 0. 0. 1. 0. 0. cm
178.349609375 253.5 m
424.0348317749999296 253.5 l
S
Q
q
0. G
[] 0. d
1. 0. 0. 1. 0. 0. cm
178.349609375 263.5 m
424.0348317749999296 263.5 l
S
Q
q
0. G
[] 0. d
1. 0. 0. 1. 0. 0. cm
178.349609375 273.5 m
424.0348317749999296 273.5 l
S
Q
q
0. G
[] 0. d
1. 0. 0. 1. 0. 0. cm
178.349609375 283.5 m
424.0348317749999296 283.5 l
S
Q
q
0. g
0.3 w
0. G
[] 0. d
1. 0. 0. 1. 0. 0. cm
424.0348317749999296 243. m
425.0348317749999296 243. l
425.0348317749999296 284. l
424.0348317749999296 284. l
h
B
Q
q
q
0. g
0.3 w
[] 0. d
1. 0. 0. 1. 0. 0. cm
183.349609375 273.5 m
197.4040093749999869 230.3288000000000011 m
197.4616093749999948 230.3000000000000114 197.5192093750000026 230.3000000000000114 197.6056093750000002 230.3000000000000114 c
197.9512093749999906 230.3000000000000114 198.3544093749999888 230.5879999999999939 198.9304093750000106 231.3079999999999927 c
201.2632093750000024 233.9864000000000033 202.9048093750000135 238.6519999999999868 202.9048093750000135 242.4535999999999945 c
202.9048093750000135 242.7416000000000054 202.8472093750000056 242.9720000000000084 202.8472093750000056 243.2599999999999909 c
202.5880093750000128 247.7815999999999974 200.7448093749999884 251.4968000000000075 197.0872093749999863 255.0104000000000042 c
196.1080093749999946 255.9608000000000061 l
195.7624093750000043 256.3351999999999862 l
195.7624093750000043 256.4504000000000019 l
195.9640093749999892 257.3143999999999778 l
196.2808093749999898 258.8695999999999913 l
196.5976093749999905 260.309599999999989 l
197.0296093750000068 262.2680000000000291 197.202409375000002 263.2760000000000105 197.202409375000002 263.2760000000000105 c
197.202409375000002 263.2760000000000105 197.202409375000002 263.2760000000000105 197.202409375000002 263.2760000000000105 c
197.202409375000002 263.2760000000000105 197.3176093749999893 263.2760000000000105 197.4616093749999948 263.2472000000000207 c
197.6056093750000002 263.2472000000000207 198.0664093750000063 263.1895999999999844 198.5560093750000021 263.1895999999999844 c
198.9016093749999925 263.1895999999999844 199.2472093750000113 263.2472000000000207 199.4200093750000065 263.2472000000000207 c
203.4808093750000069 263.7656000000000063 206.6200093749999951 266.6743999999999915 207.5128093749999891 270.76400000000001 c
207.6856093750000127 271.426400000000001 207.7432093749999922 272.1464000000000283 207.7432093749999922 272.8663999999999987 c
207.7432093749999922 276.7543999999999755 205.4104093750000004 280.469600000000014 201.5224093749999952 282.2264000000000124 c
201.2920093749999921 282.3704000000000178 201.2056093749999945 282.3992000000000075 201.2056093749999945 282.3992000000000075 c
201.2056093749999945 282.4279999999999973 l
201.2056093749999945 282.4279999999999973 201.3784093749999897 283.0903999999999883 201.5224093749999952 283.8392000000000053 c
201.9544093750000116 286.02800000000002 l
202.3576093750000098 287.7848000000000184 l
202.5880093750000128 288.9080000000000155 202.7032093750000001 289.7144000000000119 202.7032093750000001 290.4343999999999824 c
202.7032093750000001 291.0679999999999836 202.6168093750000025 291.6440000000000055 202.4728093749999971 292.3063999999999965 c
201.4936093750000055 296.309599999999989 198.0088093749999985 298.6999999999999886 194.380009374999986 298.6999999999999886 c
192.5944093749999979 298.6999999999999886 190.751209375000002 298.1240000000000236 189.138409375000009 296.8279999999999745 c
187.6984093750000113 295.6184000000000083 187.06480937500001 294.5240000000000009 187.06480937500001 293.0840000000000032 c
187.06480937500001 290.5495999999999981 189.1096093749999909 288.76400000000001 191.2408093749999978 288.76400000000001 c
191.9896093749999864 288.76400000000001 192.7384093750000034 288.9943999999999846 193.4584093750000022 289.426400000000001 c
194.6680093749999969 290.2615999999999872 195.2152093750000006 291.5287999999999897 195.2152093750000006 292.7672000000000025 c
195.2152093750000006 294.6680000000000064 193.8904093749999902 296.5400000000000205 191.6152093750000063 296.6840000000000259 c
191.3848093750000032 296.6840000000000259 l
191.5576093749999984 296.7991999999999848 l
192.5080093750000003 297.2024000000000115 193.4584093750000022 297.4039999999999964 194.380009374999986 297.4039999999999964 c
196.7128093750000062 297.4039999999999964 198.9016093749999925 296.2232000000000198 200.2264093750000029 294.1784000000000106 c
200.9752093749999915 293.0264000000000237 201.3784093749999897 291.6727999999999952 201.3784093749999897 290.3192000000000235 c
201.3784093749999897 289.8007999999999811 201.2920093749999921 289.2823999999999955 201.1768093750000048 288.7063999999999737 c
201.1768093750000048 288.6487999999999943 201.0904093750000072 288.1879999999999882 200.9752093749999915 287.7559999999999718 c
200.3416093749999902 284.6456000000000017 199.9672093750000101 282.8312000000000239 199.9672093750000101 282.8312000000000239 c
199.9672093750000101 282.8312000000000239 199.9672093750000101 282.8312000000000239 199.9672093750000101 282.8312000000000239 c
199.9096093750000023 282.8312000000000239 199.7944093749999865 282.8312000000000239 199.7080093749999889 282.8888000000000034 c
199.4200093750000065 282.9463999999999828 198.8152093749999949 283.0903999999999883 198.5560093750000021 283.119199999999978 c
197.9224093750000009 283.205600000000004 197.3176093749999893 283.2343999999999937 196.7416093749999959 283.2343999999999937 c
191.0968093749999923 283.2343999999999937 185.8552093749999869 279.4327999999999861 184.0408093750000091 273.8168000000000006 c
183.580009375000003 272.3192000000000235 183.3208093750000103 270.8215999999999894 183.3208093750000103 269.3240000000000123 c
183.3208093750000103 266.3288000000000011 184.2712093750000122 263.3912000000000262 186.1144093750000081 260.7703999999999951 c
188.1304093749999993 257.9191999999999894 190.1464093749999904 255.4712000000000103 192.6232093749999876 252.9368000000000052 c
193.487209374999992 252.0440000000000111 l
193.285609375000007 250.9783999999999935 l
192.9112093749999985 249.2215999999999951 l
192.4216093750000027 246.975200000000001 l
192.2776093749999973 246.1399999999999864 192.1048093750000021 245.3335999999999899 192.0760093750000124 245.1607999999999947 c
191.9320093750000069 244.2103999999999928 191.8456093750000093 243.288800000000009 191.8456093750000093 242.3384000000000071 c
191.8456093750000093 238.7095999999999947 193.0264093750000143 235.2248000000000161 195.2440093749999903 232.4311999999999898 c
195.9064093750000097 231.5672000000000139 197.0872093749999863 230.4151999999999987 197.4040093749999869 230.3288000000000011 c
199.1608093749999853 236.0312000000000126 m
199.1032093750000058 236.0312000000000126 199.0168093750000082 236.0312000000000126 198.9304093750000106 236.0312000000000126 c
197.7496093750000057 236.0312000000000126 196.2232093750000104 237.1255999999999915 195.1864093750000109 238.7384000000000128 c
194.1208093749999932 240.322400000000016 193.5736093749999895 242.4248000000000047 193.5736093749999895 244.5848000000000013 c
193.5736093749999895 245.1607999999999947 193.6024093750000077 245.7656000000000063 193.6888093750000053 246.3703999999999894 c
193.7752093750000029 246.8024000000000058 193.8040093749999926 247.0903999999999883 194.0344093749999956 248.1272000000000162 c
194.4376093749999939 249.941599999999994 l
194.5528093750000096 250.4887999999999977 194.6392093750000072 250.9207999999999856 194.6392093750000072 250.9783999999999935 c
194.6392093750000072 250.9783999999999935 l
194.6680093749999969 250.9783999999999935 195.560809374999991 249.9992000000000019 195.8488093750000019 249.6536000000000115 c
198.7288093749999973 246.3992000000000075 200.456809375000006 242.9720000000000084 200.8312093750000145 239.9480000000000075 c
200.8600093750000042 239.6599999999999966 200.8600093750000042 239.4295999999999935 200.8600093750000042 239.1416000000000111 c
200.8600093750000042 238.248800000000017 200.7448093749999884 237.3847999999999843 200.5432093750000035 236.9240000000000066 c
200.3128093750000005 236.4632000000000005 199.7944093749999865 236.088799999999992 199.1608093749999853 236.0312000000000126 c
194.8120093750000024 258.2936000000000263 m
194.7544093749999945 257.8903999999999996 194.6680093749999969 257.573599999999999 194.6680093749999969 257.5160000000000196 c
194.6680093749999969 257.5160000000000196 194.6680093749999969 257.5160000000000196 194.6392093750000072 257.5160000000000196 c
194.5816093749999993 257.5160000000000196 193.3432093749999865 258.9560000000000173 192.4792093750000106 259.9639999999999986 c
191.0104093749999947 261.7495999999999867 189.4552093750000097 263.880800000000022 188.8216093750000084 264.9175999999999931 c
187.6120093750000137 266.9624000000000024 187.0072093750000022 269.2375999999999863 187.0072093750000022 271.4839999999999804 c
187.0072093750000022 272.9528000000000247 187.2952093750000131 274.3639999999999759 187.8136093749999986 275.7176000000000045 c
189.3688093750000121 279.720799999999997 192.9400093749999883 282.2264000000000124 196.8280093749999935 282.2264000000000124 c
197.2888093749999996 282.2264000000000124 197.8072093750000136 282.1976000000000226 198.2968093750000094 282.1111999999999966 c
198.9304093750000106 281.9959999999999809 199.7080093749999889 281.7656000000000063 199.7080093749999889 281.6791999999999803 c
199.7080093749999889 281.6791999999999803 l
199.7080093749999889 281.6791999999999803 199.6504093750000095 281.3912000000000262 199.5640093750000119 281.0744000000000256 c
198.7288093749999973 276.9560000000000173 l
198.0664093750000063 273.8743999999999801 l
197.63440937499999 271.7432000000000016 l
197.1736093750000123 269.6696000000000026 l
196.9432093750000092 268.4311999999999898 196.8568093750000116 268.1143999999999892 196.8568093750000116 268.1143999999999892 c
196.8568093750000116 268.1143999999999892 196.8568093750000116 268.0855999999999995 196.8280093749999935 268.0855999999999995 c
196.6552093749999983 268.0855999999999995 195.7336093750000146 268.5464000000000055 195.3304093749999879 268.8344000000000165 c
193.8328093750000107 269.8711999999999875 193.055209375000004 271.512800000000027 193.055209375000004 273.1256000000000199 c
193.055209375000004 274.6519999999999868 193.8040093749999926 276.1784000000000106 195.2440093749999903 277.0711999999999762 c
195.560809374999991 277.2728000000000179 195.6760093750000067 277.4456000000000131 195.6760093750000067 277.647199999999998 c
195.6760093750000067 277.6759999999999877 195.6760093750000067 277.7624000000000137 195.6760093750000067 277.7912000000000035 c
195.6184093749999988 278.1367999999999938 195.4168093750000139 278.2807999999999993 195.128809375000003 278.2807999999999993 c
195.0136093749999873 278.2807999999999993 194.8696093750000102 278.2520000000000095 194.6968093749999866 278.1655999999999835 c
192.0472093749999942 277.0135999999999967 190.2616093750000061 274.2776000000000067 190.2616093750000061 271.2823999999999955 c
190.2616093750000061 271.2823999999999955 l
190.2616093750000061 267.8263999999999783 192.4216093750000027 264.8312000000000239 195.7336093750000146 263.6503999999999905 c
195.9064093750000097 263.5928000000000111 l
195.6184093749999988 262.1528000000000134 l
194.8120093750000024 258.2936000000000263 l
199.1320093749999955 267.9128000000000043 m
198.9016093749999925 267.8840000000000146 198.6712093749999894 267.8840000000000146 198.4984093749999943 267.8840000000000146 c
198.4408093749999864 267.8840000000000146 198.3544093749999888 267.8840000000000146 198.2968093750000094 267.8840000000000146 c
198.1528093750000039 267.8840000000000146 l
198.2680093749999912 268.4024000000000001 l
198.8728093750000028 271.2248000000000161 l
199.2472093750000113 273.0679999999999836 l
199.6504093750000095 274.8824000000000183 l
200.456809375000006 278.8856000000000108 l
200.7736093750000066 280.4119999999999777 l
200.8888093749999939 280.8152000000000044 200.9464093750000018 281.1607999999999947 200.9752093749999915 281.1607999999999947 c
200.9752093749999915 281.1607999999999947 200.9752093749999915 281.1607999999999947 200.9752093749999915 281.1607999999999947 c
201.0040093750000096 281.1607999999999947 201.4936093750000055 280.8727999999999838 201.8104093750000061 280.6424000000000092 c
203.2792093749999935 279.6055999999999813 204.3736093750000009 277.9927999999999884 204.7768093749999991 276.322400000000016 c
204.9208093750000046 275.7751999999999839 204.9784093750000125 275.1992000000000189 204.9784093750000125 274.6519999999999868 c
204.9784093750000125 271.3111999999999853 202.5016093749999868 268.2871999999999844 199.1320093749999955 267.9128000000000043 c
f
Q
Q
q
q
0. g
0.3 w
[] 0. d
1. 0. 0. 1. 0. 0. cm
224.349609375 263.5 m
229.3608093750000023 245.1544000000000096 m
229.389609374999992 245.1255999999999915 229.7928093749999903 245.1255999999999915 231.0312093750000031 245.1255999999999915 c
231.4056093750000116 245.1255999999999915 231.8088093750000098 245.1255999999999915 232.3272093749999954 245.1255999999999915 c
235.236009375000009 245.1255999999999915 l
235.3224093750000065 245.2119999999999891 l
235.466409375000012 245.2984000000000151 235.5528093750000096 245.4423999999999921 235.5528093750000096 245.5576000000000079 c
235.5528093750000096 245.730400000000003 235.466409375000012 245.8455999999999904 235.3512093749999963 245.9608000000000061 c
235.3224093750000065 246.0472000000000037 235.0632093749999854 246.2776000000000067 234.8904093749999902 246.5367999999999995 c
233.3640093749999949 248.2935999999999979 l
231.4056093750000116 250.5112000000000023 l
230.3688093750000121 251.6920000000000073 l
228.8136093749999986 253.4775999999999954 l
226.7688093749999894 255.8103999999999871 l
226.423209374999999 256.2423999999999751 226.0488093749999905 256.5880000000000223 226.0488093749999905 256.5880000000000223 c
226.0488093749999905 256.5880000000000223 226.0488093749999905 256.5880000000000223 226.0488093749999905 256.5880000000000223 c
226.0488093749999905 256.6456000000000017 226.3080093750000117 256.6456000000000017 228.6984093750000113 256.6456000000000017 c
231.319209375000014 256.6456000000000017 l
231.319209375000014 254.7735999999999876 l
231.319209375000014 252.8728000000000122 231.319209375000014 252.8439999999999941 231.3480093750000037 252.8152000000000044 c
231.4056093750000116 252.7288000000000068 231.6648093750000044 252.4120000000000061 232.6728093749999857 251.2312000000000012 c
233.0760093750000124 250.7992000000000132 l
233.4792093750000106 250.3671999999999969 l
234.0840093749999937 249.5895999999999901 l
234.717609374999995 248.9271999999999991 l
235.0344093749999956 248.5240000000000009 l
235.1496093750000114 248.3512000000000057 235.3224093750000065 248.3223999999999876 235.466409375000012 248.3223999999999876 c
235.6392093750000072 248.3223999999999876 235.7832093750000126 248.4088000000000136 235.8696093750000102 248.5527999999999906 c
235.898409375 248.6391999999999882 235.898409375 248.6967999999999961 235.898409375 250.828000000000003 c
235.898409375 251.3175999999999988 235.898409375 251.9224000000000103 235.898409375 252.6424000000000092 c
235.898409375 256.6456000000000017 l
236.6184093749999988 256.6456000000000017 l
237.2808093749999898 256.6456000000000017 237.309609375000008 256.6456000000000017 237.3960093750000055 256.6743999999999915 c
237.6264093750000086 256.7608000000000175 237.7416093749999959 256.9911999999999921 237.7416093749999959 257.2504000000000133 c
237.7416093749999959 257.3944000000000187 237.7128093750000062 257.5672000000000139 237.5976093749999905 257.6823999999999728 c
237.4248093749999953 257.8263999999999783 237.3960093750000055 257.8263999999999783 236.6184093749999988 257.8263999999999783 c
235.898409375 257.8263999999999783 l
235.898409375 258.3159999999999741 l
235.9272093749999897 259.7848000000000184 236.2152093750000006 260.3607999999999834 237.3384093749999977 260.9655999999999949 c
237.7416093749999959 261.1671999999999798 237.8280093749999935 261.2248000000000161 237.8280093749999935 261.512800000000027 c
237.8280093749999935 261.7144000000000119 237.7704093749999856 261.8007999999999811 237.6264093750000086 261.9159999999999968 c
237.540009375000011 261.9447999999999865 l
233.5944093749999979 261.9447999999999865 l
229.677609375000003 261.9447999999999865 l
229.5912093750000054 261.9159999999999968 l
229.4184093750000102 261.8007999999999811 229.389609374999992 261.7144000000000119 229.389609374999992 261.512800000000027 c
229.389609374999992 261.2248000000000161 229.4184093750000102 261.1671999999999798 229.8504093749999981 260.9655999999999949 c
230.9736093749999952 260.3607999999999834 231.2616093750000061 259.7848000000000184 231.2616093750000061 258.3159999999999741 c
231.2616093750000061 257.8263999999999783 l
227.9496093749999943 257.8263999999999783 l
227.3448093750000112 257.8840000000000146 226.8552093749999869 257.8840000000000146 226.4520093749999887 257.8840000000000146 c
224.6376093750000109 257.8840000000000146 224.6088093749999928 257.8263999999999783 224.580009375000003 257.8263999999999783 c
224.4072093750000079 257.7687999999999988 224.349609375 257.5960000000000036 224.349609375 257.3944000000000187 c
224.349609375 257.3944000000000187 224.349609375 257.3944000000000187 224.349609375 257.3944000000000187 c
224.349609375 257.192799999999977 224.349609375 257.192799999999977 224.9256093749999934 256.530399999999986 c
227.3448093750000112 253.5928000000000111 229.0440093750000017 249.3303999999999974 229.0440093750000017 245.9320000000000164 c
229.0440093750000017 245.4136000000000024 229.1304093749999993 245.2408000000000072 229.3608093750000023 245.1544000000000096 c
231.088809375000011 263.5287999999999897 m
231.1176093750000007 263.5287999999999897 l
231.0312093750000031 263.5287999999999897 l
231.088809375000011 263.5287999999999897 l
231.088809375000011 244.1176000000000101 m
231.1176093750000007 244.1176000000000101 l
231.0312093750000031 244.1176000000000101 l
231.088809375000011 244.1176000000000101 l
f
Q
q
0. g
0.3 w
[] 0. d
1. 0. 0. 1. 0. 0. cm
224.349609375 283.5 m
229.3608093750000023 265.1544000000000096 m
229.389609374999992 265.1256000000000199 229.7928093749999903 265.1256000000000199 231.0312093750000031 265.1256000000000199 c
231.4056093750000116 265.1256000000000199 231.8088093750000098 265.1256000000000199 232.3272093749999954 265.1256000000000199 c
235.236009375000009 265.1256000000000199 l
235.3224093750000065 265.2119999999999891 l
235.466409375000012 265.2984000000000151 235.5528093750000096 265.4424000000000206 235.5528093750000096 265.5575999999999794 c
235.5528093750000096 265.7303999999999746 235.466409375000012 265.8455999999999904 235.3512093749999963 265.9608000000000061 c
235.3224093750000065 266.0471999999999753 235.0632093749999854 266.2776000000000067 234.8904093749999902 266.5367999999999711 c
233.3640093749999949 268.2936000000000263 l
231.4056093750000116 270.5111999999999739 l
230.3688093750000121 271.6920000000000073 l
228.8136093749999986 273.4775999999999954 l
226.7688093749999894 275.8104000000000156 l
226.423209374999999 276.2423999999999751 226.0488093749999905 276.5880000000000223 226.0488093749999905 276.5880000000000223 c
226.0488093749999905 276.5880000000000223 226.0488093749999905 276.5880000000000223 226.0488093749999905 276.5880000000000223 c
226.0488093749999905 276.6456000000000017 226.3080093750000117 276.6456000000000017 228.6984093750000113 276.6456000000000017 c
231.319209375000014 276.6456000000000017 l
231.319209375000014 274.7735999999999876 l
231.319209375000014 272.8727999999999838 231.319209375000014 272.8439999999999941 231.3480093750000037 272.8152000000000044 c
231.4056093750000116 272.7287999999999784 231.6648093750000044 272.4119999999999777 232.6728093749999857 271.2312000000000012 c
233.0760093750000124 270.7991999999999848 l
233.4792093750000106 270.3672000000000253 l
234.0840093749999937 269.5896000000000186 l
234.717609374999995 268.9272000000000276 l
235.0344093749999956 268.5240000000000009 l
235.1496093750000114 268.3512000000000057 235.3224093750000065 268.322400000000016 235.466409375000012 268.322400000000016 c
235.6392093750000072 268.322400000000016 235.7832093750000126 268.4087999999999852 235.8696093750000102 268.5527999999999906 c
235.898409375 268.6392000000000166 235.898409375 268.6967999999999961 235.898409375 270.8279999999999745 c
235.898409375 271.3176000000000272 235.898409375 271.9223999999999819 235.898409375 272.6424000000000092 c
235.898409375 276.6456000000000017 l
236.6184093749999988 276.6456000000000017 l
237.2808093749999898 276.6456000000000017 237.309609375000008 276.6456000000000017 237.3960093750000055 276.6743999999999915 c
237.6264093750000086 276.7608000000000175 237.7416093749999959 276.9911999999999921 237.7416093749999959 277.2504000000000133 c
237.7416093749999959 277.3944000000000187 237.7128093750000062 277.5672000000000139 237.5976093749999905 277.6823999999999728 c
237.4248093749999953 277.8263999999999783 237.3960093750000055 277.8263999999999783 236.6184093749999988 277.8263999999999783 c
235.898409375 277.8263999999999783 l
235.898409375 278.3159999999999741 l
235.9272093749999897 279.7848000000000184 236.2152093750000006 280.3607999999999834 237.3384093749999977 280.9655999999999949 c
237.7416093749999959 281.1671999999999798 237.8280093749999935 281.2248000000000161 237.8280093749999935 281.512800000000027 c
237.8280093749999935 281.7144000000000119 237.7704093749999856 281.8007999999999811 237.6264093750000086 281.9159999999999968 c
237.540009375000011 281.9447999999999865 l
233.5944093749999979 281.9447999999999865 l
229.677609375000003 281.9447999999999865 l
229.5912093750000054 281.9159999999999968 l
229.4184093750000102 281.8007999999999811 229.389609374999992 281.7144000000000119 229.389609374999992 281.512800000000027 c
229.389609374999992 281.2248000000000161 229.4184093750000102 281.1671999999999798 229.8504093749999981 280.9655999999999949 c
230.9736093749999952 280.3607999999999834 231.2616093750000061 279.7848000000000184 231.2616093750000061 278.3159999999999741 c
231.2616093750000061 277.8263999999999783 l
227.9496093749999943 277.8263999999999783 l
227.3448093750000112 277.8840000000000146 226.8552093749999869 277.8840000000000146 226.4520093749999887 277.8840000000000146 c
224.6376093750000109 277.8840000000000146 224.6088093749999928 277.8263999999999783 224.580009375000003 277.8263999999999783 c
224.4072093750000079 277.7687999999999988 224.349609375 277.5960000000000036 224.349609375 277.3944000000000187 c
224.349609375 277.3944000000000187 224.349609375 277.3944000000000187 224.349609375 277.3944000000000187 c
224.349609375 277.192799999999977 224.349609375 277.192799999999977 224.9256093749999934 276.530399999999986 c
227.3448093750000112 273.5928000000000111 229.0440093750000017 269.3303999999999974 229.0440093750000017 265.9320000000000164 c
229.0440093750000017 265.413599999999974 229.1304093749999993 265.2407999999999788 229.3608093750000023 265.1544000000000096 c
231.088809375000011 283.5287999999999897 m
231.1176093750000007 283.5287999999999897 l
231.0312093750000031 283.5287999999999897 l
231.088809375000011 283.5287999999999897 l
231.088809375000011 264.1175999999999817 m
231.1176093750000007 264.1175999999999817 l
231.0312093750000031 264.1175999999999817 l
231.088809375000011 264.1175999999999817 l
f
Q
Q
q
q
0. G
[] 0. d
1. 0. 0. 1. 0. 0. cm
246.8280093749999935 293.5 m
264.8462493750000135 293.5 l
S
Q
Q
q
q
q
q
1.5 w
0. G
[] 0. d
1. 0. 0. 1. 0. 0. cm
261.0962493750000135 293.5 m
261.0962493750000135 258.5 l
S
Q
Q
q
q
0. g
0.3 w
[] 0. d
1. 0. 0. 1. 0. 0. cm
249.8280093749999935 293.5 m
257.1849693749999801 288.2771200000000249 m
257.2972893749999912 288.2771200000000249 257.4657693749999794 288.2771200000000249 257.4938493749999679 288.2771200000000249 c
257.4938493749999679 288.2771200000000249 257.5219293750000134 288.2771200000000249 257.5219293750000134 288.2771200000000249 c
257.5219293750000134 288.2771200000000249 257.6904093750000015 288.2771200000000249 257.8308093750000012 288.2771200000000249 c
260.3580093749999946 288.4175200000000245 261.8462493750000135 290.0742399999999748 261.8462493750000135 292.1521599999999808 c
261.8462493750000135 293.1630400000000236 261.5092893749999803 294.3143200000000093 260.6668893749999825 295.4094400000000178 c
259.0663293750000093 297.5715999999999894 256.4548893749999934 298.7509600000000205 254.1804093749999822 298.7509600000000205 c
252.4113693749999925 298.7509600000000205 250.895049374999985 298.0489600000000223 250.1649693749999983 296.6168799999999806 c
249.9403293750000046 296.055279999999982 249.8280093749999935 295.521759999999972 249.8280093749999935 294.9320799999999849 c
249.8280093749999935 291.8713599999999815 253.2537693749999903 288.4736800000000017 257.1849693749999801 288.2771200000000249 c
f
Q
Q
Q
Q
q
q
0. G
[] 0. d
1. 0. 0. 1. 0. 0. cm
289.2084093749999738 293.5 m
307.2266493749999654 293.5 l
S
Q
Q
q
q
q
q
1.5 w
0. G
[] 0. d
1. 0. 0. 1. 0. 0. cm
303.4766493749999654 293.5 m
303.4766493749999654 258.5 l
S
Q
Q
q
q
0. g
0.3 w
[] 0. d
1. 0. 0. 1. 0. 0. cm
292.2084093749999738 293.5 m
299.5653693749999888 288.2771200000000249 m
299.6776893749999999 288.2771200000000249 299.8461693749999881 288.2771200000000249 299.8742493749999767 288.2771200000000249 c
299.8742493749999767 288.2771200000000249 299.9023293749999652 288.2771200000000249 299.9023293749999652 288.2771200000000249 c
299.9023293749999652 288.2771200000000249 300.0708093749999534 288.2771200000000249 300.2112093749999531 288.2771200000000249 c
302.7384093749999465 288.4175200000000245 304.2266493749999654 290.0742399999999748 304.2266493749999654 292.1521599999999808 c
304.2266493749999654 293.1630400000000236 303.889689374999989 294.3143200000000093 303.0472893749999912 295.4094400000000178 c
301.4467293749999612 297.5715999999999894 298.8352893750000021 298.7509600000000205 296.5608093749999625 298.7509600000000205 c
294.7917693750000012 298.7509600000000205 293.2754493749999938 298.0489600000000223 292.5453693749999502 296.6168799999999806 c
292.3207293749999849 296.055279999999982 292.2084093749999738 295.521759999999972 292.2084093749999738 294.9320799999999849 c
292.2084093749999738 291.8713599999999815 295.634169374999999 288.4736800000000017 299.5653693749999888 288.2771200000000249 c
f
Q
Q
Q
Q
q
q
q
q
1.5 w
0. G
[] 0. d
1. 0. 0. 1. 0. 0. cm
345.8570493749999741 288.5 m
345.8570493749999741 253.5 l
S
Q
Q
q
q
0. g
0.3 w
[] 0. d
1. 0. 0. 1. 0. 0. cm
334.5888093749999825 288.5 m
341.9457693749999976 283.2771200000000249 m
342.0580893750000087 283.2771200000000249 342.2265693749999969 283.2771200000000249 342.2546493749999854 283.2771200000000249 c
342.2546493749999854 283.2771200000000249 342.282729374999974 283.2771200000000249 342.282729374999974 283.2771200000000249 c
342.282729374999974 283.2771200000000249 342.4512093749999622 283.2771200000000249 342.5916093749999618 283.2771200000000249 c
345.1188093749999553 283.4175200000000245 346.6070493749999741 285.0742399999999748 346.6070493749999741 287.1521599999999808 c
346.6070493749999741 288.1630400000000236 346.2700893749999977 289.3143200000000093 345.4276893749999999 290.4094400000000178 c
343.82712937499997 292.5715999999999894 341.2156893750000108 293.7509600000000205 338.9412093749999713 293.7509600000000205 c
337.1721693750000099 293.7509600000000205 335.6558493750000025 293.0489600000000223 334.9257693749999589 291.6168799999999806 c
334.7011293749999936 291.055279999999982 334.5888093749999825 290.521759999999972 334.5888093749999825 289.9320799999999849 c
334.5888093749999825 286.8713599999999815 338.0145693750000078 283.4736800000000017 341.9457693749999976 283.2771200000000249 c
f
Q
Q
Q
Q
q
q
0. G
[] 0. d
1. 0. 0. 1. 0. 0. cm
373.9692093749999913 293.5 m
391.9874493749999829 293.5 l
S
Q
Q
q
q
q
q
1.5 w
0. G
[] 0. d
1. 0. 0. 1. 0. 0. cm
388.2374493749999829 293.5 m
388.2374493749999829 258.5 l
S
Q
Q
q
q
0. g
0.3 w
[] 0. d
1. 0. 0. 1. 0. 0. cm
376.9692093749999913 293.5 m
384.3261693750000063 288.2771200000000249 m
384.4384893750000174 288.2771200000000249 384.6069693750000056 288.2771200000000249 384.6350493749999941 288.2771200000000249 c
384.6350493749999941 288.2771200000000249 384.6631293749999827 288.2771200000000249 384.6631293749999827 288.2771200000000249 c
384.6631293749999827 288.2771200000000249 384.8316093749999709 288.2771200000000249 384.9720093749999705 288.2771200000000249 c
387.499209374999964 288.4175200000000245 388.9874493749999829 290.0742399999999748 388.9874493749999829 292.1521599999999808 c
388.9874493749999829 293.1630400000000236 388.6504893750000065 294.3143200000000093 387.8080893750000087 295.4094400000000178 c
386.2075293749999787 297.5715999999999894 383.5960893750000196 298.7509600000000205 381.32160937499998 298.7509600000000205 c
379.5525693750000187 298.7509600000000205 378.0362493750000112 298.0489600000000223 377.3061693749999677 296.6168799999999806 c
377.0815293750000023 296.055279999999982 376.9692093749999913 295.521759999999972 376.9692093749999913 294.9320799999999849 c
376.9692093749999913 291.8713599999999815 380.3949693750000165 288.4736800000000017 384.3261693750000063 288.2771200000000249 c
f
Q
Q
Q
Q
Q
q
q
0. G
[] 0. d
1. 0. 0. 1. 0. 0. cm
424.0348317749999296 243.5 m
587.7416541749998942 243.5 l
S
Q
q
0. G
[] 0. d
1. 0. 0. 1. 0. 0. cm
424.0348317749999296 253.5 m
587.7416541749998942 253.5 l
S
Q
q
0. G
[] 0. d
1. 0. 0. 1. 0. 0. cm
424.0348317749999296 263.5 m
587.7416541749998942 263.5 l
S
Q
q
0. G
[] 0. d
1. 0. 0. 1. 0. 0. cm
424.0348317749999296 273.5 m
587.7416541749998942 273.5 l
S
Q
q
0. G
[] 0. d
1. 0. 0. 1. 0. 0. cm
424.0348317749999296 283.5 m
587.7416541749998942 283.5 l
S
Q
q
0. g
0.3 w
0. G
[] 0. d
1. 0. 0. 1. 0. 0. cm
587.7416541749998942 243. m
588.7416541749998942 243. l
588.7416541749998942 284. l
587.7416541749998942 284. l
h
B
Q
q
q
q
q
1.5 w
0. G
[] 0. d
1. 0. 0. 1. 0. 0. cm
452.3030717749999212 283.5 m
452.3030717749999212 248.5 l
S
Q
Q
q
q
0. g
0.3 w
[] 0. d
1. 0. 0. 1. 0. 0. cm
441.0348317749999296 283.5 m
448.3917917749999447 278.2771200000000249 m
448.5041117749999557 278.2771200000000249 448.6725917749999439 278.2771200000000249 448.7006717749999325 278.2771200000000249 c
448.7006717749999325 278.2771200000000249 448.7287517749999211 278.2771200000000249 448.7287517749999211 278.2771200000000249 c
448.7287517749999211 278.2771200000000249 448.8972317749999092 278.2771200000000249 449.0376317749999089 278.2771200000000249 c
451.5648317749999023 278.4175200000000245 453.0530717749999212 280.0742399999999748 453.0530717749999212 282.1521599999999808 c
453.0530717749999212 283.1630400000000236 452.7161117749999448 284.3143200000000093 451.873711774999947 285.4094400000000178 c
450.2731517749999171 287.5715999999999894 447.6617117749999579 288.7509600000000205 445.3872317749999183 288.7509600000000205 c
443.618191774999957 288.7509600000000205 442.1018717749999496 288.0489600000000223 441.371791774999906 286.6168799999999806 c
441.1471517749999407 286.055279999999982 441.0348317749999296 285.521759999999972 441.0348317749999296 284.9320799999999849 c
441.0348317749999296 281.8713599999999815 444.4605917749999549 278.4736800000000017 448.3917917749999447 278.2771200000000249 c
f
Q
Q
Q
Q
q
q
q
q
1.5 w
0. G
[] 0. d
1. 0. 0. 1. 0. 0. cm
487.8030717749999212 283.5 m
487.8030717749999212 248.5 l
S
Q
Q
q
q
0. g
0.3 w
[] 0. d
1. 0. 0. 1. 0. 0. cm
476.5348317749999296 283.5 m
483.8917917749999447 278.2771200000000249 m
484.0041117749999557 278.2771200000000249 484.1725917749999439 278.2771200000000249 484.2006717749999325 278.2771200000000249 c
484.2006717749999325 278.2771200000000249 484.2287517749999211 278.2771200000000249 484.2287517749999211 278.2771200000000249 c
484.2287517749999211 278.2771200000000249 484.3972317749999092 278.2771200000000249 484.5376317749999089 278.2771200000000249 c
487.0648317749999023 278.4175200000000245 488.5530717749999212 280.0742399999999748 488.5530717749999212 282.1521599999999808 c
488.5530717749999212 283.1630400000000236 488.2161117749999448 284.3143200000000093 487.373711774999947 285.4094400000000178 c
485.7731517749999171 287.5715999999999894 483.1617117749999579 288.7509600000000205 480.8872317749999183 288.7509600000000205 c
479.118191774999957 288.7509600000000205 477.6018717749999496 288.0489600000000223 476.871791774999906 286.6168799999999806 c
476.6471517749999407 286.055279999999982 476.5348317749999296 285.521759999999972 476.5348317749999296 284.9320799999999849 c
476.5348317749999296 281.8713599999999815 479.9605917749999549 278.4736800000000017 483.8917917749999447 278.2771200000000249 c
f
Q
Q
Q
Q
q
q
q
q
1.5 w
0. G
[] 0. d
1. 0. 0. 1. 0. 0. cm
523.3030717749999212 288.5 m
523.3030717749999212 253.5 l
S
Q
Q
q
q
0. g
0.3 w
[] 0. d
1. 0. 0. 1. 0. 0. cm
512.0348317749999296 288.5 m
519.3917917749998878 283.2771200000000249 m
519.5041117749999557 283.2771200000000249 519.6725917749998871 283.2771200000000249 519.7006717749999325 283.2771200000000249 c
519.7006717749999325 283.2771200000000249 519.7287517749999779 283.2771200000000249 519.7287517749999779 283.2771200000000249 c
519.7287517749999779 283.2771200000000249 519.8972317749999092 283.2771200000000249 520.0376317749999089 283.2771200000000249 c
522.5648317749999023 283.4175200000000245 524.0530717749999212 285.0742399999999748 524.0530717749999212 287.1521599999999808 c
524.0530717749999212 288.1630400000000236 523.7161117749999448 289.3143200000000093 522.873711774999947 290.4094400000000178 c
521.2731517749999739 292.5715999999999894 518.6617117749999579 293.7509600000000205 516.3872317749999183 293.7509600000000205 c
514.6181917749999002 293.7509600000000205 513.1018717749999496 293.0489600000000223 512.371791774999906 291.6168799999999806 c
512.1471517749998839 291.055279999999982 512.0348317749999296 290.521759999999972 512.0348317749999296 289.9320799999999849 c
512.0348317749999296 286.8713599999999815 515.460591774999898 283.4736800000000017 519.3917917749998878 283.2771200000000249 c
f
Q
Q
Q
Q
q
q
0. G
[] 0. d
1. 0. 0. 1. 0. 0. cm
544.5348317749999296 293.5 m
562.5530717749999212 293.5 l
S
Q
Q
q
q
q
q
1.5 w
0. G
[] 0. d
1. 0. 0. 1. 0. 0. cm
558.8030717749999212 293.5 m
558.8030717749999212 258.5 l
S
Q
Q
q
q
0. g
0.3 w
[] 0. d
1. 0. 0. 1. 0. 0. cm
547.5348317749999296 293.5 m
554.8917917749998878 288.2771200000000249 m
555.0041117749999557 288.2771200000000249 555.1725917749998871 288.2771200000000249 555.2006717749999325 288.2771200000000249 c
555.2006717749999325 288.2771200000000249 555.2287517749999779 288.2771200000000249 555.2287517749999779 288.2771200000000249 c
555.2287517749999779 288.2771200000000249 555.3972317749999092 288.2771200000000249 555.5376317749999089 288.2771200000000249 c
558.0648317749999023 288.4175200000000245 559.5530717749999212 290.0742399999999748 559.5530717749999212 292.1521599999999808 c
559.5530717749999212 293.1630400000000236 559.2161117749999448 294.3143200000000093 558.373711774999947 295.4094400000000178 c
556.7731517749999739 297.5715999999999894 554.1617117749999579 298.7509600000000205 551.8872317749999183 298.7509600000000205 c
550.1181917749999002 298.7509600000000205 548.6018717749999496 298.0489600000000223 547.871791774999906 296.6168799999999806 c
547.6471517749998839 296.055279999999982 547.5348317749999296 295.521759999999972 547.5348317749999296 294.9320799999999849 c
547.5348317749999296 291.8713599999999815 550.960591774999898 288.4736800000000017 554.8917917749998878 288.2771200000000249 c
f
Q
Q
Q
Q
Q
Q
q
q
q
0. G
[] 0. d
1. 0. 0. 1. 0. 0. cm
178.349609375 323.5 m
424.0348317749999296 323.5 l
S
Q
q
0. G
[] 0. d
1. 0. 0. 1. 0. 0. cm
178.349609375 333.5 m
424.0348317749999296 333.5 l
S
Q
q
0. G
[] 0. d
1. 0. 0. 1. 0. 0. cm
178.349609375 343.5 m
424.0348317749999296 343.5 l
S
Q
q
0. G
[] 0. d
1. 0. 0. 1. 0. 0. cm
178.349609375 353.5 m
424.0348317749999296 353.5 l
S
Q
q
0. G
[] 0. d
1. 0. 0. 1. 0. 0. cm
178.349609375 363.5 m
424.0348317749999296 363.5 l
S
Q
q
0. g
0.3 w
0. G
[] 0. d
1. 0. 0. 1. 0. 0. cm
424.0348317749999296 323. m
425.0348317749999296 323. l
425.0348317749999296 364. l
424.0348317749999296 364. l
h
B
Q
q
q
0. g
0.3 w
[] 0. d
1. 0. 0. 1. 0. 0. cm
183.349609375 353.5 m
197.4040093749999869 310.3288000000000011 m
197.4616093749999948 310.3000000000000114 197.5192093750000026 310.3000000000000114 197.6056093750000002 310.3000000000000114 c
197.9512093749999906 310.3000000000000114 198.3544093749999888 310.5880000000000223 198.9304093750000106 311.3079999999999927 c
201.2632093750000024 313.9864000000000033 202.9048093750000135 318.6519999999999868 202.9048093750000135 322.4535999999999945 c
202.9048093750000135 322.7416000000000054 202.8472093750000056 322.97199999999998 202.8472093750000056 323.2599999999999909 c
202.5880093750000128 327.7816000000000258 200.7448093749999884 331.4968000000000075 197.0872093749999863 335.0104000000000042 c
196.1080093749999946 335.9608000000000061 l
195.7624093750000043 336.3351999999999862 l
195.7624093750000043 336.4504000000000019 l
195.9640093749999892 337.3143999999999778 l
196.2808093749999898 338.8695999999999913 l
196.5976093749999905 340.309599999999989 l
197.0296093750000068 342.2680000000000291 197.202409375000002 343.2760000000000105 197.202409375000002 343.2760000000000105 c
197.202409375000002 343.2760000000000105 197.202409375000002 343.2760000000000105 197.202409375000002 343.2760000000000105 c
197.202409375000002 343.2760000000000105 197.3176093749999893 343.2760000000000105 197.4616093749999948 343.2472000000000207 c
197.6056093750000002 343.2472000000000207 198.0664093750000063 343.1895999999999844 198.5560093750000021 343.1895999999999844 c
198.9016093749999925 343.1895999999999844 199.2472093750000113 343.2472000000000207 199.4200093750000065 343.2472000000000207 c
203.4808093750000069 343.7656000000000063 206.6200093749999951 346.6743999999999915 207.5128093749999891 350.76400000000001 c
207.6856093750000127 351.426400000000001 207.7432093749999922 352.1464000000000283 207.7432093749999922 352.8663999999999987 c
207.7432093749999922 356.7543999999999755 205.4104093750000004 360.469600000000014 201.5224093749999952 362.2264000000000124 c
201.2920093749999921 362.3704000000000178 201.2056093749999945 362.3992000000000075 201.2056093749999945 362.3992000000000075 c
201.2056093749999945 362.4279999999999973 l
201.2056093749999945 362.4279999999999973 201.3784093749999897 363.0903999999999883 201.5224093749999952 363.8392000000000053 c
201.9544093750000116 366.02800000000002 l
202.3576093750000098 367.7848000000000184 l
202.5880093750000128 368.9080000000000155 202.7032093750000001 369.7144000000000119 202.7032093750000001 370.4343999999999824 c
202.7032093750000001 371.0679999999999836 202.6168093750000025 371.6440000000000055 202.4728093749999971 372.3063999999999965 c
201.4936093750000055 376.309599999999989 198.0088093749999985 378.6999999999999886 194.380009374999986 378.6999999999999886 c
192.5944093749999979 378.6999999999999886 190.751209375000002 378.1240000000000236 189.138409375000009 376.8279999999999745 c
187.6984093750000113 375.6184000000000083 187.06480937500001 374.5240000000000009 187.06480937500001 373.0840000000000032 c
187.06480937500001 370.5495999999999981 189.1096093749999909 368.76400000000001 191.2408093749999978 368.76400000000001 c
191.9896093749999864 368.76400000000001 192.7384093750000034 368.9943999999999846 193.4584093750000022 369.426400000000001 c
194.6680093749999969 370.2615999999999872 195.2152093750000006 371.5287999999999897 195.2152093750000006 372.7672000000000025 c
195.2152093750000006 374.6680000000000064 193.8904093749999902 376.5400000000000205 191.6152093750000063 376.6840000000000259 c
191.3848093750000032 376.6840000000000259 l
191.5576093749999984 376.7991999999999848 l
192.5080093750000003 377.2024000000000115 193.4584093750000022 377.4039999999999964 194.380009374999986 377.4039999999999964 c
196.7128093750000062 377.4039999999999964 198.9016093749999925 376.2232000000000198 200.2264093750000029 374.1784000000000106 c
200.9752093749999915 373.0264000000000237 201.3784093749999897 371.6727999999999952 201.3784093749999897 370.3192000000000235 c
201.3784093749999897 369.8007999999999811 201.2920093749999921 369.2823999999999955 201.1768093750000048 368.7063999999999737 c
201.1768093750000048 368.6487999999999943 201.0904093750000072 368.1879999999999882 200.9752093749999915 367.7559999999999718 c
200.3416093749999902 364.6456000000000017 199.9672093750000101 362.8312000000000239 199.9672093750000101 362.8312000000000239 c
199.9672093750000101 362.8312000000000239 199.9672093750000101 362.8312000000000239 199.9672093750000101 362.8312000000000239 c
199.9096093750000023 362.8312000000000239 199.7944093749999865 362.8312000000000239 199.7080093749999889 362.8888000000000034 c
199.4200093750000065 362.9463999999999828 198.8152093749999949 363.0903999999999883 198.5560093750000021 363.119199999999978 c
197.9224093750000009 363.205600000000004 197.3176093749999893 363.2343999999999937 196.7416093749999959 363.2343999999999937 c
191.0968093749999923 363.2343999999999937 185.8552093749999869 359.4327999999999861 184.0408093750000091 353.8168000000000006 c
183.580009375000003 352.3192000000000235 183.3208093750000103 350.8215999999999894 183.3208093750000103 349.3240000000000123 c
183.3208093750000103 346.3288000000000011 184.2712093750000122 343.3912000000000262 186.1144093750000081 340.7703999999999951 c
188.1304093749999993 337.9191999999999894 190.1464093749999904 335.4712000000000103 192.6232093749999876 332.9368000000000052 c
193.487209374999992 332.0439999999999827 l
193.285609375000007 330.9784000000000219 l
192.9112093749999985 329.2216000000000236 l
192.4216093750000027 326.9751999999999725 l
192.2776093749999973 326.1399999999999864 192.1048093750000021 325.3335999999999899 192.0760093750000124 325.1607999999999947 c
191.9320093750000069 324.2103999999999928 191.8456093750000093 323.2887999999999806 191.8456093750000093 322.3383999999999787 c
191.8456093750000093 318.7096000000000231 193.0264093750000143 315.2248000000000161 195.2440093749999903 312.4311999999999898 c
195.9064093750000097 311.5672000000000139 197.0872093749999863 310.4152000000000271 197.4040093749999869 310.3288000000000011 c
199.1608093749999853 316.0312000000000126 m
199.1032093750000058 316.0312000000000126 199.0168093750000082 316.0312000000000126 198.9304093750000106 316.0312000000000126 c
197.7496093750000057 316.0312000000000126 196.2232093750000104 317.1256000000000199 195.1864093750000109 318.7384000000000128 c
194.1208093749999932 320.322400000000016 193.5736093749999895 322.4248000000000047 193.5736093749999895 324.5847999999999729 c
193.5736093749999895 325.1607999999999947 193.6024093750000077 325.7656000000000063 193.6888093750000053 326.3704000000000178 c
193.7752093750000029 326.8023999999999774 193.8040093749999926 327.0903999999999883 194.0344093749999956 328.1272000000000162 c
194.4376093749999939 329.941599999999994 l
194.5528093750000096 330.4888000000000261 194.6392093750000072 330.9207999999999856 194.6392093750000072 330.9784000000000219 c
194.6392093750000072 330.9784000000000219 l
194.6680093749999969 330.9784000000000219 195.560809374999991 329.9991999999999734 195.8488093750000019 329.6535999999999831 c
198.7288093749999973 326.3992000000000075 200.456809375000006 322.97199999999998 200.8312093750000145 319.9479999999999791 c
200.8600093750000042 319.660000000000025 200.8600093750000042 319.4295999999999935 200.8600093750000042 319.1415999999999826 c
200.8600093750000042 318.248800000000017 200.7448093749999884 317.3847999999999843 200.5432093750000035 316.9239999999999782 c
200.3128093750000005 316.4632000000000289 199.7944093749999865 316.088799999999992 199.1608093749999853 316.0312000000000126 c
194.8120093750000024 338.2936000000000263 m
194.7544093749999945 337.8903999999999996 194.6680093749999969 337.573599999999999 194.6680093749999969 337.5160000000000196 c
194.6680093749999969 337.5160000000000196 194.6680093749999969 337.5160000000000196 194.6392093750000072 337.5160000000000196 c
194.5816093749999993 337.5160000000000196 193.3432093749999865 338.9560000000000173 192.4792093750000106 339.9639999999999986 c
191.0104093749999947 341.7495999999999867 189.4552093750000097 343.880800000000022 188.8216093750000084 344.9175999999999931 c
187.6120093750000137 346.9624000000000024 187.0072093750000022 349.2375999999999863 187.0072093750000022 351.4839999999999804 c
187.0072093750000022 352.9528000000000247 187.2952093750000131 354.3639999999999759 187.8136093749999986 355.7176000000000045 c
189.3688093750000121 359.720799999999997 192.9400093749999883 362.2264000000000124 196.8280093749999935 362.2264000000000124 c
197.2888093749999996 362.2264000000000124 197.8072093750000136 362.1976000000000226 198.2968093750000094 362.1111999999999966 c
198.9304093750000106 361.9959999999999809 199.7080093749999889 361.7656000000000063 199.7080093749999889 361.6791999999999803 c
199.7080093749999889 361.6791999999999803 l
199.7080093749999889 361.6791999999999803 199.6504093750000095 361.3912000000000262 199.5640093750000119 361.0744000000000256 c
198.7288093749999973 356.9560000000000173 l
198.0664093750000063 353.8743999999999801 l
197.63440937499999 351.7432000000000016 l
197.1736093750000123 349.6696000000000026 l
196.9432093750000092 348.4311999999999898 196.8568093750000116 348.1143999999999892 196.8568093750000116 348.1143999999999892 c
196.8568093750000116 348.1143999999999892 196.8568093750000116 348.0855999999999995 196.8280093749999935 348.0855999999999995 c
196.6552093749999983 348.0855999999999995 195.7336093750000146 348.5464000000000055 195.3304093749999879 348.8344000000000165 c
193.8328093750000107 349.8711999999999875 193.055209375000004 351.512800000000027 193.055209375000004 353.1256000000000199 c
193.055209375000004 354.6519999999999868 193.8040093749999926 356.1784000000000106 195.2440093749999903 357.0711999999999762 c
195.560809374999991 357.2728000000000179 195.6760093750000067 357.4456000000000131 195.6760093750000067 357.647199999999998 c
195.6760093750000067 357.6759999999999877 195.6760093750000067 357.7624000000000137 195.6760093750000067 357.7912000000000035 c
195.6184093749999988 358.1367999999999938 195.4168093750000139 358.2807999999999993 195.128809375000003 358.2807999999999993 c
195.0136093749999873 358.2807999999999993 194.8696093750000102 358.2520000000000095 194.6968093749999866 358.1655999999999835 c
192.0472093749999942 357.0135999999999967 190.2616093750000061 354.2776000000000067 190.2616093750000061 351.2823999999999955 c
190.2616093750000061 351.2823999999999955 l
190.2616093750000061 347.8263999999999783 192.4216093750000027 344.8312000000000239 195.7336093750000146 343.6503999999999905 c
195.9064093750000097 343.5928000000000111 l
195.6184093749999988 342.1528000000000134 l
194.8120093750000024 338.2936000000000263 l
199.1320093749999955 347.9128000000000043 m
198.9016093749999925 347.8840000000000146 198.6712093749999894 347.8840000000000146 198.4984093749999943 347.8840000000000146 c
198.4408093749999864 347.8840000000000146 198.3544093749999888 347.8840000000000146 198.2968093750000094 347.8840000000000146 c
198.1528093750000039 347.8840000000000146 l
198.2680093749999912 348.4024000000000001 l
198.8728093750000028 351.2248000000000161 l
199.2472093750000113 353.0679999999999836 l
199.6504093750000095 354.8824000000000183 l
200.456809375000006 358.8856000000000108 l
200.7736093750000066 360.4119999999999777 l
200.8888093749999939 360.8152000000000044 200.9464093750000018 361.1607999999999947 200.9752093749999915 361.1607999999999947 c
200.9752093749999915 361.1607999999999947 200.9752093749999915 361.1607999999999947 200.9752093749999915 361.1607999999999947 c
201.0040093750000096 361.1607999999999947 201.4936093750000055 360.8727999999999838 201.8104093750000061 360.6424000000000092 c
203.2792093749999935 359.6055999999999813 204.3736093750000009 357.9927999999999884 204.7768093749999991 356.322400000000016 c
204.9208093750000046 355.7751999999999839 204.9784093750000125 355.1992000000000189 204.9784093750000125 354.6519999999999868 c
204.9784093750000125 351.3111999999999853 202.5016093749999868 348.2871999999999844 199.1320093749999955 347.9128000000000043 c
f
Q
Q
q
q
0. g
0.3 w
[] 0. d
1. 0. 0. 1. 0. 0. cm
224.349609375 343.5 m
229.3608093750000023 325.1544000000000096 m
229.389609374999992 325.1256000000000199 229.7928093749999903 325.1256000000000199 231.0312093750000031 325.1256000000000199 c
231.4056093750000116 325.1256000000000199 231.8088093750000098 325.1256000000000199 232.3272093749999954 325.1256000000000199 c
235.236009375000009 325.1256000000000199 l
235.3224093750000065 325.2119999999999891 l
235.466409375000012 325.2984000000000151 235.5528093750000096 325.4424000000000206 235.5528093750000096 325.5575999999999794 c
235.5528093750000096 325.7303999999999746 235.466409375000012 325.8455999999999904 235.3512093749999963 325.9608000000000061 c
235.3224093750000065 326.0471999999999753 235.0632093749999854 326.2776000000000067 234.8904093749999902 326.5367999999999711 c
233.3640093749999949 328.2936000000000263 l
231.4056093750000116 330.5111999999999739 l
230.3688093750000121 331.6920000000000073 l
228.8136093749999986 333.4775999999999954 l
226.7688093749999894 335.8104000000000156 l
226.423209374999999 336.2423999999999751 226.0488093749999905 336.5880000000000223 226.0488093749999905 336.5880000000000223 c
226.0488093749999905 336.5880000000000223 226.0488093749999905 336.5880000000000223 226.0488093749999905 336.5880000000000223 c
226.0488093749999905 336.6456000000000017 226.3080093750000117 336.6456000000000017 228.6984093750000113 336.6456000000000017 c
231.319209375000014 336.6456000000000017 l
231.319209375000014 334.7735999999999876 l
231.319209375000014 332.8727999999999838 231.319209375000014 332.8439999999999941 231.3480093750000037 332.8152000000000044 c
231.4056093750000116 332.7287999999999784 231.6648093750000044 332.4119999999999777 232.6728093749999857 331.2312000000000012 c
233.0760093750000124 330.7991999999999848 l
233.4792093750000106 330.3672000000000253 l
234.0840093749999937 329.5896000000000186 l
234.717609374999995 328.9272000000000276 l
235.0344093749999956 328.5240000000000009 l
235.1496093750000114 328.3512000000000057 235.3224093750000065 328.322400000000016 235.466409375000012 328.322400000000016 c
235.6392093750000072 328.322400000000016 235.7832093750000126 328.4087999999999852 235.8696093750000102 328.5527999999999906 c
235.898409375 328.6392000000000166 235.898409375 328.6967999999999961 235.898409375 330.8279999999999745 c
235.898409375 331.3176000000000272 235.898409375 331.9223999999999819 235.898409375 332.6424000000000092 c
235.898409375 336.6456000000000017 l
236.6184093749999988 336.6456000000000017 l
237.2808093749999898 336.6456000000000017 237.309609375000008 336.6456000000000017 237.3960093750000055 336.6743999999999915 c
237.6264093750000086 336.7608000000000175 237.7416093749999959 336.9911999999999921 237.7416093749999959 337.2504000000000133 c
237.7416093749999959 337.3944000000000187 237.7128093750000062 337.5672000000000139 237.5976093749999905 337.6823999999999728 c
237.4248093749999953 337.8263999999999783 237.3960093750000055 337.8263999999999783 236.6184093749999988 337.8263999999999783 c
235.898409375 337.8263999999999783 l
235.898409375 338.3159999999999741 l
235.9272093749999897 339.7848000000000184 236.2152093750000006 340.3607999999999834 237.3384093749999977 340.9655999999999949 c
237.7416093749999959 341.1671999999999798 237.8280093749999935 341.2248000000000161 237.8280093749999935 341.512800000000027 c
237.8280093749999935 341.7144000000000119 237.7704093749999856 341.8007999999999811 237.6264093750000086 341.9159999999999968 c
237.540009375000011 341.9447999999999865 l
233.5944093749999979 341.9447999999999865 l
229.677609375000003 341.9447999999999865 l
229.5912093750000054 341.9159999999999968 l
229.4184093750000102 341.8007999999999811 229.389609374999992 341.7144000000000119 229.389609374999992 341.512800000000027 c
229.389609374999992 341.2248000000000161 229.4184093750000102 341.1671999999999798 229.8504093749999981 340.9655999999999949 c
230.9736093749999952 340.3607999999999834 231.2616093750000061 339.7848000000000184 231.2616093750000061 338.3159999999999741 c
231.2616093750000061 337.8263999999999783 l
227.9496093749999943 337.8263999999999783 l
227.3448093750000112 337.8840000000000146 226.8552093749999869 337.8840000000000146 226.4520093749999887 337.8840000000000146 c
224.6376093750000109 337.8840000000000146 224.6088093749999928 337.8263999999999783 224.580009375000003 337.8263999999999783 c
224.4072093750000079 337.7687999999999988 224.349609375 337.5960000000000036 224.349609375 337.3944000000000187 c
224.349609375 337.3944000000000187 224.349609375 337.3944000000000187 224.349609375 337.3944000000000187 c
224.349609375 337.192799999999977 224.349609375 337.192799999999977 224.9256093749999934 336.530399999999986 c
227.3448093750000112 333.5928000000000111 229.0440093750000017 329.3303999999999974 229.0440093750000017 325.9320000000000164 c
229.0440093750000017 325.413599999999974 229.1304093749999993 325.2407999999999788 229.3608093750000023 325.1544000000000096 c
231.088809375000011 343.5287999999999897 m
231.1176093750000007 343.5287999999999897 l
231.0312093750000031 343.5287999999999897 l
231.088809375000011 343.5287999999999897 l
231.088809375000011 324.1175999999999817 m
231.1176093750000007 324.1175999999999817 l
231.0312093750000031 324.1175999999999817 l
231.088809375000011 324.1175999999999817 l
f
Q
q
0. g
0.3 w
[] 0. d
1. 0. 0. 1. 0. 0. cm
224.349609375 363.5 m
229.3608093750000023 345.1544000000000096 m
229.389609374999992 345.1256000000000199 229.7928093749999903 345.1256000000000199 231.0312093750000031 345.1256000000000199 c
231.4056093750000116 345.1256000000000199 231.8088093750000098 345.1256000000000199 232.3272093749999954 345.1256000000000199 c
235.236009375000009 345.1256000000000199 l
235.3224093750000065 345.2119999999999891 l
235.466409375000012 345.2984000000000151 235.5528093750000096 345.4424000000000206 235.5528093750000096 345.5575999999999794 c
235.5528093750000096 345.7303999999999746 235.466409375000012 345.8455999999999904 235.3512093749999963 345.9608000000000061 c
235.3224093750000065 346.0471999999999753 235.0632093749999854 346.2776000000000067 234.8904093749999902 346.5367999999999711 c
233.3640093749999949 348.2936000000000263 l
231.4056093750000116 350.5111999999999739 l
230.3688093750000121 351.6920000000000073 l
228.8136093749999986 353.4775999999999954 l
226.7688093749999894 355.8104000000000156 l
226.423209374999999 356.2423999999999751 226.0488093749999905 356.5880000000000223 226.0488093749999905 356.5880000000000223 c
226.0488093749999905 356.5880000000000223 226.0488093749999905 356.5880000000000223 226.0488093749999905 356.5880000000000223 c
226.0488093749999905 356.6456000000000017 226.3080093750000117 356.6456000000000017 228.6984093750000113 356.6456000000000017 c
231.319209375000014 356.6456000000000017 l
231.319209375000014 354.7735999999999876 l
231.319209375000014 352.8727999999999838 231.319209375000014 352.8439999999999941 231.3480093750000037 352.8152000000000044 c
231.4056093750000116 352.7287999999999784 231.6648093750000044 352.4119999999999777 232.6728093749999857 351.2312000000000012 c
233.0760093750000124 350.7991999999999848 l
233.4792093750000106 350.3672000000000253 l
234.0840093749999937 349.5896000000000186 l
234.717609374999995 348.9272000000000276 l
235.0344093749999956 348.5240000000000009 l
235.1496093750000114 348.3512000000000057 235.3224093750000065 348.322400000000016 235.466409375000012 348.322400000000016 c
235.6392093750000072 348.322400000000016 235.7832093750000126 348.4087999999999852 235.8696093750000102 348.5527999999999906 c
235.898409375 348.6392000000000166 235.898409375 348.6967999999999961 235.898409375 350.8279999999999745 c
235.898409375 351.3176000000000272 235.898409375 351.9223999999999819 235.898409375 352.6424000000000092 c
235.898409375 356.6456000000000017 l
236.6184093749999988 356.6456000000000017 l
237.2808093749999898 356.6456000000000017 237.309609375000008 356.6456000000000017 237.3960093750000055 356.6743999999999915 c
237.6264093750000086 356.7608000000000175 237.7416093749999959 356.9911999999999921 237.7416093749999959 357.2504000000000133 c
237.7416093749999959 357.3944000000000187 237.7128093750000062 357.5672000000000139 237.5976093749999905 357.6823999999999728 c
237.4248093749999953 357.8263999999999783 237.3960093750000055 357.8263999999999783 236.6184093749999988 357.8263999999999783 c
235.898409375 357.8263999999999783 l
235.898409375 358.3159999999999741 l
235.9272093749999897 359.7848000000000184 236.2152093750000006 360.3607999999999834 237.3384093749999977 360.9655999999999949 c
237.7416093749999959 361.1671999999999798 237.8280093749999935 361.2248000000000161 237.8280093749999935 361.512800000000027 c
237.8280093749999935 361.7144000000000119 237.7704093749999856 361.8007999999999811 237.6264093750000086 361.9159999999999968 c
237.540009375000011 361.9447999999999865 l
233.5944093749999979 361.9447999999999865 l
229.677609375000003 361.9447999999999865 l
229.5912093750000054 361.9159999999999968 l
229.4184093750000102 361.8007999999999811 229.389609374999992 361.7144000000000119 229.389609374999992 361.512800000000027 c
229.389609374999992 361.2248000000000161 229.4184093750000102 361.1671999999999798 229.8504093749999981 360.9655999999999949 c
230.9736093749999952 360.3607999999999834 231.2616093750000061 359.7848000000000184 231.2616093750000061 358.3159999999999741 c
231.2616093750000061 357.8263999999999783 l
227.9496093749999943 357.8263999999999783 l
227.3448093750000112 357.8840000000000146 226.8552093749999869 357.8840000000000146 226.4520093749999887 357.8840000000000146 c
224.6376093750000109 357.8840000000000146 224.6088093749999928 357.8263999999999783 224.580009375000003 357.8263999999999783 c
224.4072093750000079 357.7687999999999988 224.349609375 357.5960000000000036 224.349609375 357.3944000000000187 c
224.349609375 357.3944000000000187 224.349609375 357.3944000000000187 224.349609375 357.3944000000000187 c
224.349609375 357.192799999999977 224.349609375 357.192799999999977 224.9256093749999934 356.530399999999986 c
227.3448093750000112 353.5928000000000111 229.0440093750000017 349.3303999999999974 229.0440093750000017 345.9320000000000164 c
229.0440093750000017 345.413599999999974 229.1304093749999993 345.2407999999999788 229.3608093750000023 345.1544000000000096 c
231.088809375000011 363.5287999999999897 m
231.1176093750000007 363.5287999999999897 l
231.0312093750000031 363.5287999999999897 l
231.088809375000011 363.5287999999999897 l
231.088809375000011 344.1175999999999817 m
231.1176093750000007 344.1175999999999817 l
231.0312093750000031 344.1175999999999817 l
231.088809375000011 344.1175999999999817 l
f
Q
Q
q
q
0. G
[] 0. d
1. 0. 0. 1. 0. 0. cm
246.8280093749999935 373.5 m
264.8462493750000135 373.5 l
S
Q
q
0. G
[] 0. d
1. 0. 0. 1. 0. 0. cm
246.8280093749999935 383.5 m
264.8462493750000135 383.5 l
S
Q
Q
q
q
q
q
1.5 w
0. G
[] 0. d
1. 0. 0. 1. 0. 0. cm
261.0962493750000135 388.5 m
261.0962493750000135 353.5 l
S
Q
Q
q
q
0. g
0.3 w
[] 0. d
1. 0. 0. 1. 0. 0. cm
249.8280093749999935 388.5 m
257.1849693749999801 383.2771200000000249 m
257.2972893749999912 383.2771200000000249 257.4657693749999794 383.2771200000000249 257.4938493749999679 383.2771200000000249 c
257.4938493749999679 383.2771200000000249 257.5219293750000134 383.2771200000000249 257.5219293750000134 383.2771200000000249 c
257.5219293750000134 383.2771200000000249 257.6904093750000015 383.2771200000000249 257.8308093750000012 383.2771200000000249 c
260.3580093749999946 383.4175200000000245 261.8462493750000135 385.0742399999999748 261.8462493750000135 387.1521599999999808 c
261.8462493750000135 388.1630400000000236 261.5092893749999803 389.3143200000000093 260.6668893749999825 390.4094400000000178 c
259.0663293750000093 392.5715999999999894 256.4548893749999934 393.7509600000000205 254.1804093749999822 393.7509600000000205 c
252.4113693749999925 393.7509600000000205 250.895049374999985 393.0489600000000223 250.1649693749999983 391.6168799999999806 c
249.9403293750000046 391.055279999999982 249.8280093749999935 390.521759999999972 249.8280093749999935 389.9320799999999849 c
249.8280093749999935 386.8713599999999815 253.2537693749999903 383.4736800000000017 257.1849693749999801 383.2771200000000249 c
f
Q
Q
Q
Q
q
q
0. G
[] 0. d
1. 0. 0. 1. 0. 0. cm
289.2084093749999738 373.5 m
307.2266493749999654 373.5 l
S
Q
q
0. G
[] 0. d
1. 0. 0. 1. 0. 0. cm
289.2084093749999738 383.5 m
307.2266493749999654 383.5 l
S
Q
Q
q
q
q
q
1.5 w
0. G
[] 0. d
1. 0. 0. 1. 0. 0. cm
303.4766493749999654 388.5 m
303.4766493749999654 353.5 l
S
Q
Q
q
q
0. g
0.3 w
[] 0. d
1. 0. 0. 1. 0. 0. cm
292.2084093749999738 388.5 m
299.5653693749999888 383.2771200000000249 m
299.6776893749999999 383.2771200000000249 299.8461693749999881 383.2771200000000249 299.8742493749999767 383.2771200000000249 c
299.8742493749999767 383.2771200000000249 299.9023293749999652 383.2771200000000249 299.9023293749999652 383.2771200000000249 c
299.9023293749999652 383.2771200000000249 300.0708093749999534 383.2771200000000249 300.2112093749999531 383.2771200000000249 c
302.7384093749999465 383.4175200000000245 304.2266493749999654 385.0742399999999748 304.2266493749999654 387.1521599999999808 c
304.2266493749999654 388.1630400000000236 303.889689374999989 389.3143200000000093 303.0472893749999912 390.4094400000000178 c
301.4467293749999612 392.5715999999999894 298.8352893750000021 393.7509600000000205 296.5608093749999625 393.7509600000000205 c
294.7917693750000012 393.7509600000000205 293.2754493749999938 393.0489600000000223 292.5453693749999502 391.6168799999999806 c
292.3207293749999849 391.055279999999982 292.2084093749999738 390.521759999999972 292.2084093749999738 389.9320799999999849 c
292.2084093749999738 386.8713599999999815 295.634169374999999 383.4736800000000017 299.5653693749999888 383.2771200000000249 c
f
Q
Q
Q
Q
q
q
0. G
[] 0. d
1. 0. 0. 1. 0. 0. cm
331.5888093749999825 373.5 m
349.6070493749999741 373.5 l
S
Q
q
0. G
[] 0. d
1. 0. 0. 1. 0. 0. cm
331.5888093749999825 383.5 m
349.6070493749999741 383.5 l
S
Q
Q
q
q
q
q
1.5 w
0. G
[] 0. d
1. 0. 0. 1. 0. 0. cm
345.8570493749999741 383.5 m
345.8570493749999741 348.5 l
S
Q
Q
q
q
0. g
0.3 w
[] 0. d
1. 0. 0. 1. 0. 0. cm
334.5888093749999825 383.5 m
341.9457693749999976 378.2771200000000249 m
342.0580893750000087 378.2771200000000249 342.2265693749999969 378.2771200000000249 342.2546493749999854 378.2771200000000249 c
342.2546493749999854 378.2771200000000249 342.282729374999974 378.2771200000000249 342.282729374999974 378.2771200000000249 c
342.282729374999974 378.2771200000000249 342.4512093749999622 378.2771200000000249 342.5916093749999618 378.2771200000000249 c
345.1188093749999553 378.4175200000000245 346.6070493749999741 380.0742399999999748 346.6070493749999741 382.1521599999999808 c
346.6070493749999741 383.1630400000000236 346.2700893749999977 384.3143200000000093 345.4276893749999999 385.4094400000000178 c
343.82712937499997 387.5715999999999894 341.2156893750000108 388.7509600000000205 338.9412093749999713 388.7509600000000205 c
337.1721693750000099 388.7509600000000205 335.6558493750000025 388.0489600000000223 334.9257693749999589 386.6168799999999806 c
334.7011293749999936 386.055279999999982 334.5888093749999825 385.521759999999972 334.5888093749999825 384.9320799999999849 c
334.5888093749999825 381.8713599999999815 338.0145693750000078 378.4736800000000017 341.9457693749999976 378.2771200000000249 c
f
Q
Q
Q
Q
q
q
0. G
[] 0. d
1. 0. 0. 1. 0. 0. cm
373.9692093749999913 373.5 m
391.9874493749999829 373.5 l
S
Q
q
0. G
[] 0. d
1. 0. 0. 1. 0. 0. cm
373.9692093749999913 383.5 m
391.9874493749999829 383.5 l
S
Q
Q
q
q
q
q
1.5 w
0. G
[] 0. d
1. 0. 0. 1. 0. 0. cm
388.2374493749999829 388.5 m
388.2374493749999829 353.5 l
S
Q
Q
q
q
0. g
0.3 w
[] 0. d
1. 0. 0. 1. 0. 0. cm
376.9692093749999913 388.5 m
384.3261693750000063 383.2771200000000249 m
384.4384893750000174 383.2771200000000249 384.6069693750000056 383.2771200000000249 384.6350493749999941 383.2771200000000249 c
384.6350493749999941 383.2771200000000249 384.6631293749999827 383.2771200000000249 384.6631293749999827 383.2771200000000249 c
384.6631293749999827 383.2771200000000249 384.8316093749999709 383.2771200000000249 384.9720093749999705 383.2771200000000249 c
387.499209374999964 383.4175200000000245 388.9874493749999829 385.0742399999999748 388.9874493749999829 387.1521599999999808 c
388.9874493749999829 388.1630400000000236 388.6504893750000065 389.3143200000000093 387.8080893750000087 390.4094400000000178 c
386.2075293749999787 392.5715999999999894 383.5960893750000196 393.7509600000000205 381.32160937499998 393.7509600000000205 c
379.5525693750000187 393.7509600000000205 378.0362493750000112 393.0489600000000223 377.3061693749999677 391.6168799999999806 c
377.0815293750000023 391.055279999999982 376.9692093749999913 390.521759999999972 376.9692093749999913 389.9320799999999849 c
376.9692093749999913 386.8713599999999815 380.3949693750000165 383.4736800000000017 384.3261693750000063 383.2771200000000249 c
f
Q
Q
Q
Q
Q
q
q
0. G
[] 0. d
1. 0. 0. 1. 0. 0. cm
424.0348317749999296 323.5 m
587.7416541749998942 323.5 l
S
Q
q
0. G
[] 0. d
1. 0. 0. 1. 0. 0. cm
424.0348317749999296 333.5 m
587.7416541749998942 333.5 l
S
Q
q
0. G
[] 0. d
1. 0. 0. 1. 0. 0. cm
424.0348317749999296 343.5 m
587.7416541749998942 343.5 l
S
Q
q
0. G
[] 0. d
1. 0. 0. 1. 0. 0. cm
424.0348317749999296 353.5 m
587.7416541749998942 353.5 l
S
Q
q
0. G
[] 0. d
1. 0. 0. 1. 0. 0. cm
424.0348317749999296 363.5 m
587.7416541749998942 363.5 l
S
Q
q
0. g
0.3 w
0. G
[] 0. d
1. 0. 0. 1. 0. 0. cm
587.7416541749998942 323. m
588.7416541749998942 323. l
588.7416541749998942 364. l
587.7416541749998942 364. l
h
B
Q
q
q
0. G
[] 0. d
1. 0. 0. 1. 0. 0. cm
438.0348317749999296 373.5 m
456.0530717749999212 373.5 l
S
Q
Q
q
q
q
q
1.5 w
0. G
[] 0. d
1. 0. 0. 1. 0. 0. cm
452.3030717749999212 373.5 m
452.3030717749999212 338.5 l
S
Q
Q
q
q
0. g
0.3 w
[] 0. d
1. 0. 0. 1. 0. 0. cm
441.0348317749999296 373.5 m
448.3917917749999447 368.2771200000000249 m
448.5041117749999557 368.2771200000000249 448.6725917749999439 368.2771200000000249 448.7006717749999325 368.2771200000000249 c
448.7006717749999325 368.2771200000000249 448.7287517749999211 368.2771200000000249 448.7287517749999211 368.2771200000000249 c
448.7287517749999211 368.2771200000000249 448.8972317749999092 368.2771200000000249 449.0376317749999089 368.2771200000000249 c
451.5648317749999023 368.4175200000000245 453.0530717749999212 370.0742399999999748 453.0530717749999212 372.1521599999999808 c
453.0530717749999212 373.1630400000000236 452.7161117749999448 374.3143200000000093 451.873711774999947 375.4094400000000178 c
450.2731517749999171 377.5715999999999894 447.6617117749999579 378.7509600000000205 445.3872317749999183 378.7509600000000205 c
443.618191774999957 378.7509600000000205 442.1018717749999496 378.0489600000000223 441.371791774999906 376.6168799999999806 c
441.1471517749999407 376.055279999999982 441.0348317749999296 375.521759999999972 441.0348317749999296 374.9320799999999849 c
441.0348317749999296 371.8713599999999815 444.4605917749999549 368.4736800000000017 448.3917917749999447 368.2771200000000249 c
f
Q
Q
Q
Q
q
q
0. G
[] 0. d
1. 0. 0. 1. 0. 0. cm
473.5348317749999296 373.5 m
491.5530717749999212 373.5 l
S
Q
Q
q
q
q
q
1.5 w
0. G
[] 0. d
1. 0. 0. 1. 0. 0. cm
487.8030717749999212 373.5 m
487.8030717749999212 338.5 l
S
Q
Q
q
q
0. g
0.3 w
[] 0. d
1. 0. 0. 1. 0. 0. cm
476.5348317749999296 373.5 m
483.8917917749999447 368.2771200000000249 m
484.0041117749999557 368.2771200000000249 484.1725917749999439 368.2771200000000249 484.2006717749999325 368.2771200000000249 c
484.2006717749999325 368.2771200000000249 484.2287517749999211 368.2771200000000249 484.2287517749999211 368.2771200000000249 c
484.2287517749999211 368.2771200000000249 484.3972317749999092 368.2771200000000249 484.5376317749999089 368.2771200000000249 c
487.0648317749999023 368.4175200000000245 488.5530717749999212 370.0742399999999748 488.5530717749999212 372.1521599999999808 c
488.5530717749999212 373.1630400000000236 488.2161117749999448 374.3143200000000093 487.373711774999947 375.4094400000000178 c
485.7731517749999171 377.5715999999999894 483.1617117749999579 378.7509600000000205 480.8872317749999183 378.7509600000000205 c
479.118191774999957 378.7509600000000205 477.6018717749999496 378.0489600000000223 476.871791774999906 376.6168799999999806 c
476.6471517749999407 376.055279999999982 476.5348317749999296 375.521759999999972 476.5348317749999296 374.9320799999999849 c
476.5348317749999296 371.8713599999999815 479.9605917749999549 368.4736800000000017 483.8917917749999447 368.2771200000000249 c
f
Q
Q
Q
Q
q
q
0. G
[] 0. d
1. 0. 0. 1. 0. 0. cm
509.0348317749999296 373.5 m
527.0530717749999212 373.5 l
S
Q
q
0. G
[] 0. d
1. 0. 0. 1. 0. 0. cm
509.0348317749999296 383.5 m
527.0530717749999212 383.5 l
S
Q
Q
q
q
q
q
1.5 w
0. G
[] 0. d
1. 0. 0. 1. 0. 0. cm
523.3030717749999212 383.5 m
523.3030717749999212 348.5 l
S
Q
Q
q
q
0. g
0.3 w
[] 0. d
1. 0. 0. 1. 0. 0. cm
512.0348317749999296 383.5 m
519.3917917749998878 378.2771200000000249 m
519.5041117749999557 378.2771200000000249 519.6725917749998871 378.2771200000000249 519.7006717749999325 378.2771200000000249 c
519.7006717749999325 378.2771200000000249 519.7287517749999779 378.2771200000000249 519.7287517749999779 378.2771200000000249 c
519.7287517749999779 378.2771200000000249 519.8972317749999092 378.2771200000000249 520.0376317749999089 378.2771200000000249 c
522.5648317749999023 378.4175200000000245 524.0530717749999212 380.0742399999999748 524.0530717749999212 382.1521599999999808 c
524.0530717749999212 383.1630400000000236 523.7161117749999448 384.3143200000000093 522.873711774999947 385.4094400000000178 c
521.2731517749999739 387.5715999999999894 518.6617117749999579 388.7509600000000205 516.3872317749999183 388.7509600000000205 c
514.6181917749999002 388.7509600000000205 513.1018717749999496 388.0489600000000223 512.371791774999906 386.6168799999999806 c
512.1471517749998839 386.055279999999982 512.0348317749999296 385.521759999999972 512.0348317749999296 384.9320799999999849 c
512.0348317749999296 381.8713599999999815 515.460591774999898 378.4736800000000017 519.3917917749998878 378.2771200000000249 c
f
Q
Q
Q
Q
q
q
0. G
[] 0. d
1. 0. 0. 1. 0. 0. cm
544.5348317749999296 373.5 m
562.5530717749999212 373.5 l
S
Q
q
0. G
[] 0. d
1. 0. 0. 1. 0. 0. cm
544.5348317749999296 383.5 m
562.5530717749999212 383.5 l
S
Q
Q
q
q
q
q
1.5 w
0. G
[] 0. d
1. 0. 0. 1. 0. 0. cm
558.8030717749999212 388.5 m
558.8030717749999212 353.5 l
S
Q
Q
q
q
0. g
0.3 w
[] 0. d
1. 0. 0. 1. 0. 0. cm
547.5348317749999296 388.5 m
554.8917917749998878 383.2771200000000249 m
555.0041117749999557 383.2771200000000249 555.1725917749998871 383.2771200000000249 555.2006717749999325 383.2771200000000249 c
555.2006717749999325 383.2771200000000249 555.2287517749999779 383.2771200000000249 555.2287517749999779 383.2771200000000249 c
555.2287517749999779 383.2771200000000249 555.3972317749999092 383.2771200000000249 555.5376317749999089 383.2771200000000249 c
558.0648317749999023 383.4175200000000245 559.5530717749999212 385.0742399999999748 559.5530717749999212 387.1521599999999808 c
559.5530717749999212 388.1630400000000236 559.2161117749999448 389.3143200000000093 558.373711774999947 390.4094400000000178 c
556.7731517749999739 392.5715999999999894 554.1617117749999579 393.7509600000000205 551.8872317749999183 393.7509600000000205 c
550.1181917749999002 393.7509600000000205 548.6018717749999496 393.0489600000000223 547.871791774999906 391.6168799999999806 c
547.6471517749998839 391.055279999999982 547.5348317749999296 390.521759999999972 547.5348317749999296 389.9320799999999849 c
547.5348317749999296 386.8713599999999815 550.960591774999898 383.4736800000000017 554.8917917749998878 383.2771200000000249 c
f
Q
Q
Q
Q
Q
Q
q
q
q
0. G
[] 0. d
1. 0. 0. 1. 0. 0. cm
178.349609375 412.5 m
424.0348317749999296 412.5 l
S
Q
q
0. G
[] 0. d
1. 0. 0. 1. 0. 0. cm
178.349609375 422.5 m
424.0348317749999296 422.5 l
S
Q
q
0. G
[] 0. d
1. 0. 0. 1. 0. 0. cm
178.349609375 432.5 m
424.0348317749999296 432.5 l
S
Q
q
0. G
[] 0. d
1. 0. 0. 1. 0. 0. cm
178.349609375 442.5 m
424.0348317749999296 442.5 l
S
Q
q
0. G
[] 0. d
1. 0. 0. 1. 0. 0. cm
178.349609375 452.5 m
424.0348317749999296 452.5 l
S
Q
q
0. g
0.3 w
0. G
[] 0. d
1. 0. 0. 1. 0. 0. cm
424.0348317749999296 412. m
425.0348317749999296 412. l
425.0348317749999296 453. l
424.0348317749999296 453. l
h
B
Q
q
q
0. g
0.3 w
[] 0. d
1. 0. 0. 1. 0. 0. cm
183.349609375 422.5 m
192.1912093749999997 412.4488000000000056 m
192.4216093750000027 412.3912000000000262 192.6520093750000058 412.3912000000000262 192.9112093749999985 412.3912000000000262 c
193.9192093750000083 412.3912000000000262 195.1000093750000133 412.5063999999999851 196.1080093749999946 412.7080000000000268 c
200.8312093750000145 413.6872000000000185 204.08560937499999 416.8840000000000146 204.6904093750000015 421.1464000000000283 c
204.7480093750000094 421.6071999999999775 204.7768093749999991 422.0391999999999939 204.7768093749999991 422.5 c
204.7768093749999991 425.0919999999999845 203.8840093750000051 428.4327999999999861 202.3576093750000098 431.2264000000000124 c
198.7288093749999973 437.7927999999999997 192.1048093750000021 442.5160000000000196 184.1560093749999965 444.2440000000000282 c
184.012009374999991 444.2440000000000282 183.8968093750000037 444.2728000000000179 183.7528093749999982 444.2728000000000179 c
183.4648093749999873 444.2728000000000179 183.3208093750000103 444.1000000000000227 183.3208093750000103 443.8408000000000015 c
183.3208093750000103 443.5527999999999906 183.3784093749999897 443.4664000000000215 183.9544093750000116 443.23599999999999 c
193.055209375000004 439.8088000000000193 199.1320093749999955 432.4071999999999889 199.6792093749999992 424.1127999999999929 c
199.7080093749999889 423.6807999999999765 199.7080093749999889 423.1911999999999807 199.7080093749999889 422.8168000000000006 c
199.7080093749999889 418.7848000000000184 198.4696093750000045 415.7896000000000072 196.0792093750000049 414.2919999999999732 c
195.0424093750000054 413.6295999999999822 193.9192093750000083 413.3127999999999815 192.7096093750000136 413.3127999999999815 c
190.0312093750000031 413.3127999999999815 187.2952093750000131 414.8392000000000053 186.0280093750000106 417.4024000000000001 c
185.9704093750000027 417.603999999999985 185.7688093749999894 418.0360000000000014 185.7688093749999894 418.0647999999999911 c
185.7688093749999894 418.0647999999999911 185.7688093749999894 418.0647999999999911 185.7688093749999894 418.0647999999999911 c
185.7688093749999894 418.0647999999999911 185.7976093750000075 418.0360000000000014 185.8840093750000051 418.0072000000000116 c
186.5176093750000064 417.603999999999985 187.2088093749999871 417.4024000000000001 187.9288093750000144 417.4024000000000001 c
188.9368093749999957 417.4024000000000001 190.0024093750000134 417.8344000000000165 190.751209375000002 418.6408000000000129 c
191.4424093750000111 419.3895999999999731 191.8168093749999912 420.3976000000000113 191.8168093749999912 421.3192000000000235 c
191.8168093749999912 423.1911999999999807 190.4344093750000013 425.0919999999999845 188.2744093750000047 425.2936000000000263 c
188.1304093749999993 425.2936000000000263 187.9864093749999938 425.322400000000016 187.8424093749999884 425.322400000000016 c
185.4520093749999887 425.322400000000016 183.5224093749999952 423.1336000000000013 183.5224093749999952 420.3688000000000216 c
183.5224093749999952 420.3111999999999853 183.5224093749999952 420.2248000000000161 183.5224093749999952 420.1960000000000264 c
183.6376093750000109 416.0776000000000181 187.4104093750000004 412.7080000000000268 192.1912093749999997 412.4488000000000056 c
207.5128093749999891 416.3079999999999927 m
207.570409374999997 416.279200000000003 207.5992093749999867 416.279200000000003 207.6856093750000127 416.279200000000003 c
207.8872093749999976 416.279200000000003 208.1176093750000007 416.3079999999999927 208.1752093750000085 416.3655999999999722 c
208.8952093750000074 416.5672000000000139 209.2408093749999978 417.2008000000000152 209.2408093749999978 417.8056000000000267 c
209.2408093749999978 418.3240000000000123 208.981609375000005 418.8423999999999978 208.463209374999991 419.1304000000000087 c
208.2616093750000061 419.2744000000000142 208.0024093750000134 419.3032000000000039 207.7432093749999922 419.3032000000000039 c
207.340009374999994 419.3032000000000039 206.908009375000006 419.1304000000000087 206.6200093749999951 418.7559999999999718 c
206.389609374999992 418.4680000000000177 206.2744093750000047 418.1512000000000171 206.2744093750000047 417.8344000000000165 c
206.2744093750000047 417.1143999999999892 206.7352093750000108 416.3944000000000187 207.5128093749999891 416.3079999999999927 c
207.5128093749999891 425.7255999999999858 m
207.570409374999997 425.7255999999999858 207.5992093749999867 425.7255999999999858 207.6856093750000127 425.7255999999999858 c
207.8872093749999976 425.7255999999999858 208.1176093750000007 425.7543999999999755 208.1752093750000085 425.8120000000000118 c
208.8952093750000074 426.0135999999999967 209.2408093749999978 426.647199999999998 209.2408093749999978 427.2520000000000095 c
209.2408093749999978 427.7703999999999951 208.981609375000005 428.2887999999999806 208.463209374999991 428.5480000000000018 c
208.2616093750000061 428.6920000000000073 208.0024093750000134 428.7495999999999867 207.7432093749999922 428.7495999999999867 c
207.340009374999994 428.7495999999999867 206.908009375000006 428.5480000000000018 206.6200093749999951 428.2024000000000115 c
206.389609374999992 427.9144000000000005 206.2744093750000047 427.5975999999999999 206.2744093750000047 427.2520000000000095 c
206.2744093750000047 426.5319999999999823 206.7352093750000108 425.8408000000000015 207.5128093749999891 425.7255999999999858 c
f
Q
Q
q
q
0. g
0.3 w
[] 0. d
1. 0. 0. 1. 0. 0. cm
224.349609375 432.5 m
229.3608093750000023 414.1544000000000096 m
229.389609374999992 414.1256000000000199 229.7928093749999903 414.1256000000000199 231.0312093750000031 414.1256000000000199 c
231.4056093750000116 414.1256000000000199 231.8088093750000098 414.1256000000000199 232.3272093749999954 414.1256000000000199 c
235.236009375000009 414.1256000000000199 l
235.3224093750000065 414.2119999999999891 l
235.466409375000012 414.2984000000000151 235.5528093750000096 414.4424000000000206 235.5528093750000096 414.5575999999999794 c
235.5528093750000096 414.7303999999999746 235.466409375000012 414.8455999999999904 235.3512093749999963 414.9608000000000061 c
235.3224093750000065 415.0471999999999753 235.0632093749999854 415.2776000000000067 234.8904093749999902 415.5367999999999711 c
233.3640093749999949 417.2936000000000263 l
231.4056093750000116 419.5111999999999739 l
230.3688093750000121 420.6920000000000073 l
228.8136093749999986 422.4775999999999954 l
226.7688093749999894 424.8104000000000156 l
226.423209374999999 425.2423999999999751 226.0488093749999905 425.5880000000000223 226.0488093749999905 425.5880000000000223 c
226.0488093749999905 425.5880000000000223 226.0488093749999905 425.5880000000000223 226.0488093749999905 425.5880000000000223 c
226.0488093749999905 425.6456000000000017 226.3080093750000117 425.6456000000000017 228.6984093750000113 425.6456000000000017 c
231.319209375000014 425.6456000000000017 l
231.319209375000014 423.7735999999999876 l
231.319209375000014 421.8727999999999838 231.319209375000014 421.8439999999999941 231.3480093750000037 421.8152000000000044 c
231.4056093750000116 421.7287999999999784 231.6648093750000044 421.4119999999999777 232.6728093749999857 420.2312000000000012 c
233.0760093750000124 419.7991999999999848 l
233.4792093750000106 419.3672000000000253 l
234.0840093749999937 418.5896000000000186 l
234.717609374999995 417.9272000000000276 l
235.0344093749999956 417.5240000000000009 l
235.1496093750000114 417.3512000000000057 235.3224093750000065 417.322400000000016 235.466409375000012 417.322400000000016 c
235.6392093750000072 417.322400000000016 235.7832093750000126 417.4087999999999852 235.8696093750000102 417.5527999999999906 c
235.898409375 417.6392000000000166 235.898409375 417.6967999999999961 235.898409375 419.8279999999999745 c
235.898409375 420.3176000000000272 235.898409375 420.9223999999999819 235.898409375 421.6424000000000092 c
235.898409375 425.6456000000000017 l
236.6184093749999988 425.6456000000000017 l
237.2808093749999898 425.6456000000000017 237.309609375000008 425.6456000000000017 237.3960093750000055 425.6743999999999915 c
237.6264093750000086 425.7608000000000175 237.7416093749999959 425.9911999999999921 237.7416093749999959 426.2504000000000133 c
237.7416093749999959 426.3944000000000187 237.7128093750000062 426.5672000000000139 237.5976093749999905 426.6823999999999728 c
237.4248093749999953 426.8263999999999783 237.3960093750000055 426.8263999999999783 236.6184093749999988 426.8263999999999783 c
235.898409375 426.8263999999999783 l
235.898409375 427.3159999999999741 l
235.9272093749999897 428.7848000000000184 236.2152093750000006 429.3607999999999834 237.3384093749999977 429.9655999999999949 c
237.7416093749999959 430.1671999999999798 237.8280093749999935 430.2248000000000161 237.8280093749999935 430.512800000000027 c
237.8280093749999935 430.7144000000000119 237.7704093749999856 430.8007999999999811 237.6264093750000086 430.9159999999999968 c
237.540009375000011 430.9447999999999865 l
233.5944093749999979 430.9447999999999865 l
229.677609375000003 430.9447999999999865 l
229.5912093750000054 430.9159999999999968 l
229.4184093750000102 430.8007999999999811 229.389609374999992 430.7144000000000119 229.389609374999992 430.512800000000027 c
229.389609374999992 430.2248000000000161 229.4184093750000102 430.1671999999999798 229.8504093749999981 429.9655999999999949 c
230.9736093749999952 429.3607999999999834 231.2616093750000061 428.7848000000000184 231.2616093750000061 427.3159999999999741 c
231.2616093750000061 426.8263999999999783 l
227.9496093749999943 426.8263999999999783 l
227.3448093750000112 426.8840000000000146 226.8552093749999869 426.8840000000000146 226.4520093749999887 426.8840000000000146 c
224.6376093750000109 426.8840000000000146 224.6088093749999928 426.8263999999999783 224.580009375000003 426.8263999999999783 c
224.4072093750000079 426.7687999999999988 224.349609375 426.5960000000000036 224.349609375 426.3944000000000187 c
224.349609375 426.3944000000000187 224.349609375 426.3944000000000187 224.349609375 426.3944000000000187 c
224.349609375 426.192799999999977 224.349609375 426.192799999999977 224.9256093749999934 425.530399999999986 c
227.3448093750000112 422.5928000000000111 229.0440093750000017 418.3303999999999974 229.0440093750000017 414.9320000000000164 c
229.0440093750000017 414.413599999999974 229.1304093749999993 414.2407999999999788 229.3608093750000023 414.1544000000000096 c
231.088809375000011 432.5287999999999897 m
231.1176093750000007 432.5287999999999897 l
231.0312093750000031 432.5287999999999897 l
231.088809375000011 432.5287999999999897 l
231.088809375000011 413.1175999999999817 m
231.1176093750000007 413.1175999999999817 l
231.0312093750000031 413.1175999999999817 l
231.088809375000011 413.1175999999999817 l
f
Q
q
0. g
0.3 w
[] 0. d
1. 0. 0. 1. 0. 0. cm
224.349609375 452.5 m
229.3608093750000023 434.1544000000000096 m
229.389609374999992 434.1256000000000199 229.7928093749999903 434.1256000000000199 231.0312093750000031 434.1256000000000199 c
231.4056093750000116 434.1256000000000199 231.8088093750000098 434.1256000000000199 232.3272093749999954 434.1256000000000199 c
235.236009375000009 434.1256000000000199 l
235.3224093750000065 434.2119999999999891 l
235.466409375000012 434.2984000000000151 235.5528093750000096 434.4424000000000206 235.5528093750000096 434.5575999999999794 c
235.5528093750000096 434.7303999999999746 235.466409375000012 434.8455999999999904 235.3512093749999963 434.9608000000000061 c
235.3224093750000065 435.0471999999999753 235.0632093749999854 435.2776000000000067 234.8904093749999902 435.5367999999999711 c
233.3640093749999949 437.2936000000000263 l
231.4056093750000116 439.5111999999999739 l
230.3688093750000121 440.6920000000000073 l
228.8136093749999986 442.4775999999999954 l
226.7688093749999894 444.8104000000000156 l
226.423209374999999 445.2423999999999751 226.0488093749999905 445.5880000000000223 226.0488093749999905 445.5880000000000223 c
226.0488093749999905 445.5880000000000223 226.0488093749999905 445.5880000000000223 226.0488093749999905 445.5880000000000223 c
226.0488093749999905 445.6456000000000017 226.3080093750000117 445.6456000000000017 228.6984093750000113 445.6456000000000017 c
231.319209375000014 445.6456000000000017 l
231.319209375000014 443.7735999999999876 l
231.319209375000014 441.8727999999999838 231.319209375000014 441.8439999999999941 231.3480093750000037 441.8152000000000044 c
231.4056093750000116 441.7287999999999784 231.6648093750000044 441.4119999999999777 232.6728093749999857 440.2312000000000012 c
233.0760093750000124 439.7991999999999848 l
233.4792093750000106 439.3672000000000253 l
234.0840093749999937 438.5896000000000186 l
234.717609374999995 437.9272000000000276 l
235.0344093749999956 437.5240000000000009 l
235.1496093750000114 437.3512000000000057 235.3224093750000065 437.322400000000016 235.466409375000012 437.322400000000016 c
235.6392093750000072 437.322400000000016 235.7832093750000126 437.4087999999999852 235.8696093750000102 437.5527999999999906 c
235.898409375 437.6392000000000166 235.898409375 437.6967999999999961 235.898409375 439.8279999999999745 c
235.898409375 440.3176000000000272 235.898409375 440.9223999999999819 235.898409375 441.6424000000000092 c
235.898409375 445.6456000000000017 l
236.6184093749999988 445.6456000000000017 l
237.2808093749999898 445.6456000000000017 237.309609375000008 445.6456000000000017 237.3960093750000055 445.6743999999999915 c
237.6264093750000086 445.7608000000000175 237.7416093749999959 445.9911999999999921 237.7416093749999959 446.2504000000000133 c
237.7416093749999959 446.3944000000000187 237.7128093750000062 446.5672000000000139 237.5976093749999905 446.6823999999999728 c
237.4248093749999953 446.8263999999999783 237.3960093750000055 446.8263999999999783 236.6184093749999988 446.8263999999999783 c
235.898409375 446.8263999999999783 l
235.898409375 447.3159999999999741 l
235.9272093749999897 448.7848000000000184 236.2152093750000006 449.3607999999999834 237.3384093749999977 449.9655999999999949 c
237.7416093749999959 450.1671999999999798 237.8280093749999935 450.2248000000000161 237.8280093749999935 450.512800000000027 c
237.8280093749999935 450.7144000000000119 237.7704093749999856 450.8007999999999811 237.6264093750000086 450.9159999999999968 c
237.540009375000011 450.9447999999999865 l
233.5944093749999979 450.9447999999999865 l
229.677609375000003 450.9447999999999865 l
229.5912093750000054 450.9159999999999968 l
229.4184093750000102 450.8007999999999811 229.389609374999992 450.7144000000000119 229.389609374999992 450.512800000000027 c
229.389609374999992 450.2248000000000161 229.4184093750000102 450.1671999999999798 229.8504093749999981 449.9655999999999949 c
230.9736093749999952 449.3607999999999834 231.2616093750000061 448.7848000000000184 231.2616093750000061 447.3159999999999741 c
231.2616093750000061 446.8263999999999783 l
227.9496093749999943 446.8263999999999783 l
227.3448093750000112 446.8840000000000146 226.8552093749999869 446.8840000000000146 226.4520093749999887 446.8840000000000146 c
224.6376093750000109 446.8840000000000146 224.6088093749999928 446.8263999999999783 224.580009375000003 446.8263999999999783 c
224.4072093750000079 446.7687999999999988 224.349609375 446.5960000000000036 224.349609375 446.3944000000000187 c
224.349609375 446.3944000000000187 224.349609375 446.3944000000000187 224.349609375 446.3944000000000187 c
224.349609375 446.192799999999977 224.349609375 446.192799999999977 224.9256093749999934 445.530399999999986 c
227.3448093750000112 442.5928000000000111 229.0440093750000017 438.3303999999999974 229.0440093750000017 434.9320000000000164 c
229.0440093750000017 434.413599999999974 229.1304093749999993 434.2407999999999788 229.3608093750000023 434.1544000000000096 c
231.088809375000011 452.5287999999999897 m
231.1176093750000007 452.5287999999999897 l
231.0312093750000031 452.5287999999999897 l
231.088809375000011 452.5287999999999897 l
231.088809375000011 433.1175999999999817 m
231.1176093750000007 433.1175999999999817 l
231.0312093750000031 433.1175999999999817 l
231.088809375000011 433.1175999999999817 l
f
Q
Q
q
q
q
q
1.5 w
0. G
[] 0. d
1. 0. 0. 1. 0. 0. cm
261.0962493750000135 437.5 m
261.0962493750000135 402.5 l
S
Q
Q
q
q
0. g
0.3 w
[] 0. d
1. 0. 0. 1. 0. 0. cm
249.8280093749999935 437.5 m
257.1849693749999801 432.2771200000000249 m
257.2972893749999912 432.2771200000000249 257.4657693749999794 432.2771200000000249 257.4938493749999679 432.2771200000000249 c
257.4938493749999679 432.2771200000000249 257.5219293750000134 432.2771200000000249 257.5219293750000134 432.2771200000000249 c
257.5219293750000134 432.2771200000000249 257.6904093750000015 432.2771200000000249 257.8308093750000012 432.2771200000000249 c
260.3580093749999946 432.4175200000000245 261.8462493750000135 434.0742399999999748 261.8462493750000135 436.1521599999999808 c
261.8462493750000135 437.1630400000000236 261.5092893749999803 438.3143200000000093 260.6668893749999825 439.4094400000000178 c
259.0663293750000093 441.5715999999999894 256.4548893749999934 442.7509600000000205 254.1804093749999822 442.7509600000000205 c
252.4113693749999925 442.7509600000000205 250.895049374999985 442.0489600000000223 250.1649693749999983 440.6168799999999806 c
249.9403293750000046 440.055279999999982 249.8280093749999935 439.521759999999972 249.8280093749999935 438.9320799999999849 c
249.8280093749999935 435.8713599999999815 253.2537693749999903 432.4736800000000017 257.1849693749999801 432.2771200000000249 c
f
Q
Q
Q
Q
q
q
q
q
1.5 w
0. G
[] 0. d
1. 0. 0. 1. 0. 0. cm
303.4766493749999654 437.5 m
303.4766493749999654 402.5 l
S
Q
Q
q
q
0. g
0.3 w
[] 0. d
1. 0. 0. 1. 0. 0. cm
292.2084093749999738 437.5 m
299.5653693749999888 432.2771200000000249 m
299.6776893749999999 432.2771200000000249 299.8461693749999881 432.2771200000000249 299.8742493749999767 432.2771200000000249 c
299.8742493749999767 432.2771200000000249 299.9023293749999652 432.2771200000000249 299.9023293749999652 432.2771200000000249 c
299.9023293749999652 432.2771200000000249 300.0708093749999534 432.2771200000000249 300.2112093749999531 432.2771200000000249 c
302.7384093749999465 432.4175200000000245 304.2266493749999654 434.0742399999999748 304.2266493749999654 436.1521599999999808 c
304.2266493749999654 437.1630400000000236 303.889689374999989 438.3143200000000093 303.0472893749999912 439.4094400000000178 c
301.4467293749999612 441.5715999999999894 298.8352893750000021 442.7509600000000205 296.5608093749999625 442.7509600000000205 c
294.7917693750000012 442.7509600000000205 293.2754493749999938 442.0489600000000223 292.5453693749999502 440.6168799999999806 c
292.3207293749999849 440.055279999999982 292.2084093749999738 439.521759999999972 292.2084093749999738 438.9320799999999849 c
292.2084093749999738 435.8713599999999815 295.634169374999999 432.4736800000000017 299.5653693749999888 432.2771200000000249 c
f
Q
Q
Q
Q
q
q
q
q
1.5 w
0. G
[] 0. d
1. 0. 0. 1. 0. 0. cm
345.8570493749999741 452.5 m
345.8570493749999741 417.5 l
S
Q
Q
q
q
0. g
0.3 w
[] 0. d
1. 0. 0. 1. 0. 0. cm
334.5888093749999825 452.5 m
341.9457693749999976 447.2771200000000249 m
342.0580893750000087 447.2771200000000249 342.2265693749999969 447.2771200000000249 342.2546493749999854 447.2771200000000249 c
342.2546493749999854 447.2771200000000249 342.282729374999974 447.2771200000000249 342.282729374999974 447.2771200000000249 c
342.282729374999974 447.2771200000000249 342.4512093749999622 447.2771200000000249 342.5916093749999618 447.2771200000000249 c
345.1188093749999553 447.4175200000000245 346.6070493749999741 449.0742399999999748 346.6070493749999741 451.1521599999999808 c
346.6070493749999741 452.1630400000000236 346.2700893749999977 453.3143200000000093 345.4276893749999999 454.4094400000000178 c
343.82712937499997 456.5715999999999894 341.2156893750000108 457.7509600000000205 338.9412093749999713 457.7509600000000205 c
337.1721693750000099 457.7509600000000205 335.6558493750000025 457.0489600000000223 334.9257693749999589 455.6168799999999806 c
334.7011293749999936 455.055279999999982 334.5888093749999825 454.521759999999972 334.5888093749999825 453.9320799999999849 c
334.5888093749999825 450.8713599999999815 338.0145693750000078 447.4736800000000017 341.9457693749999976 447.2771200000000249 c
f
Q
Q
Q
Q
q
q
q
q
1.5 w
0. G
[] 0. d
1. 0. 0. 1. 0. 0. cm
388.2374493749999829 437.5 m
388.2374493749999829 402.5 l
S
Q
Q
q
q
0. g
0.3 w
[] 0. d
1. 0. 0. 1. 0. 0. cm
376.9692093749999913 437.5 m
384.3261693750000063 432.2771200000000249 m
384.4384893750000174 432.2771200000000249 384.6069693750000056 432.2771200000000249 384.6350493749999941 432.2771200000000249 c
384.6350493749999941 432.2771200000000249 384.6631293749999827 432.2771200000000249 384.6631293749999827 432.2771200000000249 c
384.6631293749999827 432.2771200000000249 384.8316093749999709 432.2771200000000249 384.9720093749999705 432.2771200000000249 c
387.499209374999964 432.4175200000000245 388.9874493749999829 434.0742399999999748 388.9874493749999829 436.1521599999999808 c
388.9874493749999829 437.1630400000000236 388.6504893750000065 438.3143200000000093 387.8080893750000087 439.4094400000000178 c
386.2075293749999787 441.5715999999999894 383.5960893750000196 442.7509600000000205 381.32160937499998 442.7509600000000205 c
379.5525693750000187 442.7509600000000205 378.0362493750000112 442.0489600000000223 377.3061693749999677 440.6168799999999806 c
377.0815293750000023 440.055279999999982 376.9692093749999913 439.521759999999972 376.9692093749999913 438.9320799999999849 c
376.9692093749999913 435.8713599999999815 380.3949693750000165 432.4736800000000017 384.3261693750000063 432.2771200000000249 c
f
Q
Q
Q
Q
Q
q
q
0. g
0.3 w
0. G
[] 0. d
1. 0. 0. 1. 0. 0. cm
424.0348317749999296 163.5 m
425.0348317749999296 163.5 l
425.0348317749999296 453.5 l
424.0348317749999296 453.5 l
h
B
Q
Q
q
q
0. g
0.3 w
0. G
[] 0. d
1. 0. 0. 1. 0. 0. cm
178.349609375 163.5 m
179.349609375 163.5 l
179.349609375 453.5 l
178.349609375 453.5 l
h
B
Q
Q
q
q
0. G
[] 0. d
1. 0. 0. 1. 0. 0. cm
424.0348317749999296 412.5 m
587.7416541749998942 412.5 l
S
Q
q
0. G
[] 0. d
1. 0. 0. 1. 0. 0. cm
424.0348317749999296 422.5 m
587.7416541749998942 422.5 l
S
Q
q
0. G
[] 0. d
1. 0. 0. 1. 0. 0. cm
424.0348317749999296 432.5 m
587.7416541749998942 432.5 l
S
Q
q
0. G
[] 0. d
1. 0. 0. 1. 0. 0. cm
424.0348317749999296 442.5 m
587.7416541749998942 442.5 l
S
Q
q
0. G
[] 0. d
1. 0. 0. 1. 0. 0. cm
424.0348317749999296 452.5 m
587.7416541749998942 452.5 l
S
Q
q
0. g
0.3 w
0. G
[] 0. d
1. 0. 0. 1. 0. 0. cm
587.7416541749998942 412. m
588.7416541749998942 412. l
588.7416541749998942 453. l
587.7416541749998942 453. l
h
B
Q
q
q
q
q
1.5 w
0. G
[] 0. d
1. 0. 0. 1. 0. 0. cm
452.3030717749999212 437.5 m
452.3030717749999212 402.5 l
S
Q
Q
q
q
0. g
0.3 w
[] 0. d
1. 0. 0. 1. 0. 0. cm
441.0348317749999296 437.5 m
448.3917917749999447 432.2771200000000249 m
448.5041117749999557 432.2771200000000249 448.6725917749999439 432.2771200000000249 448.7006717749999325 432.2771200000000249 c
448.7006717749999325 432.2771200000000249 448.7287517749999211 432.2771200000000249 448.7287517749999211 432.2771200000000249 c
448.7287517749999211 432.2771200000000249 448.8972317749999092 432.2771200000000249 449.0376317749999089 432.2771200000000249 c
451.5648317749999023 432.4175200000000245 453.0530717749999212 434.0742399999999748 453.0530717749999212 436.1521599999999808 c
453.0530717749999212 437.1630400000000236 452.7161117749999448 438.3143200000000093 451.873711774999947 439.4094400000000178 c
450.2731517749999171 441.5715999999999894 447.6617117749999579 442.7509600000000205 445.3872317749999183 442.7509600000000205 c
443.618191774999957 442.7509600000000205 442.1018717749999496 442.0489600000000223 441.371791774999906 440.6168799999999806 c
441.1471517749999407 440.055279999999982 441.0348317749999296 439.521759999999972 441.0348317749999296 438.9320799999999849 c
441.0348317749999296 435.8713599999999815 444.4605917749999549 432.4736800000000017 448.3917917749999447 432.2771200000000249 c
f
Q
Q
Q
Q
q
q
q
q
1.5 w
0. G
[] 0. d
1. 0. 0. 1. 0. 0. cm
487.8030717749999212 437.5 m
487.8030717749999212 402.5 l
S
Q
Q
q
q
0. g
0.3 w
[] 0. d
1. 0. 0. 1. 0. 0. cm
476.5348317749999296 437.5 m
483.8917917749999447 432.2771200000000249 m
484.0041117749999557 432.2771200000000249 484.1725917749999439 432.2771200000000249 484.2006717749999325 432.2771200000000249 c
484.2006717749999325 432.2771200000000249 484.2287517749999211 432.2771200000000249 484.2287517749999211 432.2771200000000249 c
484.2287517749999211 432.2771200000000249 484.3972317749999092 432.2771200000000249 484.5376317749999089 432.2771200000000249 c
487.0648317749999023 432.4175200000000245 488.5530717749999212 434.0742399999999748 488.5530717749999212 436.1521599999999808 c
488.5530717749999212 437.1630400000000236 488.2161117749999448 438.3143200000000093 487.373711774999947 439.4094400000000178 c
485.7731517749999171 441.5715999999999894 483.1617117749999579 442.7509600000000205 480.8872317749999183 442.7509600000000205 c
479.118191774999957 442.7509600000000205 477.6018717749999496 442.0489600000000223 476.871791774999906 440.6168799999999806 c
476.6471517749999407 440.055279999999982 476.5348317749999296 439.521759999999972 476.5348317749999296 438.9320799999999849 c
476.5348317749999296 435.8713599999999815 479.9605917749999549 432.4736800000000017 483.8917917749999447 432.2771200000000249 c
f
Q
Q
Q
Q
q
q
q
q
1.5 w
0. G
[] 0. d
1. 0. 0. 1. 0. 0. cm
523.3030717749999212 452.5 m
523.3030717749999212 417.5 l
S
Q
Q
q
q
0. g
0.3 w
[] 0. d
1. 0. 0. 1. 0. 0. cm
512.0348317749999296 452.5 m
519.3917917749998878 447.2771200000000249 m
519.5041117749999557 447.2771200000000249 519.6725917749998871 447.2771200000000249 519.7006717749999325 447.2771200000000249 c
519.7006717749999325 447.2771200000000249 519.7287517749999779 447.2771200000000249 519.7287517749999779 447.2771200000000249 c
519.7287517749999779 447.2771200000000249 519.8972317749999092 447.2771200000000249 520.0376317749999089 447.2771200000000249 c
522.5648317749999023 447.4175200000000245 524.0530717749999212 449.0742399999999748 524.0530717749999212 451.1521599999999808 c
524.0530717749999212 452.1630400000000236 523.7161117749999448 453.3143200000000093 522.873711774999947 454.4094400000000178 c
521.2731517749999739 456.5715999999999894 518.6617117749999579 457.7509600000000205 516.3872317749999183 457.7509600000000205 c
514.6181917749999002 457.7509600000000205 513.1018717749999496 457.0489600000000223 512.371791774999906 455.6168799999999806 c
512.1471517749998839 455.055279999999982 512.0348317749999296 454.521759999999972 512.0348317749999296 453.9320799999999849 c
512.0348317749999296 450.8713599999999815 515.460591774999898 447.4736800000000017 519.3917917749998878 447.2771200000000249 c
f
Q
Q
Q
Q
q
q
q
q
1.5 w
0. G
[] 0. d
1. 0. 0. 1. 0. 0. cm
558.8030717749999212 437.5 m
558.8030717749999212 402.5 l
S
Q
Q
q
q
0. g
0.3 w
[] 0. d
1. 0. 0. 1. 0. 0. cm
547.5348317749999296 437.5 m
554.8917917749998878 432.2771200000000249 m
555.0041117749999557 432.2771200000000249 555.1725917749998871 432.2771200000000249 555.2006717749999325 432.2771200000000249 c
555.2006717749999325 432.2771200000000249 555.2287517749999779 432.2771200000000249 555.2287517749999779 432.2771200000000249 c
555.2287517749999779 432.2771200000000249 555.3972317749999092 432.2771200000000249 555.5376317749999089 432.2771200000000249 c
558.0648317749999023 432.4175200000000245 559.5530717749999212 434.0742399999999748 559.5530717749999212 436.1521599999999808 c
559.5530717749999212 437.1630400000000236 559.2161117749999448 438.3143200000000093 558.373711774999947 439.4094400000000178 c
556.7731517749999739 441.5715999999999894 554.1617117749999579 442.7509600000000205 551.8872317749999183 442.7509600000000205 c
550.1181917749999002 442.7509600000000205 548.6018717749999496 442.0489600000000223 547.871791774999906 440.6168799999999806 c
547.6471517749998839 440.055279999999982 547.5348317749999296 439.521759999999972 547.5348317749999296 438.9320799999999849 c
547.5348317749999296 435.8713599999999815 550.960591774999898 432.4736800000000017 554.8917917749998878 432.2771200000000249 c
f
Q
Q
Q
Q
Q
q
q
0. g
0.3 w
0. G
[] 0. d
1. 0. 0. 1. 0. 0. cm
587.7416541749998942 163.5 m
588.7416541749998942 163.5 l
588.7416541749998942 453.5 l
587.7416541749998942 453.5 l
h
B
Q
Q
Q
q
q
0.3 w
[] 0. d
q
BT
/F9 20 Tf
23. TL
0. g
1. 0. 0. -1. 50. 313.75 Tm
(Chœur SATB) Tj
ET
Q
Q
Q
q
q
0. g
0.3 w
[] 0. d
1. 0. 0. 1. 0. 0. cm
176.349609375 163.5 m
153.5496093749999886 221.5 189.5496093749999886 269.3500000000000227 164.349609375 308.5 c
189.5496093749999886 347.6499999999999773 153.5496093749999886 395.5 176.349609375 453.5 c
152.349609375 395.5 181.1496093750000114 347.6499999999999773 164.349609375 308.5 c
181.1496093750000114 269.3500000000000227 152.349609375 221.5 176.349609375 163.5 c
f
Q
q
0. G
[] 0. d
1. 0. 0. 1. 0. 0. cm
176.349609375 163.5 m
153.5496093749999886 221.5 189.5496093749999886 269.3500000000000227 164.349609375 308.5 c
189.5496093749999886 347.6499999999999773 153.5496093749999886 395.5 176.349609375 453.5 c
152.349609375 395.5 181.1496093750000114 347.6499999999999773 164.349609375 308.5 c
181.1496093750000114 269.3500000000000227 152.349609375 221.5 176.349609375 163.5 c
S
Q
Q
q
q
0.3 w
[] 0. d
q
BT
/F9 40 Tf
46. TL
0. g
1. 0. 0. -1. 417.5 82. Tm
(Exemple SATB) Tj
ET
Q
Q
Q
q
q
0.3 w
[] 0. d
q
BT
/F9 20 Tf
23. TL
0. g
1. 0. 0. -1. 986. 138.8000000000000114 Tm
(Démo) Tj
ET
Q
Q
Q
Q
Q
Q
Q
endstream
endobj
1 0 obj
<</Type /Pages
/Kids [3 0 R ]
/Count 1
>>
endobj
5 0 obj
<<
/Type /Font
/BaseFont /Helvetica
/Subtype /Type1
/Encoding /WinAnsiEncoding
/FirstChar 32
/LastChar 255
>>
endobj
6 0 obj
<<
/Type /Font
/BaseFont /Helvetica-Bold
/Subtype /Type1
/Encoding /WinAnsiEncoding
/FirstChar 32
/LastChar 255
>>
endobj
7 0 obj
<<
/Type /Font
/BaseFont /Helvetica-Oblique
/Subtype /Type1
/Encoding /WinAnsiEncoding
/FirstChar 32
/LastChar 255
>>
endobj
8 0 obj
<<
/Type /Font
/BaseFont /Helvetica-BoldOblique
/Subtype /Type1
/Encoding /WinAnsiEncoding
/FirstChar 32
/LastChar 255
>>
endobj
9 0 obj
<<
/Type /Font
/BaseFont /Courier
/Subtype /Type1
/Encoding /WinAnsiEncoding
/FirstChar 32
/LastChar 255
>>
endobj
10 0 obj
<<
/Type /Font
/BaseFont /Courier-Bold
/Subtype /Type1
/Encoding /WinAnsiEncoding
/FirstChar 32
/LastChar 255
>>
endobj
11 0 obj
<<
/Type /Font
/BaseFont /Courier-Oblique
/Subtype /Type1
/Encoding /WinAnsiEncoding
/FirstChar 32
/LastChar 255
>>
endobj
12 0 obj
<<
/Type /Font
/BaseFont /Courier-BoldOblique
/Subtype /Type1
/Encoding /WinAnsiEncoding
/FirstChar 32
/LastChar 255
>>
endobj
13 0 obj
<<
/Type /Font
/BaseFont /Times-Roman
/Subtype /Type1
/Encoding /WinAnsiEncoding
/FirstChar 32
/LastChar 255
>>
endobj
14 0 obj
<<
/Type /Font
/BaseFont /Times-Bold
/Subtype /Type1
/Encoding /WinAnsiEncoding
/FirstChar 32
/LastChar 255
>>
endobj
15 0 obj
<<
/Type /Font
/BaseFont /Times-Italic
/Subtype /Type1
/Encoding /WinAnsiEncoding
/FirstChar 32
/LastChar 255
>>
endobj
16 0 obj
<<
/Type /Font
/BaseFont /Times-BoldItalic
/Subtype /Type1
/Encoding /WinAnsiEncoding
/FirstChar 32
/LastChar 255
>>
endobj
17 0 obj
<<
/Type /Font
/BaseFont /ZapfDingbats
/Subtype /Type1
/FirstChar 32
/LastChar 255
>>
endobj
18 0 obj
<<
/Type /Font
/BaseFont /Symbol
/Subtype /Type1
/FirstChar 32
/LastChar 255
>>
endobj
2 0 obj
<<
/ProcSet [/PDF /Text /ImageB /ImageC /ImageI]
/Font <<
/F1 5 0 R
/F2 6 0 R
/F3 7 0 R
/F4 8 0 R
/F5 9 0 R
/F6 10 0 R
/F7 11 0 R
/F8 12 0 R
/F9 13 0 R
/F10 14 0 R
/F11 15 0 R
/F12 16 0 R
/F13 17 0 R
/F14 18 0 R
>>
/XObject <<
>>
>>
endobj
19 0 obj
<<
/Producer (jsPDF 2.5.2)
/CreationDate (D:20260716202049+02'00')
>>
endobj
20 0 obj
<<
/Type /Catalog
/Pages 1 0 R
/OpenAction [3 0 R /FitH null]
/PageLayout /OneColumn
>>
endobj
xref
0 21
0000000000 65535 f 
0000137853 00000 n 
0000139670 00000 n 
0000000015 00000 n 
0000000122 00000 n 
0000137910 00000 n 
0000138035 00000 n 
0000138165 00000 n 
0000138298 00000 n 
0000138435 00000 n 
0000138558 00000 n 
0000138687 00000 n 
0000138819 00000 n 
0000138955 00000 n 
0000139083 00000 n 
0000139210 00000 n 
0000139339 00000 n 
0000139472 00000 n 
0000139574 00000 n 
0000139918 00000 n 
0000140004 00000 n 
trailer
<<
/Size 21
/Root 20 0 R
/Info 19 0 R
/ID [ <1795FF5DD41D10259C1C4DACC7E142F4> <1795FF5DD41D10259C1C4DACC7E142F4> ]
>>
startxref
140108
%%EOF